[     743ms] [INFO] %cDownload the React DevTools for a better development experience: https://react.dev/link/react-devtools font-weight:bold @ http://localhost:3000/_next/static/chunks/node_modules_next_dist_05y3oi5z9mc_3._.js:719
[     768ms] [LOG] [HMR] connected @ http://localhost:3000/_next/static/chunks/node_modules_next_dist_05y3oi5z9mc_3._.js:719
[    8937ms] [ERROR] Failed to load resource: the server responded with a status of 403 (Forbidden) @ http://localhost:3000/api/admin/stats:0
[  476582ms] [ERROR] WebSocket connection to 'ws://localhost:3000/_next/hmr?id=9Q0AgTltfVsdBdLfjbkuk' failed: Error in connection establishment: net::ERR_CONNECTION_REFUSED @ http://localhost:3000/_next/static/chunks/node_modules_next_dist_client_1wygxxh5rwq0t._.js:16225
[  477586ms] [ERROR] WebSocket connection to 'ws://localhost:3000/_next/hmr?id=9Q0AgTltfVsdBdLfjbkuk' failed: Error in connection establishment: net::ERR_CONNECTION_REFUSED @ http://localhost:3000/_next/static/chunks/node_modules_next_dist_client_1wygxxh5rwq0t._.js:16225
[  478604ms] [LOG] [HMR] connected @ http://localhost:3000/_next/static/chunks/node_modules_next_dist_05y3oi5z9mc_3._.js:719
[  482682ms] [INFO] %cDownload the React DevTools for a better development experience: https://react.dev/link/react-devtools font-weight:bold @ http://localhost:3000/_next/static/chunks/node_modules_next_dist_05y3oi5z9mc_3._.js:719
[  482720ms] [LOG] [HMR] connected @ http://localhost:3000/_next/static/chunks/node_modules_next_dist_05y3oi5z9mc_3._.js:719
[  612336ms] [LOG] [Fast Refresh] rebuilding @ http://localhost:3000/_next/static/chunks/node_modules_next_dist_05y3oi5z9mc_3._.js:719
[  612610ms] [ERROR] ./src/features/subscription/components/DashboardView.tsx:11:1
Error: Module not found: Can't resolve '../format'
   9 | import type { Workspace } from "../dal";
  10 | import type { SubscriptionStatus } from "@/generated/prisma/enums";
> 11 | import { formatDate, formatRupiah } from "../format";
     | ^^^^^^^^^^^^^^^^^^^^^^^^^^^^^^^^^^^^^^^^^^^^^^^^^^^^^
  12 | import { useCreateSubscription } from "../hooks/use-subscriptions";
  13 | import { useRenewSubscription } from "../hooks/use-renew-subscription";
  14 | import type {

Import traces:
  Client Component Browser:
    ./src/features/subscription/components/DashboardView.tsx [Client Component Browser]
    ./src/features/subscription/components/DashboardShell.tsx [Client Component Browser]
    ./src/features/subscription/components/DashboardShell.tsx [Server Component]
    ./src/features/subscription/pages/DashboardPage.tsx [Server Component]
    ./src/app/dashboard/page.tsx [Server Component]

  Client Component SSR:
    ./src/features/subscription/components/DashboardView.tsx [Client Component SSR]
    ./src/features/subscription/components/DashboardShell.tsx [Client Component SSR]
    ./src/features/subscription/components/DashboardShell.tsx [Server Component]
    ./src/features/subscription/pages/DashboardPage.tsx [Server Component]
    ./src/app/dashboard/page.tsx [Server Component]

https://nextjs.org/docs/messages/module-not-found @ http://localhost:3000/_next/static/chunks/node_modules_next_dist_05y3oi5z9mc_3._.js:995
[  612613ms] [ERROR] ./src/features/subscription/components/PaymentDetailCard.tsx:10:1
Error: Module not found: Can't resolve '../format'
   8 | import { Spinner } from "@/components/ui/spinner";
   9 | import { cn } from "@/lib/utils";
> 10 | import {
     | ^^^^^^^
> 11 |   formatDate,
     | ^^^^^^^^^^^^^
> 12 |   formatDateTime,
     | ^^^^^^^^^^^^^^^^^
> 13 |   formatDuration,
     | ^^^^^^^^^^^^^^^^^
> 14 |   formatRupiah,
     | ^^^^^^^^^^^^^^^
> 15 |   PAYMENT_STATUS_LABEL,
     | ^^^^^^^^^^^^^^^^^^^^^^^
> 16 |   SUBSCRIPTION_STATUS_LABEL,
     | ^^^^^^^^^^^^^^^^^^^^^^^^^^^^
> 17 | } from "../format";
     | ^^^^^^^^^^^^^^^^^^^
  18 | import {
  19 |   useApprovePayment,
  20 |   useRejectPayment,

Import traces:
  Client Component Browser:
    ./src/features/subscription/components/PaymentDetailCard.tsx [Client Component Browser]
    ./src/features/subscription/components/DashboardView.tsx [Client Component Browser]
    ./src/features/subscription/components/DashboardShell.tsx [Client Component Browser]
    ./src/features/subscription/components/DashboardShell.tsx [Server Component]
    ./src/features/subscription/pages/DashboardPage.tsx [Server Component]
    ./src/app/dashboard/page.tsx [Server Component]

  Client Component SSR:
    ./src/features/subscription/components/PaymentDetailCard.tsx [Client Component SSR]
    ./src/features/subscription/components/DashboardView.tsx [Client Component SSR]
    ./src/features/subscription/components/DashboardShell.tsx [Client Component SSR]
    ./src/features/subscription/components/DashboardShell.tsx [Server Component]
    ./src/features/subscription/pages/DashboardPage.tsx [Server Component]
    ./src/app/dashboard/page.tsx [Server Component]

https://nextjs.org/docs/messages/module-not-found @ http://localhost:3000/_next/static/chunks/node_modules_next_dist_05y3oi5z9mc_3._.js:995
[  612614ms] [ERROR] ./src/features/subscription/components/PaymentProofForm.tsx:10:1
Error: Module not found: Can't resolve '../format'
   8 | import { Spinner } from "@/components/ui/spinner";
   9 | import type { SubscriptionDTO } from "../types";
> 10 | import { PROOF_ACCEPT, PROOF_MAX_BYTES, formatRupiah } from "../format";
     | ^^^^^^^^^^^^^^^^^^^^^^^^^^^^^^^^^^^^^^^^^^^^^^^^^^^^^^^^^^^^^^^^^^^^^^^^
  11 | import { useSubmitPaymentProof } from "../hooks/use-submit-payment-proof";
  12 | import { PaymentStatusBadge, SubscriptionStatusBadge } from "./StatusBadge";
  13 |

Import traces:
  Client Component Browser:
    ./src/features/subscription/components/PaymentProofForm.tsx [Client Component Browser]
    ./src/features/subscription/components/SubscriptionCard.tsx [Client Component Browser]
    ./src/features/subscription/components/DashboardView.tsx [Client Component Browser]
    ./src/features/subscription/components/DashboardShell.tsx [Client Component Browser]
    ./src/features/subscription/components/DashboardShell.tsx [Server Component]
    ./src/features/subscription/pages/DashboardPage.tsx [Server Component]
    ./src/app/dashboard/page.tsx [Server Component]

  Client Component SSR:
    ./src/features/subscription/components/PaymentProofForm.tsx [Client Component SSR]
    ./src/features/subscription/components/SubscriptionCard.tsx [Client Component SSR]
    ./src/features/subscription/components/DashboardView.tsx [Client Component SSR]
    ./src/features/subscription/components/DashboardShell.tsx [Client Component SSR]
    ./src/features/subscription/components/DashboardShell.tsx [Server Component]
    ./src/features/subscription/pages/DashboardPage.tsx [Server Component]
    ./src/app/dashboard/page.tsx [Server Component]

https://nextjs.org/docs/messages/module-not-found @ http://localhost:3000/_next/static/chunks/node_modules_next_dist_05y3oi5z9mc_3._.js:995
[  612614ms] [ERROR] ./src/features/subscription/components/PlanCard.tsx:6:1
Error: Module not found: Can't resolve '../format'
  4 | import { Spinner } from "@/components/ui/spinner";
  5 | import type { SubscriptionStatus } from "@/generated/prisma/enums";
> 6 | import { formatDuration, formatRupiah } from "../format";
    | ^^^^^^^^^^^^^^^^^^^^^^^^^^^^^^^^^^^^^^^^^^^^^^^^^^^^^^^^^
  7 | import type { PlanDTO } from "../types";
  8 | import { SubscriptionStatusBadge } from "./StatusBadge";
  9 |

Import traces:
  Client Component Browser:
    ./src/features/subscription/components/PlanCard.tsx [Client Component Browser]
    ./src/features/subscription/components/DashboardView.tsx [Client Component Browser]
    ./src/features/subscription/components/DashboardShell.tsx [Client Component Browser]
    ./src/features/subscription/components/DashboardShell.tsx [Server Component]
    ./src/features/subscription/pages/DashboardPage.tsx [Server Component]
    ./src/app/dashboard/page.tsx [Server Component]

  Client Component SSR:
    ./src/features/subscription/components/PlanCard.tsx [Client Component SSR]
    ./src/features/subscription/components/DashboardView.tsx [Client Component SSR]
    ./src/features/subscription/components/DashboardShell.tsx [Client Component SSR]
    ./src/features/subscription/components/DashboardShell.tsx [Server Component]
    ./src/features/subscription/pages/DashboardPage.tsx [Server Component]
    ./src/app/dashboard/page.tsx [Server Component]

https://nextjs.org/docs/messages/module-not-found @ http://localhost:3000/_next/static/chunks/node_modules_next_dist_05y3oi5z9mc_3._.js:995
[  612615ms] [ERROR] ./src/features/subscription/components/StatusBadge.tsx:5:1
Error: Module not found: Can't resolve '../format'
   3 | import { Badge } from "@/components/ui/badge";
   4 | import { cn } from "@/lib/utils";
>  5 | import {
     | ^^^^^^^
>  6 |   PAYMENT_STATUS_LABEL,
     | ^^^^^^^^^^^^^^^^^^^^^^^
>  7 |   SUBSCRIPTION_STATUS_LABEL,
     | ^^^^^^^^^^^^^^^^^^^^^^^^^^^^
>  8 | } from "../format";
     | ^^^^^^^^^^^^^^^^^^^
   9 |
  10 | /** Warm palette tones, one per lifecycle status, matching the auth surface. */
  11 | const subscriptionTone: Record<SubscriptionStatus, string> = {

Import traces:
  Client Component Browser:
    ./src/features/subscription/components/StatusBadge.tsx [Client Component Browser]
    ./src/features/subscription/components/PlanCard.tsx [Client Component Browser]
    ./src/features/subscription/components/DashboardView.tsx [Client Component Browser]
    ./src/features/subscription/components/DashboardShell.tsx [Client Component Browser]
    ./src/features/subscription/components/DashboardShell.tsx [Server Component]
    ./src/features/subscription/pages/DashboardPage.tsx [Server Component]
    ./src/app/dashboard/page.tsx [Server Component]

  Client Component SSR:
    ./src/features/subscription/components/StatusBadge.tsx [Client Component SSR]
    ./src/features/subscription/components/PlanCard.tsx [Client Component SSR]
    ./src/features/subscription/components/DashboardView.tsx [Client Component SSR]
    ./src/features/subscription/components/DashboardShell.tsx [Client Component SSR]
    ./src/features/subscription/components/DashboardShell.tsx [Server Component]
    ./src/features/subscription/pages/DashboardPage.tsx [Server Component]
    ./src/app/dashboard/page.tsx [Server Component]

https://nextjs.org/docs/messages/module-not-found @ http://localhost:3000/_next/static/chunks/node_modules_next_dist_05y3oi5z9mc_3._.js:995
[  612615ms] [ERROR] ./src/features/subscription/components/SubscriptionCard.tsx:5:1
Error: Module not found: Can't resolve '../format'
   3 | import { Button } from "@/components/ui/button";
   4 | import type { SubscriptionStatus } from "@/generated/prisma/enums";
>  5 | import {
     | ^^^^^^^
>  6 |   formatDate,
     | ^^^^^^^^^^^^^
>  7 |   formatDuration,
     | ^^^^^^^^^^^^^^^^^
>  8 |   formatRupiah,
     | ^^^^^^^^^^^^^^^
>  9 |   PAYMENT_STATUS_LABEL,
     | ^^^^^^^^^^^^^^^^^^^^^^^
> 10 |   SUBSCRIPTION_STATUS_LABEL,
     | ^^^^^^^^^^^^^^^^^^^^^^^^^^^^
> 11 | } from "../format";
     | ^^^^^^^^^^^^^^^^^^^
  12 | import { useRenewSubscription } from "../hooks/use-renew-subscription";
  13 | import type { SubscriptionDTO } from "../types";
  14 | import { PaymentProofForm } from "./PaymentProofForm";

Import traces:
  Client Component Browser:
    ./src/features/subscription/components/SubscriptionCard.tsx [Client Component Browser]
    ./src/features/subscription/components/DashboardView.tsx [Client Component Browser]
    ./src/features/subscription/components/DashboardShell.tsx [Client Component Browser]
    ./src/features/subscription/components/DashboardShell.tsx [Server Component]
    ./src/features/subscription/pages/DashboardPage.tsx [Server Component]
    ./src/app/dashboard/page.tsx [Server Component]

  Client Component SSR:
    ./src/features/subscription/components/SubscriptionCard.tsx [Client Component SSR]
    ./src/features/subscription/components/DashboardView.tsx [Client Component SSR]
    ./src/features/subscription/components/DashboardShell.tsx [Client Component SSR]
    ./src/features/subscription/components/DashboardShell.tsx [Server Component]
    ./src/features/subscription/pages/DashboardPage.tsx [Server Component]
    ./src/app/dashboard/page.tsx [Server Component]

https://nextjs.org/docs/messages/module-not-found @ http://localhost:3000/_next/static/chunks/node_modules_next_dist_05y3oi5z9mc_3._.js:995
[  612615ms] [ERROR] ./src/features/subscription/dal.ts:6:1
Error: Module not found: Can't resolve './http'
  4 | } from "@/generated/prisma/enums";
  5 | import { prisma } from "@/lib/prisma";
> 6 | import { SubscriptionError } from "./http";
    | ^^^^^^^^^^^^^^^^^^^^^^^^^^^^^^^^^^^^^^^^^^^
  7 | import { computePeriod } from "./period";
  8 | import {
  9 |   adminPaymentInclude,

Import trace:
  Server Component:
    ./src/features/subscription/dal.ts
    ./src/features/subscription/pages/DashboardPage.tsx
    ./src/app/dashboard/page.tsx

https://nextjs.org/docs/messages/module-not-found @ http://localhost:3000/_next/static/chunks/node_modules_next_dist_05y3oi5z9mc_3._.js:995
[  612615ms] [ERROR] ./src/features/subscription/dal.ts:7:1
Error: Module not found: Can't resolve './period'
   5 | import { prisma } from "@/lib/prisma";
   6 | import { SubscriptionError } from "./http";
>  7 | import { computePeriod } from "./period";
     | ^^^^^^^^^^^^^^^^^^^^^^^^^^^^^^^^^^^^^^^^^
   8 | import {
   9 |   adminPaymentInclude,
  10 |   serializeAdminPayment,

Import trace:
  Server Component:
    ./src/features/subscription/dal.ts
    ./src/features/subscription/pages/DashboardPage.tsx
    ./src/app/dashboard/page.tsx

https://nextjs.org/docs/messages/module-not-found @ http://localhost:3000/_next/static/chunks/node_modules_next_dist_05y3oi5z9mc_3._.js:995
[  612616ms] [ERROR] ./src/components/app-sidebar.tsx:8:1
Error: Module not found: Can't resolve '@/features/subscription/navigation'
   6 |
   7 | import { LogoutButton } from "@/components/logout-button";
>  8 | import { navEntriesFor } from "@/features/subscription/navigation";
     | ^^^^^^^^^^^^^^^^^^^^^^^^^^^^^^^^^^^^^^^^^^^^^^^^^^^^^^^^^^^^^^^^^^^
   9 | import type { WorkspaceView } from "@/features/subscription/types";
  10 | import { cn } from "@/lib/utils";
  11 |

Import map: aliased to relative './src/features/subscription/navigation' inside of [project]/

Import traces:
  Client Component Browser:
    ./src/components/app-sidebar.tsx [Client Component Browser]
    ./src/features/subscription/components/DashboardShell.tsx [Client Component Browser]
    ./src/features/subscription/components/DashboardShell.tsx [Server Component]
    ./src/features/subscription/pages/DashboardPage.tsx [Server Component]
    ./src/app/dashboard/page.tsx [Server Component]

  Client Component SSR:
    ./src/components/app-sidebar.tsx [Client Component SSR]
    ./src/features/subscription/components/DashboardShell.tsx [Client Component SSR]
    ./src/features/subscription/components/DashboardShell.tsx [Server Component]
    ./src/features/subscription/pages/DashboardPage.tsx [Server Component]
    ./src/app/dashboard/page.tsx [Server Component]

https://nextjs.org/docs/messages/module-not-found @ http://localhost:3000/_next/static/chunks/node_modules_next_dist_05y3oi5z9mc_3._.js:995
[  612616ms] [ERROR] ./src/app/api/admin/stats/route.ts:4:1
Error: Module not found: Can't resolve '@/features/subscription/http'
  2 |
  3 | import { getPlatformStats } from "@/features/subscription/dal";
> 4 | import { errorResponse, requireApiAdmin } from "@/features/subscription/http";
    | ^^^^^^^^^^^^^^^^^^^^^^^^^^^^^^^^^^^^^^^^^^^^^^^^^^^^^^^^^^^^^^^^^^^^^^^^^^^^^^
  5 |
  6 | /**
  7 |  * PRD §11: the two counters the admin summary shows. The dashboard reads them

Import map: aliased to relative './src/features/subscription/http' inside of [project]/

https://nextjs.org/docs/messages/module-not-found @ http://localhost:3000/_next/static/chunks/node_modules_next_dist_05y3oi5z9mc_3._.js:995
[  613156ms] [ERROR] ./src/features/subscription/components/DashboardView.tsx:11:1
Error: Module not found: Can't resolve '../format'
   9 | import type { Workspace } from "../dal";
  10 | import type { SubscriptionStatus } from "@/generated/prisma/enums";
> 11 | import { formatDate, formatRupiah } from "../format";
     | ^^^^^^^^^^^^^^^^^^^^^^^^^^^^^^^^^^^^^^^^^^^^^^^^^^^^^
  12 | import { useCreateSubscription } from "../hooks/use-subscriptions";
  13 | import { useRenewSubscription } from "../hooks/use-renew-subscription";
  14 | import type {

Import traces:
  Client Component Browser:
    ./src/features/subscription/components/DashboardView.tsx [Client Component Browser]
    ./src/features/subscription/components/DashboardShell.tsx [Client Component Browser]
    ./src/features/subscription/components/DashboardShell.tsx [Server Component]
    ./src/features/subscription/pages/DashboardPage.tsx [Server Component]
    ./src/app/dashboard/page.tsx [Server Component]

  Client Component SSR:
    ./src/features/subscription/components/DashboardView.tsx [Client Component SSR]
    ./src/features/subscription/components/DashboardShell.tsx [Client Component SSR]
    ./src/features/subscription/components/DashboardShell.tsx [Server Component]
    ./src/features/subscription/pages/DashboardPage.tsx [Server Component]
    ./src/app/dashboard/page.tsx [Server Component]

https://nextjs.org/docs/messages/module-not-found @ http://localhost:3000/_next/static/chunks/node_modules_next_dist_05y3oi5z9mc_3._.js:995
[  613163ms] [ERROR] ./src/features/subscription/components/PaymentDetailCard.tsx:10:1
Error: Module not found: Can't resolve '../format'
   8 | import { Spinner } from "@/components/ui/spinner";
   9 | import { cn } from "@/lib/utils";
> 10 | import {
     | ^^^^^^^
> 11 |   formatDate,
     | ^^^^^^^^^^^^^
> 12 |   formatDateTime,
     | ^^^^^^^^^^^^^^^^^
> 13 |   formatDuration,
     | ^^^^^^^^^^^^^^^^^
> 14 |   formatRupiah,
     | ^^^^^^^^^^^^^^^
> 15 |   PAYMENT_STATUS_LABEL,
     | ^^^^^^^^^^^^^^^^^^^^^^^
> 16 |   SUBSCRIPTION_STATUS_LABEL,
     | ^^^^^^^^^^^^^^^^^^^^^^^^^^^^
> 17 | } from "../format";
     | ^^^^^^^^^^^^^^^^^^^
  18 | import {
  19 |   useApprovePayment,
  20 |   useRejectPayment,

Import traces:
  Client Component Browser:
    ./src/features/subscription/components/PaymentDetailCard.tsx [Client Component Browser]
    ./src/features/subscription/components/DashboardView.tsx [Client Component Browser]
    ./src/features/subscription/components/DashboardShell.tsx [Client Component Browser]
    ./src/features/subscription/components/DashboardShell.tsx [Server Component]
    ./src/features/subscription/pages/DashboardPage.tsx [Server Component]
    ./src/app/dashboard/page.tsx [Server Component]

  Client Component SSR:
    ./src/features/subscription/components/PaymentDetailCard.tsx [Client Component SSR]
    ./src/features/subscription/components/DashboardView.tsx [Client Component SSR]
    ./src/features/subscription/components/DashboardShell.tsx [Client Component SSR]
    ./src/features/subscription/components/DashboardShell.tsx [Server Component]
    ./src/features/subscription/pages/DashboardPage.tsx [Server Component]
    ./src/app/dashboard/page.tsx [Server Component]

https://nextjs.org/docs/messages/module-not-found @ http://localhost:3000/_next/static/chunks/node_modules_next_dist_05y3oi5z9mc_3._.js:995
[  613164ms] [ERROR] ./src/features/subscription/components/PaymentProofForm.tsx:10:1
Error: Module not found: Can't resolve '../format'
   8 | import { Spinner } from "@/components/ui/spinner";
   9 | import type { SubscriptionDTO } from "../types";
> 10 | import { PROOF_ACCEPT, PROOF_MAX_BYTES, formatRupiah } from "../format";
     | ^^^^^^^^^^^^^^^^^^^^^^^^^^^^^^^^^^^^^^^^^^^^^^^^^^^^^^^^^^^^^^^^^^^^^^^^
  11 | import { useSubmitPaymentProof } from "../hooks/use-submit-payment-proof";
  12 | import { PaymentStatusBadge, SubscriptionStatusBadge } from "./StatusBadge";
  13 |

Import traces:
  Client Component Browser:
    ./src/features/subscription/components/PaymentProofForm.tsx [Client Component Browser]
    ./src/features/subscription/components/SubscriptionCard.tsx [Client Component Browser]
    ./src/features/subscription/components/DashboardView.tsx [Client Component Browser]
    ./src/features/subscription/components/DashboardShell.tsx [Client Component Browser]
    ./src/features/subscription/components/DashboardShell.tsx [Server Component]
    ./src/features/subscription/pages/DashboardPage.tsx [Server Component]
    ./src/app/dashboard/page.tsx [Server Component]

  Client Component SSR:
    ./src/features/subscription/components/PaymentProofForm.tsx [Client Component SSR]
    ./src/features/subscription/components/SubscriptionCard.tsx [Client Component SSR]
    ./src/features/subscription/components/DashboardView.tsx [Client Component SSR]
    ./src/features/subscription/components/DashboardShell.tsx [Client Component SSR]
    ./src/features/subscription/components/DashboardShell.tsx [Server Component]
    ./src/features/subscription/pages/DashboardPage.tsx [Server Component]
    ./src/app/dashboard/page.tsx [Server Component]

https://nextjs.org/docs/messages/module-not-found @ http://localhost:3000/_next/static/chunks/node_modules_next_dist_05y3oi5z9mc_3._.js:995
[  613164ms] [ERROR] ./src/features/subscription/components/PlanCard.tsx:6:1
Error: Module not found: Can't resolve '../format'
  4 | import { Spinner } from "@/components/ui/spinner";
  5 | import type { SubscriptionStatus } from "@/generated/prisma/enums";
> 6 | import { formatDuration, formatRupiah } from "../format";
    | ^^^^^^^^^^^^^^^^^^^^^^^^^^^^^^^^^^^^^^^^^^^^^^^^^^^^^^^^^
  7 | import type { PlanDTO } from "../types";
  8 | import { SubscriptionStatusBadge } from "./StatusBadge";
  9 |

Import traces:
  Client Component Browser:
    ./src/features/subscription/components/PlanCard.tsx [Client Component Browser]
    ./src/features/subscription/components/DashboardView.tsx [Client Component Browser]
    ./src/features/subscription/components/DashboardShell.tsx [Client Component Browser]
    ./src/features/subscription/components/DashboardShell.tsx [Server Component]
    ./src/features/subscription/pages/DashboardPage.tsx [Server Component]
    ./src/app/dashboard/page.tsx [Server Component]

  Client Component SSR:
    ./src/features/subscription/components/PlanCard.tsx [Client Component SSR]
    ./src/features/subscription/components/DashboardView.tsx [Client Component SSR]
    ./src/features/subscription/components/DashboardShell.tsx [Client Component SSR]
    ./src/features/subscription/components/DashboardShell.tsx [Server Component]
    ./src/features/subscription/pages/DashboardPage.tsx [Server Component]
    ./src/app/dashboard/page.tsx [Server Component]

https://nextjs.org/docs/messages/module-not-found @ http://localhost:3000/_next/static/chunks/node_modules_next_dist_05y3oi5z9mc_3._.js:995
[  613165ms] [ERROR] ./src/features/subscription/components/StatusBadge.tsx:5:1
Error: Module not found: Can't resolve '../format'
   3 | import { Badge } from "@/components/ui/badge";
   4 | import { cn } from "@/lib/utils";
>  5 | import {
     | ^^^^^^^
>  6 |   PAYMENT_STATUS_LABEL,
     | ^^^^^^^^^^^^^^^^^^^^^^^
>  7 |   SUBSCRIPTION_STATUS_LABEL,
     | ^^^^^^^^^^^^^^^^^^^^^^^^^^^^
>  8 | } from "../format";
     | ^^^^^^^^^^^^^^^^^^^
   9 |
  10 | /** Warm palette tones, one per lifecycle status, matching the auth surface. */
  11 | const subscriptionTone: Record<SubscriptionStatus, string> = {

Import traces:
  Client Component Browser:
    ./src/features/subscription/components/StatusBadge.tsx [Client Component Browser]
    ./src/features/subscription/components/PlanCard.tsx [Client Component Browser]
    ./src/features/subscription/components/DashboardView.tsx [Client Component Browser]
    ./src/features/subscription/components/DashboardShell.tsx [Client Component Browser]
    ./src/features/subscription/components/DashboardShell.tsx [Server Component]
    ./src/features/subscription/pages/DashboardPage.tsx [Server Component]
    ./src/app/dashboard/page.tsx [Server Component]

  Client Component SSR:
    ./src/features/subscription/components/StatusBadge.tsx [Client Component SSR]
    ./src/features/subscription/components/PlanCard.tsx [Client Component SSR]
    ./src/features/subscription/components/DashboardView.tsx [Client Component SSR]
    ./src/features/subscription/components/DashboardShell.tsx [Client Component SSR]
    ./src/features/subscription/components/DashboardShell.tsx [Server Component]
    ./src/features/subscription/pages/DashboardPage.tsx [Server Component]
    ./src/app/dashboard/page.tsx [Server Component]

https://nextjs.org/docs/messages/module-not-found @ http://localhost:3000/_next/static/chunks/node_modules_next_dist_05y3oi5z9mc_3._.js:995
[  613165ms] [ERROR] ./src/features/subscription/components/SubscriptionCard.tsx:5:1
Error: Module not found: Can't resolve '../format'
   3 | import { Button } from "@/components/ui/button";
   4 | import type { SubscriptionStatus } from "@/generated/prisma/enums";
>  5 | import {
     | ^^^^^^^
>  6 |   formatDate,
     | ^^^^^^^^^^^^^
>  7 |   formatDuration,
     | ^^^^^^^^^^^^^^^^^
>  8 |   formatRupiah,
     | ^^^^^^^^^^^^^^^
>  9 |   PAYMENT_STATUS_LABEL,
     | ^^^^^^^^^^^^^^^^^^^^^^^
> 10 |   SUBSCRIPTION_STATUS_LABEL,
     | ^^^^^^^^^^^^^^^^^^^^^^^^^^^^
> 11 | } from "../format";
     | ^^^^^^^^^^^^^^^^^^^
  12 | import { useRenewSubscription } from "../hooks/use-renew-subscription";
  13 | import type { SubscriptionDTO } from "../types";
  14 | import { PaymentProofForm } from "./PaymentProofForm";

Import traces:
  Client Component Browser:
    ./src/features/subscription/components/SubscriptionCard.tsx [Client Component Browser]
    ./src/features/subscription/components/DashboardView.tsx [Client Component Browser]
    ./src/features/subscription/components/DashboardShell.tsx [Client Component Browser]
    ./src/features/subscription/components/DashboardShell.tsx [Server Component]
    ./src/features/subscription/pages/DashboardPage.tsx [Server Component]
    ./src/app/dashboard/page.tsx [Server Component]

  Client Component SSR:
    ./src/features/subscription/components/SubscriptionCard.tsx [Client Component SSR]
    ./src/features/subscription/components/DashboardView.tsx [Client Component SSR]
    ./src/features/subscription/components/DashboardShell.tsx [Client Component SSR]
    ./src/features/subscription/components/DashboardShell.tsx [Server Component]
    ./src/features/subscription/pages/DashboardPage.tsx [Server Component]
    ./src/app/dashboard/page.tsx [Server Component]

https://nextjs.org/docs/messages/module-not-found @ http://localhost:3000/_next/static/chunks/node_modules_next_dist_05y3oi5z9mc_3._.js:995
[  613165ms] [ERROR] ./src/features/subscription/dal.ts:6:1
Error: Module not found: Can't resolve './http'
  4 | } from "@/generated/prisma/enums";
  5 | import { prisma } from "@/lib/prisma";
> 6 | import { SubscriptionError } from "./http";
    | ^^^^^^^^^^^^^^^^^^^^^^^^^^^^^^^^^^^^^^^^^^^
  7 | import { computePeriod } from "./period";
  8 | import {
  9 |   adminPaymentInclude,

Import trace:
  Server Component:
    ./src/features/subscription/dal.ts
    ./src/features/subscription/pages/DashboardPage.tsx
    ./src/app/dashboard/page.tsx

https://nextjs.org/docs/messages/module-not-found @ http://localhost:3000/_next/static/chunks/node_modules_next_dist_05y3oi5z9mc_3._.js:995
[  613165ms] [ERROR] ./src/features/subscription/dal.ts:7:1
Error: Module not found: Can't resolve './period'
   5 | import { prisma } from "@/lib/prisma";
   6 | import { SubscriptionError } from "./http";
>  7 | import { computePeriod } from "./period";
     | ^^^^^^^^^^^^^^^^^^^^^^^^^^^^^^^^^^^^^^^^^
   8 | import {
   9 |   adminPaymentInclude,
  10 |   serializeAdminPayment,

Import trace:
  Server Component:
    ./src/features/subscription/dal.ts
    ./src/features/subscription/pages/DashboardPage.tsx
    ./src/app/dashboard/page.tsx

https://nextjs.org/docs/messages/module-not-found @ http://localhost:3000/_next/static/chunks/node_modules_next_dist_05y3oi5z9mc_3._.js:995
[  613165ms] [ERROR] ./src/components/app-sidebar.tsx:8:1
Error: Module not found: Can't resolve '@/features/subscription/navigation'
   6 |
   7 | import { LogoutButton } from "@/components/logout-button";
>  8 | import { navEntriesFor } from "@/features/subscription/navigation";
     | ^^^^^^^^^^^^^^^^^^^^^^^^^^^^^^^^^^^^^^^^^^^^^^^^^^^^^^^^^^^^^^^^^^^
   9 | import type { WorkspaceView } from "@/features/subscription/types";
  10 | import { cn } from "@/lib/utils";
  11 |

Import map: aliased to relative './src/features/subscription/navigation' inside of [project]/

Import traces:
  Client Component Browser:
    ./src/components/app-sidebar.tsx [Client Component Browser]
    ./src/features/subscription/components/DashboardShell.tsx [Client Component Browser]
    ./src/features/subscription/components/DashboardShell.tsx [Server Component]
    ./src/features/subscription/pages/DashboardPage.tsx [Server Component]
    ./src/app/dashboard/page.tsx [Server Component]

  Client Component SSR:
    ./src/components/app-sidebar.tsx [Client Component SSR]
    ./src/features/subscription/components/DashboardShell.tsx [Client Component SSR]
    ./src/features/subscription/components/DashboardShell.tsx [Server Component]
    ./src/features/subscription/pages/DashboardPage.tsx [Server Component]
    ./src/app/dashboard/page.tsx [Server Component]

https://nextjs.org/docs/messages/module-not-found @ http://localhost:3000/_next/static/chunks/node_modules_next_dist_05y3oi5z9mc_3._.js:995
[  613166ms] [ERROR] ./src/app/api/admin/stats/route.ts:4:1
Error: Module not found: Can't resolve '@/features/subscription/http'
  2 |
  3 | import { getPlatformStats } from "@/features/subscription/dal";
> 4 | import { errorResponse, requireApiAdmin } from "@/features/subscription/http";
    | ^^^^^^^^^^^^^^^^^^^^^^^^^^^^^^^^^^^^^^^^^^^^^^^^^^^^^^^^^^^^^^^^^^^^^^^^^^^^^^
  5 |
  6 | /**
  7 |  * PRD §11: the two counters the admin summary shows. The dashboard reads them

Import map: aliased to relative './src/features/subscription/http' inside of [project]/

https://nextjs.org/docs/messages/module-not-found @ http://localhost:3000/_next/static/chunks/node_modules_next_dist_05y3oi5z9mc_3._.js:995
[  613362ms] [ERROR] ./src/features/subscription/components/DashboardView.tsx:11:1
Error: Module not found: Can't resolve '../format'
   9 | import type { Workspace } from "../dal";
  10 | import type { SubscriptionStatus } from "@/generated/prisma/enums";
> 11 | import { formatDate, formatRupiah } from "../format";
     | ^^^^^^^^^^^^^^^^^^^^^^^^^^^^^^^^^^^^^^^^^^^^^^^^^^^^^
  12 | import { useCreateSubscription } from "../hooks/use-subscriptions";
  13 | import { useRenewSubscription } from "../hooks/use-renew-subscription";
  14 | import type {

Import traces:
  Client Component Browser:
    ./src/features/subscription/components/DashboardView.tsx [Client Component Browser]
    ./src/features/subscription/components/DashboardShell.tsx [Client Component Browser]
    ./src/features/subscription/components/DashboardShell.tsx [Server Component]
    ./src/features/subscription/pages/DashboardPage.tsx [Server Component]
    ./src/app/dashboard/page.tsx [Server Component]

  Client Component SSR:
    ./src/features/subscription/components/DashboardView.tsx [Client Component SSR]
    ./src/features/subscription/components/DashboardShell.tsx [Client Component SSR]
    ./src/features/subscription/components/DashboardShell.tsx [Server Component]
    ./src/features/subscription/pages/DashboardPage.tsx [Server Component]
    ./src/app/dashboard/page.tsx [Server Component]

https://nextjs.org/docs/messages/module-not-found @ http://localhost:3000/_next/static/chunks/node_modules_next_dist_05y3oi5z9mc_3._.js:995
[  613363ms] [ERROR] ./src/features/subscription/components/PaymentDetailCard.tsx:10:1
Error: Module not found: Can't resolve '../format'
   8 | import { Spinner } from "@/components/ui/spinner";
   9 | import { cn } from "@/lib/utils";
> 10 | import {
     | ^^^^^^^
> 11 |   formatDate,
     | ^^^^^^^^^^^^^
> 12 |   formatDateTime,
     | ^^^^^^^^^^^^^^^^^
> 13 |   formatDuration,
     | ^^^^^^^^^^^^^^^^^
> 14 |   formatRupiah,
     | ^^^^^^^^^^^^^^^
> 15 |   PAYMENT_STATUS_LABEL,
     | ^^^^^^^^^^^^^^^^^^^^^^^
> 16 |   SUBSCRIPTION_STATUS_LABEL,
     | ^^^^^^^^^^^^^^^^^^^^^^^^^^^^
> 17 | } from "../format";
     | ^^^^^^^^^^^^^^^^^^^
  18 | import {
  19 |   useApprovePayment,
  20 |   useRejectPayment,

Import traces:
  Client Component Browser:
    ./src/features/subscription/components/PaymentDetailCard.tsx [Client Component Browser]
    ./src/features/subscription/components/DashboardView.tsx [Client Component Browser]
    ./src/features/subscription/components/DashboardShell.tsx [Client Component Browser]
    ./src/features/subscription/components/DashboardShell.tsx [Server Component]
    ./src/features/subscription/pages/DashboardPage.tsx [Server Component]
    ./src/app/dashboard/page.tsx [Server Component]

  Client Component SSR:
    ./src/features/subscription/components/PaymentDetailCard.tsx [Client Component SSR]
    ./src/features/subscription/components/DashboardView.tsx [Client Component SSR]
    ./src/features/subscription/components/DashboardShell.tsx [Client Component SSR]
    ./src/features/subscription/components/DashboardShell.tsx [Server Component]
    ./src/features/subscription/pages/DashboardPage.tsx [Server Component]
    ./src/app/dashboard/page.tsx [Server Component]

https://nextjs.org/docs/messages/module-not-found @ http://localhost:3000/_next/static/chunks/node_modules_next_dist_05y3oi5z9mc_3._.js:995
[  613363ms] [ERROR] ./src/features/subscription/components/PaymentProofForm.tsx:10:1
Error: Module not found: Can't resolve '../format'
   8 | import { Spinner } from "@/components/ui/spinner";
   9 | import type { SubscriptionDTO } from "../types";
> 10 | import { PROOF_ACCEPT, PROOF_MAX_BYTES, formatRupiah } from "../format";
     | ^^^^^^^^^^^^^^^^^^^^^^^^^^^^^^^^^^^^^^^^^^^^^^^^^^^^^^^^^^^^^^^^^^^^^^^^
  11 | import { useSubmitPaymentProof } from "../hooks/use-submit-payment-proof";
  12 | import { PaymentStatusBadge, SubscriptionStatusBadge } from "./StatusBadge";
  13 |

Import traces:
  Client Component Browser:
    ./src/features/subscription/components/PaymentProofForm.tsx [Client Component Browser]
    ./src/features/subscription/components/SubscriptionCard.tsx [Client Component Browser]
    ./src/features/subscription/components/DashboardView.tsx [Client Component Browser]
    ./src/features/subscription/components/DashboardShell.tsx [Client Component Browser]
    ./src/features/subscription/components/DashboardShell.tsx [Server Component]
    ./src/features/subscription/pages/DashboardPage.tsx [Server Component]
    ./src/app/dashboard/page.tsx [Server Component]

  Client Component SSR:
    ./src/features/subscription/components/PaymentProofForm.tsx [Client Component SSR]
    ./src/features/subscription/components/SubscriptionCard.tsx [Client Component SSR]
    ./src/features/subscription/components/DashboardView.tsx [Client Component SSR]
    ./src/features/subscription/components/DashboardShell.tsx [Client Component SSR]
    ./src/features/subscription/components/DashboardShell.tsx [Server Component]
    ./src/features/subscription/pages/DashboardPage.tsx [Server Component]
    ./src/app/dashboard/page.tsx [Server Component]

https://nextjs.org/docs/messages/module-not-found @ http://localhost:3000/_next/static/chunks/node_modules_next_dist_05y3oi5z9mc_3._.js:995
[  613363ms] [ERROR] ./src/features/subscription/components/PlanCard.tsx:6:1
Error: Module not found: Can't resolve '../format'
  4 | import { Spinner } from "@/components/ui/spinner";
  5 | import type { SubscriptionStatus } from "@/generated/prisma/enums";
> 6 | import { formatDuration, formatRupiah } from "../format";
    | ^^^^^^^^^^^^^^^^^^^^^^^^^^^^^^^^^^^^^^^^^^^^^^^^^^^^^^^^^
  7 | import type { PlanDTO } from "../types";
  8 | import { SubscriptionStatusBadge } from "./StatusBadge";
  9 |

Import traces:
  Client Component Browser:
    ./src/features/subscription/components/PlanCard.tsx [Client Component Browser]
    ./src/features/subscription/components/DashboardView.tsx [Client Component Browser]
    ./src/features/subscription/components/DashboardShell.tsx [Client Component Browser]
    ./src/features/subscription/components/DashboardShell.tsx [Server Component]
    ./src/features/subscription/pages/DashboardPage.tsx [Server Component]
    ./src/app/dashboard/page.tsx [Server Component]

  Client Component SSR:
    ./src/features/subscription/components/PlanCard.tsx [Client Component SSR]
    ./src/features/subscription/components/DashboardView.tsx [Client Component SSR]
    ./src/features/subscription/components/DashboardShell.tsx [Client Component SSR]
    ./src/features/subscription/components/DashboardShell.tsx [Server Component]
    ./src/features/subscription/pages/DashboardPage.tsx [Server Component]
    ./src/app/dashboard/page.tsx [Server Component]

https://nextjs.org/docs/messages/module-not-found @ http://localhost:3000/_next/static/chunks/node_modules_next_dist_05y3oi5z9mc_3._.js:995
[  613363ms] [ERROR] ./src/features/subscription/components/StatusBadge.tsx:5:1
Error: Module not found: Can't resolve '../format'
   3 | import { Badge } from "@/components/ui/badge";
   4 | import { cn } from "@/lib/utils";
>  5 | import {
     | ^^^^^^^
>  6 |   PAYMENT_STATUS_LABEL,
     | ^^^^^^^^^^^^^^^^^^^^^^^
>  7 |   SUBSCRIPTION_STATUS_LABEL,
     | ^^^^^^^^^^^^^^^^^^^^^^^^^^^^
>  8 | } from "../format";
     | ^^^^^^^^^^^^^^^^^^^
   9 |
  10 | /** Warm palette tones, one per lifecycle status, matching the auth surface. */
  11 | const subscriptionTone: Record<SubscriptionStatus, string> = {

Import traces:
  Client Component Browser:
    ./src/features/subscription/components/StatusBadge.tsx [Client Component Browser]
    ./src/features/subscription/components/PlanCard.tsx [Client Component Browser]
    ./src/features/subscription/components/DashboardView.tsx [Client Component Browser]
    ./src/features/subscription/components/DashboardShell.tsx [Client Component Browser]
    ./src/features/subscription/components/DashboardShell.tsx [Server Component]
    ./src/features/subscription/pages/DashboardPage.tsx [Server Component]
    ./src/app/dashboard/page.tsx [Server Component]

  Client Component SSR:
    ./src/features/subscription/components/StatusBadge.tsx [Client Component SSR]
    ./src/features/subscription/components/PlanCard.tsx [Client Component SSR]
    ./src/features/subscription/components/DashboardView.tsx [Client Component SSR]
    ./src/features/subscription/components/DashboardShell.tsx [Client Component SSR]
    ./src/features/subscription/components/DashboardShell.tsx [Server Component]
    ./src/features/subscription/pages/DashboardPage.tsx [Server Component]
    ./src/app/dashboard/page.tsx [Server Component]

https://nextjs.org/docs/messages/module-not-found @ http://localhost:3000/_next/static/chunks/node_modules_next_dist_05y3oi5z9mc_3._.js:995
[  613364ms] [ERROR] ./src/features/subscription/components/SubscriptionCard.tsx:5:1
Error: Module not found: Can't resolve '../format'
   3 | import { Button } from "@/components/ui/button";
   4 | import type { SubscriptionStatus } from "@/generated/prisma/enums";
>  5 | import {
     | ^^^^^^^
>  6 |   formatDate,
     | ^^^^^^^^^^^^^
>  7 |   formatDuration,
     | ^^^^^^^^^^^^^^^^^
>  8 |   formatRupiah,
     | ^^^^^^^^^^^^^^^
>  9 |   PAYMENT_STATUS_LABEL,
     | ^^^^^^^^^^^^^^^^^^^^^^^
> 10 |   SUBSCRIPTION_STATUS_LABEL,
     | ^^^^^^^^^^^^^^^^^^^^^^^^^^^^
> 11 | } from "../format";
     | ^^^^^^^^^^^^^^^^^^^
  12 | import { useRenewSubscription } from "../hooks/use-renew-subscription";
  13 | import type { SubscriptionDTO } from "../types";
  14 | import { PaymentProofForm } from "./PaymentProofForm";

Import traces:
  Client Component Browser:
    ./src/features/subscription/components/SubscriptionCard.tsx [Client Component Browser]
    ./src/features/subscription/components/DashboardView.tsx [Client Component Browser]
    ./src/features/subscription/components/DashboardShell.tsx [Client Component Browser]
    ./src/features/subscription/components/DashboardShell.tsx [Server Component]
    ./src/features/subscription/pages/DashboardPage.tsx [Server Component]
    ./src/app/dashboard/page.tsx [Server Component]

  Client Component SSR:
    ./src/features/subscription/components/SubscriptionCard.tsx [Client Component SSR]
    ./src/features/subscription/components/DashboardView.tsx [Client Component SSR]
    ./src/features/subscription/components/DashboardShell.tsx [Client Component SSR]
    ./src/features/subscription/components/DashboardShell.tsx [Server Component]
    ./src/features/subscription/pages/DashboardPage.tsx [Server Component]
    ./src/app/dashboard/page.tsx [Server Component]

https://nextjs.org/docs/messages/module-not-found @ http://localhost:3000/_next/static/chunks/node_modules_next_dist_05y3oi5z9mc_3._.js:995
[  613364ms] [ERROR] ./src/features/subscription/dal.ts:6:1
Error: Module not found: Can't resolve './http'
  4 | } from "@/generated/prisma/enums";
  5 | import { prisma } from "@/lib/prisma";
> 6 | import { SubscriptionError } from "./http";
    | ^^^^^^^^^^^^^^^^^^^^^^^^^^^^^^^^^^^^^^^^^^^
  7 | import { computePeriod } from "./period";
  8 | import {
  9 |   adminPaymentInclude,

Import trace:
  Server Component:
    ./src/features/subscription/dal.ts
    ./src/features/subscription/pages/DashboardPage.tsx
    ./src/app/dashboard/page.tsx

https://nextjs.org/docs/messages/module-not-found @ http://localhost:3000/_next/static/chunks/node_modules_next_dist_05y3oi5z9mc_3._.js:995
[  613364ms] [ERROR] ./src/features/subscription/dal.ts:7:1
Error: Module not found: Can't resolve './period'
   5 | import { prisma } from "@/lib/prisma";
   6 | import { SubscriptionError } from "./http";
>  7 | import { computePeriod } from "./period";
     | ^^^^^^^^^^^^^^^^^^^^^^^^^^^^^^^^^^^^^^^^^
   8 | import {
   9 |   adminPaymentInclude,
  10 |   serializeAdminPayment,

Import trace:
  Server Component:
    ./src/features/subscription/dal.ts
    ./src/features/subscription/pages/DashboardPage.tsx
    ./src/app/dashboard/page.tsx

https://nextjs.org/docs/messages/module-not-found @ http://localhost:3000/_next/static/chunks/node_modules_next_dist_05y3oi5z9mc_3._.js:995
[  613364ms] [ERROR] ./src/components/app-sidebar.tsx:8:1
Error: Module not found: Can't resolve '@/features/subscription/navigation'
   6 |
   7 | import { LogoutButton } from "@/components/logout-button";
>  8 | import { navEntriesFor } from "@/features/subscription/navigation";
     | ^^^^^^^^^^^^^^^^^^^^^^^^^^^^^^^^^^^^^^^^^^^^^^^^^^^^^^^^^^^^^^^^^^^
   9 | import type { WorkspaceView } from "@/features/subscription/types";
  10 | import { cn } from "@/lib/utils";
  11 |

Import map: aliased to relative './src/features/subscription/navigation' inside of [project]/

Import traces:
  Client Component Browser:
    ./src/components/app-sidebar.tsx [Client Component Browser]
    ./src/features/subscription/components/DashboardShell.tsx [Client Component Browser]
    ./src/features/subscription/components/DashboardShell.tsx [Server Component]
    ./src/features/subscription/pages/DashboardPage.tsx [Server Component]
    ./src/app/dashboard/page.tsx [Server Component]

  Client Component SSR:
    ./src/components/app-sidebar.tsx [Client Component SSR]
    ./src/features/subscription/components/DashboardShell.tsx [Client Component SSR]
    ./src/features/subscription/components/DashboardShell.tsx [Server Component]
    ./src/features/subscription/pages/DashboardPage.tsx [Server Component]
    ./src/app/dashboard/page.tsx [Server Component]

https://nextjs.org/docs/messages/module-not-found @ http://localhost:3000/_next/static/chunks/node_modules_next_dist_05y3oi5z9mc_3._.js:995
[  613364ms] [ERROR] ./src/app/api/admin/stats/route.ts:4:1
Error: Module not found: Can't resolve '@/features/subscription/http'
  2 |
  3 | import { getPlatformStats } from "@/features/subscription/dal";
> 4 | import { errorResponse, requireApiAdmin } from "@/features/subscription/http";
    | ^^^^^^^^^^^^^^^^^^^^^^^^^^^^^^^^^^^^^^^^^^^^^^^^^^^^^^^^^^^^^^^^^^^^^^^^^^^^^^
  5 |
  6 | /**
  7 |  * PRD §11: the two counters the admin summary shows. The dashboard reads them

Import map: aliased to relative './src/features/subscription/http' inside of [project]/

https://nextjs.org/docs/messages/module-not-found @ http://localhost:3000/_next/static/chunks/node_modules_next_dist_05y3oi5z9mc_3._.js:995
[  613457ms] [LOG] [Fast Refresh] rebuilding @ http://localhost:3000/_next/static/chunks/node_modules_next_dist_05y3oi5z9mc_3._.js:719
[  613477ms] [ERROR] ./src/features/subscription/components/DashboardView.tsx:11:1
Error: Module not found: Can't resolve '../format'
   9 | import type { Workspace } from "../dal";
  10 | import type { SubscriptionStatus } from "@/generated/prisma/enums";
> 11 | import { formatDate, formatRupiah } from "../format";
     | ^^^^^^^^^^^^^^^^^^^^^^^^^^^^^^^^^^^^^^^^^^^^^^^^^^^^^
  12 | import { useCreateSubscription } from "../hooks/use-subscriptions";
  13 | import { useRenewSubscription } from "../hooks/use-renew-subscription";
  14 | import type {

Import traces:
  Client Component Browser:
    ./src/features/subscription/components/DashboardView.tsx [Client Component Browser]
    ./src/features/subscription/components/DashboardShell.tsx [Client Component Browser]
    ./src/features/subscription/components/DashboardShell.tsx [Server Component]
    ./src/features/subscription/pages/DashboardPage.tsx [Server Component]
    ./src/app/dashboard/page.tsx [Server Component]

  Client Component SSR:
    ./src/features/subscription/components/DashboardView.tsx [Client Component SSR]
    ./src/features/subscription/components/DashboardShell.tsx [Client Component SSR]
    ./src/features/subscription/components/DashboardShell.tsx [Server Component]
    ./src/features/subscription/pages/DashboardPage.tsx [Server Component]
    ./src/app/dashboard/page.tsx [Server Component]

https://nextjs.org/docs/messages/module-not-found @ http://localhost:3000/_next/static/chunks/node_modules_next_dist_05y3oi5z9mc_3._.js:995
[  613478ms] [ERROR] ./src/features/subscription/components/PaymentDetailCard.tsx:10:1
Error: Module not found: Can't resolve '../format'
   8 | import { Spinner } from "@/components/ui/spinner";
   9 | import { cn } from "@/lib/utils";
> 10 | import {
     | ^^^^^^^
> 11 |   formatDate,
     | ^^^^^^^^^^^^^
> 12 |   formatDateTime,
     | ^^^^^^^^^^^^^^^^^
> 13 |   formatDuration,
     | ^^^^^^^^^^^^^^^^^
> 14 |   formatRupiah,
     | ^^^^^^^^^^^^^^^
> 15 |   PAYMENT_STATUS_LABEL,
     | ^^^^^^^^^^^^^^^^^^^^^^^
> 16 |   SUBSCRIPTION_STATUS_LABEL,
     | ^^^^^^^^^^^^^^^^^^^^^^^^^^^^
> 17 | } from "../format";
     | ^^^^^^^^^^^^^^^^^^^
  18 | import {
  19 |   useApprovePayment,
  20 |   useRejectPayment,

Import traces:
  Client Component Browser:
    ./src/features/subscription/components/PaymentDetailCard.tsx [Client Component Browser]
    ./src/features/subscription/components/DashboardView.tsx [Client Component Browser]
    ./src/features/subscription/components/DashboardShell.tsx [Client Component Browser]
    ./src/features/subscription/components/DashboardShell.tsx [Server Component]
    ./src/features/subscription/pages/DashboardPage.tsx [Server Component]
    ./src/app/dashboard/page.tsx [Server Component]

  Client Component SSR:
    ./src/features/subscription/components/PaymentDetailCard.tsx [Client Component SSR]
    ./src/features/subscription/components/DashboardView.tsx [Client Component SSR]
    ./src/features/subscription/components/DashboardShell.tsx [Client Component SSR]
    ./src/features/subscription/components/DashboardShell.tsx [Server Component]
    ./src/features/subscription/pages/DashboardPage.tsx [Server Component]
    ./src/app/dashboard/page.tsx [Server Component]

https://nextjs.org/docs/messages/module-not-found @ http://localhost:3000/_next/static/chunks/node_modules_next_dist_05y3oi5z9mc_3._.js:995
[  613478ms] [ERROR] ./src/features/subscription/components/PaymentProofForm.tsx:10:1
Error: Module not found: Can't resolve '../format'
   8 | import { Spinner } from "@/components/ui/spinner";
   9 | import type { SubscriptionDTO } from "../types";
> 10 | import { PROOF_ACCEPT, PROOF_MAX_BYTES, formatRupiah } from "../format";
     | ^^^^^^^^^^^^^^^^^^^^^^^^^^^^^^^^^^^^^^^^^^^^^^^^^^^^^^^^^^^^^^^^^^^^^^^^
  11 | import { useSubmitPaymentProof } from "../hooks/use-submit-payment-proof";
  12 | import { PaymentStatusBadge, SubscriptionStatusBadge } from "./StatusBadge";
  13 |

Import traces:
  Client Component Browser:
    ./src/features/subscription/components/PaymentProofForm.tsx [Client Component Browser]
    ./src/features/subscription/components/SubscriptionCard.tsx [Client Component Browser]
    ./src/features/subscription/components/DashboardView.tsx [Client Component Browser]
    ./src/features/subscription/components/DashboardShell.tsx [Client Component Browser]
    ./src/features/subscription/components/DashboardShell.tsx [Server Component]
    ./src/features/subscription/pages/DashboardPage.tsx [Server Component]
    ./src/app/dashboard/page.tsx [Server Component]

  Client Component SSR:
    ./src/features/subscription/components/PaymentProofForm.tsx [Client Component SSR]
    ./src/features/subscription/components/SubscriptionCard.tsx [Client Component SSR]
    ./src/features/subscription/components/DashboardView.tsx [Client Component SSR]
    ./src/features/subscription/components/DashboardShell.tsx [Client Component SSR]
    ./src/features/subscription/components/DashboardShell.tsx [Server Component]
    ./src/features/subscription/pages/DashboardPage.tsx [Server Component]
    ./src/app/dashboard/page.tsx [Server Component]

https://nextjs.org/docs/messages/module-not-found @ http://localhost:3000/_next/static/chunks/node_modules_next_dist_05y3oi5z9mc_3._.js:995
[  613478ms] [ERROR] ./src/features/subscription/components/PlanCard.tsx:6:1
Error: Module not found: Can't resolve '../format'
  4 | import { Spinner } from "@/components/ui/spinner";
  5 | import type { SubscriptionStatus } from "@/generated/prisma/enums";
> 6 | import { formatDuration, formatRupiah } from "../format";
    | ^^^^^^^^^^^^^^^^^^^^^^^^^^^^^^^^^^^^^^^^^^^^^^^^^^^^^^^^^
  7 | import type { PlanDTO } from "../types";
  8 | import { SubscriptionStatusBadge } from "./StatusBadge";
  9 |

Import traces:
  Client Component Browser:
    ./src/features/subscription/components/PlanCard.tsx [Client Component Browser]
    ./src/features/subscription/components/DashboardView.tsx [Client Component Browser]
    ./src/features/subscription/components/DashboardShell.tsx [Client Component Browser]
    ./src/features/subscription/components/DashboardShell.tsx [Server Component]
    ./src/features/subscription/pages/DashboardPage.tsx [Server Component]
    ./src/app/dashboard/page.tsx [Server Component]

  Client Component SSR:
    ./src/features/subscription/components/PlanCard.tsx [Client Component SSR]
    ./src/features/subscription/components/DashboardView.tsx [Client Component SSR]
    ./src/features/subscription/components/DashboardShell.tsx [Client Component SSR]
    ./src/features/subscription/components/DashboardShell.tsx [Server Component]
    ./src/features/subscription/pages/DashboardPage.tsx [Server Component]
    ./src/app/dashboard/page.tsx [Server Component]

https://nextjs.org/docs/messages/module-not-found @ http://localhost:3000/_next/static/chunks/node_modules_next_dist_05y3oi5z9mc_3._.js:995
[  613478ms] [ERROR] ./src/features/subscription/components/StatusBadge.tsx:5:1
Error: Module not found: Can't resolve '../format'
   3 | import { Badge } from "@/components/ui/badge";
   4 | import { cn } from "@/lib/utils";
>  5 | import {
     | ^^^^^^^
>  6 |   PAYMENT_STATUS_LABEL,
     | ^^^^^^^^^^^^^^^^^^^^^^^
>  7 |   SUBSCRIPTION_STATUS_LABEL,
     | ^^^^^^^^^^^^^^^^^^^^^^^^^^^^
>  8 | } from "../format";
     | ^^^^^^^^^^^^^^^^^^^
   9 |
  10 | /** Warm palette tones, one per lifecycle status, matching the auth surface. */
  11 | const subscriptionTone: Record<SubscriptionStatus, string> = {

Import traces:
  Client Component Browser:
    ./src/features/subscription/components/StatusBadge.tsx [Client Component Browser]
    ./src/features/subscription/components/PlanCard.tsx [Client Component Browser]
    ./src/features/subscription/components/DashboardView.tsx [Client Component Browser]
    ./src/features/subscription/components/DashboardShell.tsx [Client Component Browser]
    ./src/features/subscription/components/DashboardShell.tsx [Server Component]
    ./src/features/subscription/pages/DashboardPage.tsx [Server Component]
    ./src/app/dashboard/page.tsx [Server Component]

  Client Component SSR:
    ./src/features/subscription/components/StatusBadge.tsx [Client Component SSR]
    ./src/features/subscription/components/PlanCard.tsx [Client Component SSR]
    ./src/features/subscription/components/DashboardView.tsx [Client Component SSR]
    ./src/features/subscription/components/DashboardShell.tsx [Client Component SSR]
    ./src/features/subscription/components/DashboardShell.tsx [Server Component]
    ./src/features/subscription/pages/DashboardPage.tsx [Server Component]
    ./src/app/dashboard/page.tsx [Server Component]

https://nextjs.org/docs/messages/module-not-found @ http://localhost:3000/_next/static/chunks/node_modules_next_dist_05y3oi5z9mc_3._.js:995
[  613478ms] [ERROR] ./src/features/subscription/components/SubscriptionCard.tsx:5:1
Error: Module not found: Can't resolve '../format'
   3 | import { Button } from "@/components/ui/button";
   4 | import type { SubscriptionStatus } from "@/generated/prisma/enums";
>  5 | import {
     | ^^^^^^^
>  6 |   formatDate,
     | ^^^^^^^^^^^^^
>  7 |   formatDuration,
     | ^^^^^^^^^^^^^^^^^
>  8 |   formatRupiah,
     | ^^^^^^^^^^^^^^^
>  9 |   PAYMENT_STATUS_LABEL,
     | ^^^^^^^^^^^^^^^^^^^^^^^
> 10 |   SUBSCRIPTION_STATUS_LABEL,
     | ^^^^^^^^^^^^^^^^^^^^^^^^^^^^
> 11 | } from "../format";
     | ^^^^^^^^^^^^^^^^^^^
  12 | import { useRenewSubscription } from "../hooks/use-renew-subscription";
  13 | import type { SubscriptionDTO } from "../types";
  14 | import { PaymentProofForm } from "./PaymentProofForm";

Import traces:
  Client Component Browser:
    ./src/features/subscription/components/SubscriptionCard.tsx [Client Component Browser]
    ./src/features/subscription/components/DashboardView.tsx [Client Component Browser]
    ./src/features/subscription/components/DashboardShell.tsx [Client Component Browser]
    ./src/features/subscription/components/DashboardShell.tsx [Server Component]
    ./src/features/subscription/pages/DashboardPage.tsx [Server Component]
    ./src/app/dashboard/page.tsx [Server Component]

  Client Component SSR:
    ./src/features/subscription/components/SubscriptionCard.tsx [Client Component SSR]
    ./src/features/subscription/components/DashboardView.tsx [Client Component SSR]
    ./src/features/subscription/components/DashboardShell.tsx [Client Component SSR]
    ./src/features/subscription/components/DashboardShell.tsx [Server Component]
    ./src/features/subscription/pages/DashboardPage.tsx [Server Component]
    ./src/app/dashboard/page.tsx [Server Component]

https://nextjs.org/docs/messages/module-not-found @ http://localhost:3000/_next/static/chunks/node_modules_next_dist_05y3oi5z9mc_3._.js:995
[  613478ms] [ERROR] ./src/features/subscription/dal.ts:6:1
Error: Module not found: Can't resolve './http'
  4 | } from "@/generated/prisma/enums";
  5 | import { prisma } from "@/lib/prisma";
> 6 | import { SubscriptionError } from "./http";
    | ^^^^^^^^^^^^^^^^^^^^^^^^^^^^^^^^^^^^^^^^^^^
  7 | import { computePeriod } from "./period";
  8 | import {
  9 |   adminPaymentInclude,

Import trace:
  Server Component:
    ./src/features/subscription/dal.ts
    ./src/features/subscription/pages/DashboardPage.tsx
    ./src/app/dashboard/page.tsx

https://nextjs.org/docs/messages/module-not-found @ http://localhost:3000/_next/static/chunks/node_modules_next_dist_05y3oi5z9mc_3._.js:995
[  613478ms] [ERROR] ./src/features/subscription/dal.ts:7:1
Error: Module not found: Can't resolve './period'
   5 | import { prisma } from "@/lib/prisma";
   6 | import { SubscriptionError } from "./http";
>  7 | import { computePeriod } from "./period";
     | ^^^^^^^^^^^^^^^^^^^^^^^^^^^^^^^^^^^^^^^^^
   8 | import {
   9 |   adminPaymentInclude,
  10 |   serializeAdminPayment,

Import trace:
  Server Component:
    ./src/features/subscription/dal.ts
    ./src/features/subscription/pages/DashboardPage.tsx
    ./src/app/dashboard/page.tsx

https://nextjs.org/docs/messages/module-not-found @ http://localhost:3000/_next/static/chunks/node_modules_next_dist_05y3oi5z9mc_3._.js:995
[  613478ms] [ERROR] ./src/components/app-sidebar.tsx:8:1
Error: Module not found: Can't resolve '@/features/subscription/navigation'
   6 |
   7 | import { LogoutButton } from "@/components/logout-button";
>  8 | import { navEntriesFor } from "@/features/subscription/navigation";
     | ^^^^^^^^^^^^^^^^^^^^^^^^^^^^^^^^^^^^^^^^^^^^^^^^^^^^^^^^^^^^^^^^^^^
   9 | import type { WorkspaceView } from "@/features/subscription/types";
  10 | import { cn } from "@/lib/utils";
  11 |

Import map: aliased to relative './src/features/subscription/navigation' inside of [project]/

Import traces:
  Client Component Browser:
    ./src/components/app-sidebar.tsx [Client Component Browser]
    ./src/features/subscription/components/DashboardShell.tsx [Client Component Browser]
    ./src/features/subscription/components/DashboardShell.tsx [Server Component]
    ./src/features/subscription/pages/DashboardPage.tsx [Server Component]
    ./src/app/dashboard/page.tsx [Server Component]

  Client Component SSR:
    ./src/components/app-sidebar.tsx [Client Component SSR]
    ./src/features/subscription/components/DashboardShell.tsx [Client Component SSR]
    ./src/features/subscription/components/DashboardShell.tsx [Server Component]
    ./src/features/subscription/pages/DashboardPage.tsx [Server Component]
    ./src/app/dashboard/page.tsx [Server Component]

https://nextjs.org/docs/messages/module-not-found @ http://localhost:3000/_next/static/chunks/node_modules_next_dist_05y3oi5z9mc_3._.js:995
[  613478ms] [ERROR] ./src/app/api/admin/stats/route.ts:4:1
Error: Module not found: Can't resolve '@/features/subscription/http'
  2 |
  3 | import { getPlatformStats } from "@/features/subscription/dal";
> 4 | import { errorResponse, requireApiAdmin } from "@/features/subscription/http";
    | ^^^^^^^^^^^^^^^^^^^^^^^^^^^^^^^^^^^^^^^^^^^^^^^^^^^^^^^^^^^^^^^^^^^^^^^^^^^^^^
  5 |
  6 | /**
  7 |  * PRD §11: the two counters the admin summary shows. The dashboard reads them

Import map: aliased to relative './src/features/subscription/http' inside of [project]/

https://nextjs.org/docs/messages/module-not-found @ http://localhost:3000/_next/static/chunks/node_modules_next_dist_05y3oi5z9mc_3._.js:995
[  613562ms] [ERROR] ./src/features/subscription/components/DashboardView.tsx:11:1
Error: Module not found: Can't resolve '../format'
   9 | import type { Workspace } from "../dal";
  10 | import type { SubscriptionStatus } from "@/generated/prisma/enums";
> 11 | import { formatDate, formatRupiah } from "../format";
     | ^^^^^^^^^^^^^^^^^^^^^^^^^^^^^^^^^^^^^^^^^^^^^^^^^^^^^
  12 | import { useCreateSubscription } from "../hooks/use-subscriptions";
  13 | import { useRenewSubscription } from "../hooks/use-renew-subscription";
  14 | import type {

Import traces:
  Client Component Browser:
    ./src/features/subscription/components/DashboardView.tsx [Client Component Browser]
    ./src/features/subscription/components/DashboardShell.tsx [Client Component Browser]
    ./src/features/subscription/components/DashboardShell.tsx [Server Component]
    ./src/features/subscription/pages/DashboardPage.tsx [Server Component]
    ./src/app/dashboard/page.tsx [Server Component]

  Client Component SSR:
    ./src/features/subscription/components/DashboardView.tsx [Client Component SSR]
    ./src/features/subscription/components/DashboardShell.tsx [Client Component SSR]
    ./src/features/subscription/components/DashboardShell.tsx [Server Component]
    ./src/features/subscription/pages/DashboardPage.tsx [Server Component]
    ./src/app/dashboard/page.tsx [Server Component]

https://nextjs.org/docs/messages/module-not-found @ http://localhost:3000/_next/static/chunks/node_modules_next_dist_05y3oi5z9mc_3._.js:995
[  613563ms] [ERROR] ./src/features/subscription/components/PaymentDetailCard.tsx:10:1
Error: Module not found: Can't resolve '../format'
   8 | import { Spinner } from "@/components/ui/spinner";
   9 | import { cn } from "@/lib/utils";
> 10 | import {
     | ^^^^^^^
> 11 |   formatDate,
     | ^^^^^^^^^^^^^
> 12 |   formatDateTime,
     | ^^^^^^^^^^^^^^^^^
> 13 |   formatDuration,
     | ^^^^^^^^^^^^^^^^^
> 14 |   formatRupiah,
     | ^^^^^^^^^^^^^^^
> 15 |   PAYMENT_STATUS_LABEL,
     | ^^^^^^^^^^^^^^^^^^^^^^^
> 16 |   SUBSCRIPTION_STATUS_LABEL,
     | ^^^^^^^^^^^^^^^^^^^^^^^^^^^^
> 17 | } from "../format";
     | ^^^^^^^^^^^^^^^^^^^
  18 | import {
  19 |   useApprovePayment,
  20 |   useRejectPayment,

Import traces:
  Client Component Browser:
    ./src/features/subscription/components/PaymentDetailCard.tsx [Client Component Browser]
    ./src/features/subscription/components/DashboardView.tsx [Client Component Browser]
    ./src/features/subscription/components/DashboardShell.tsx [Client Component Browser]
    ./src/features/subscription/components/DashboardShell.tsx [Server Component]
    ./src/features/subscription/pages/DashboardPage.tsx [Server Component]
    ./src/app/dashboard/page.tsx [Server Component]

  Client Component SSR:
    ./src/features/subscription/components/PaymentDetailCard.tsx [Client Component SSR]
    ./src/features/subscription/components/DashboardView.tsx [Client Component SSR]
    ./src/features/subscription/components/DashboardShell.tsx [Client Component SSR]
    ./src/features/subscription/components/DashboardShell.tsx [Server Component]
    ./src/features/subscription/pages/DashboardPage.tsx [Server Component]
    ./src/app/dashboard/page.tsx [Server Component]

https://nextjs.org/docs/messages/module-not-found @ http://localhost:3000/_next/static/chunks/node_modules_next_dist_05y3oi5z9mc_3._.js:995
[  613563ms] [ERROR] ./src/features/subscription/components/PaymentProofForm.tsx:10:1
Error: Module not found: Can't resolve '../format'
   8 | import { Spinner } from "@/components/ui/spinner";
   9 | import type { SubscriptionDTO } from "../types";
> 10 | import { PROOF_ACCEPT, PROOF_MAX_BYTES, formatRupiah } from "../format";
     | ^^^^^^^^^^^^^^^^^^^^^^^^^^^^^^^^^^^^^^^^^^^^^^^^^^^^^^^^^^^^^^^^^^^^^^^^
  11 | import { useSubmitPaymentProof } from "../hooks/use-submit-payment-proof";
  12 | import { PaymentStatusBadge, SubscriptionStatusBadge } from "./StatusBadge";
  13 |

Import traces:
  Client Component Browser:
    ./src/features/subscription/components/PaymentProofForm.tsx [Client Component Browser]
    ./src/features/subscription/components/SubscriptionCard.tsx [Client Component Browser]
    ./src/features/subscription/components/DashboardView.tsx [Client Component Browser]
    ./src/features/subscription/components/DashboardShell.tsx [Client Component Browser]
    ./src/features/subscription/components/DashboardShell.tsx [Server Component]
    ./src/features/subscription/pages/DashboardPage.tsx [Server Component]
    ./src/app/dashboard/page.tsx [Server Component]

  Client Component SSR:
    ./src/features/subscription/components/PaymentProofForm.tsx [Client Component SSR]
    ./src/features/subscription/components/SubscriptionCard.tsx [Client Component SSR]
    ./src/features/subscription/components/DashboardView.tsx [Client Component SSR]
    ./src/features/subscription/components/DashboardShell.tsx [Client Component SSR]
    ./src/features/subscription/components/DashboardShell.tsx [Server Component]
    ./src/features/subscription/pages/DashboardPage.tsx [Server Component]
    ./src/app/dashboard/page.tsx [Server Component]

https://nextjs.org/docs/messages/module-not-found @ http://localhost:3000/_next/static/chunks/node_modules_next_dist_05y3oi5z9mc_3._.js:995
[  613563ms] [ERROR] ./src/features/subscription/components/PlanCard.tsx:6:1
Error: Module not found: Can't resolve '../format'
  4 | import { Spinner } from "@/components/ui/spinner";
  5 | import type { SubscriptionStatus } from "@/generated/prisma/enums";
> 6 | import { formatDuration, formatRupiah } from "../format";
    | ^^^^^^^^^^^^^^^^^^^^^^^^^^^^^^^^^^^^^^^^^^^^^^^^^^^^^^^^^
  7 | import type { PlanDTO } from "../types";
  8 | import { SubscriptionStatusBadge } from "./StatusBadge";
  9 |

Import traces:
  Client Component Browser:
    ./src/features/subscription/components/PlanCard.tsx [Client Component Browser]
    ./src/features/subscription/components/DashboardView.tsx [Client Component Browser]
    ./src/features/subscription/components/DashboardShell.tsx [Client Component Browser]
    ./src/features/subscription/components/DashboardShell.tsx [Server Component]
    ./src/features/subscription/pages/DashboardPage.tsx [Server Component]
    ./src/app/dashboard/page.tsx [Server Component]

  Client Component SSR:
    ./src/features/subscription/components/PlanCard.tsx [Client Component SSR]
    ./src/features/subscription/components/DashboardView.tsx [Client Component SSR]
    ./src/features/subscription/components/DashboardShell.tsx [Client Component SSR]
    ./src/features/subscription/components/DashboardShell.tsx [Server Component]
    ./src/features/subscription/pages/DashboardPage.tsx [Server Component]
    ./src/app/dashboard/page.tsx [Server Component]

https://nextjs.org/docs/messages/module-not-found @ http://localhost:3000/_next/static/chunks/node_modules_next_dist_05y3oi5z9mc_3._.js:995
[  613563ms] [ERROR] ./src/features/subscription/components/StatusBadge.tsx:5:1
Error: Module not found: Can't resolve '../format'
   3 | import { Badge } from "@/components/ui/badge";
   4 | import { cn } from "@/lib/utils";
>  5 | import {
     | ^^^^^^^
>  6 |   PAYMENT_STATUS_LABEL,
     | ^^^^^^^^^^^^^^^^^^^^^^^
>  7 |   SUBSCRIPTION_STATUS_LABEL,
     | ^^^^^^^^^^^^^^^^^^^^^^^^^^^^
>  8 | } from "../format";
     | ^^^^^^^^^^^^^^^^^^^
   9 |
  10 | /** Warm palette tones, one per lifecycle status, matching the auth surface. */
  11 | const subscriptionTone: Record<SubscriptionStatus, string> = {

Import traces:
  Client Component Browser:
    ./src/features/subscription/components/StatusBadge.tsx [Client Component Browser]
    ./src/features/subscription/components/PlanCard.tsx [Client Component Browser]
    ./src/features/subscription/components/DashboardView.tsx [Client Component Browser]
    ./src/features/subscription/components/DashboardShell.tsx [Client Component Browser]
    ./src/features/subscription/components/DashboardShell.tsx [Server Component]
    ./src/features/subscription/pages/DashboardPage.tsx [Server Component]
    ./src/app/dashboard/page.tsx [Server Component]

  Client Component SSR:
    ./src/features/subscription/components/StatusBadge.tsx [Client Component SSR]
    ./src/features/subscription/components/PlanCard.tsx [Client Component SSR]
    ./src/features/subscription/components/DashboardView.tsx [Client Component SSR]
    ./src/features/subscription/components/DashboardShell.tsx [Client Component SSR]
    ./src/features/subscription/components/DashboardShell.tsx [Server Component]
    ./src/features/subscription/pages/DashboardPage.tsx [Server Component]
    ./src/app/dashboard/page.tsx [Server Component]

https://nextjs.org/docs/messages/module-not-found @ http://localhost:3000/_next/static/chunks/node_modules_next_dist_05y3oi5z9mc_3._.js:995
[  613564ms] [ERROR] ./src/features/subscription/components/SubscriptionCard.tsx:5:1
Error: Module not found: Can't resolve '../format'
   3 | import { Button } from "@/components/ui/button";
   4 | import type { SubscriptionStatus } from "@/generated/prisma/enums";
>  5 | import {
     | ^^^^^^^
>  6 |   formatDate,
     | ^^^^^^^^^^^^^
>  7 |   formatDuration,
     | ^^^^^^^^^^^^^^^^^
>  8 |   formatRupiah,
     | ^^^^^^^^^^^^^^^
>  9 |   PAYMENT_STATUS_LABEL,
     | ^^^^^^^^^^^^^^^^^^^^^^^
> 10 |   SUBSCRIPTION_STATUS_LABEL,
     | ^^^^^^^^^^^^^^^^^^^^^^^^^^^^
> 11 | } from "../format";
     | ^^^^^^^^^^^^^^^^^^^
  12 | import { useRenewSubscription } from "../hooks/use-renew-subscription";
  13 | import type { SubscriptionDTO } from "../types";
  14 | import { PaymentProofForm } from "./PaymentProofForm";

Import traces:
  Client Component Browser:
    ./src/features/subscription/components/SubscriptionCard.tsx [Client Component Browser]
    ./src/features/subscription/components/DashboardView.tsx [Client Component Browser]
    ./src/features/subscription/components/DashboardShell.tsx [Client Component Browser]
    ./src/features/subscription/components/DashboardShell.tsx [Server Component]
    ./src/features/subscription/pages/DashboardPage.tsx [Server Component]
    ./src/app/dashboard/page.tsx [Server Component]

  Client Component SSR:
    ./src/features/subscription/components/SubscriptionCard.tsx [Client Component SSR]
    ./src/features/subscription/components/DashboardView.tsx [Client Component SSR]
    ./src/features/subscription/components/DashboardShell.tsx [Client Component SSR]
    ./src/features/subscription/components/DashboardShell.tsx [Server Component]
    ./src/features/subscription/pages/DashboardPage.tsx [Server Component]
    ./src/app/dashboard/page.tsx [Server Component]

https://nextjs.org/docs/messages/module-not-found @ http://localhost:3000/_next/static/chunks/node_modules_next_dist_05y3oi5z9mc_3._.js:995
[  613564ms] [ERROR] ./src/features/subscription/dal.ts:6:1
Error: Module not found: Can't resolve './http'
  4 | } from "@/generated/prisma/enums";
  5 | import { prisma } from "@/lib/prisma";
> 6 | import { SubscriptionError } from "./http";
    | ^^^^^^^^^^^^^^^^^^^^^^^^^^^^^^^^^^^^^^^^^^^
  7 | import { computePeriod } from "./period";
  8 | import {
  9 |   adminPaymentInclude,

Import trace:
  Server Component:
    ./src/features/subscription/dal.ts
    ./src/features/subscription/pages/DashboardPage.tsx
    ./src/app/dashboard/page.tsx

https://nextjs.org/docs/messages/module-not-found @ http://localhost:3000/_next/static/chunks/node_modules_next_dist_05y3oi5z9mc_3._.js:995
[  613565ms] [ERROR] ./src/features/subscription/dal.ts:7:1
Error: Module not found: Can't resolve './period'
   5 | import { prisma } from "@/lib/prisma";
   6 | import { SubscriptionError } from "./http";
>  7 | import { computePeriod } from "./period";
     | ^^^^^^^^^^^^^^^^^^^^^^^^^^^^^^^^^^^^^^^^^
   8 | import {
   9 |   adminPaymentInclude,
  10 |   serializeAdminPayment,

Import trace:
  Server Component:
    ./src/features/subscription/dal.ts
    ./src/features/subscription/pages/DashboardPage.tsx
    ./src/app/dashboard/page.tsx

https://nextjs.org/docs/messages/module-not-found @ http://localhost:3000/_next/static/chunks/node_modules_next_dist_05y3oi5z9mc_3._.js:995
[  613565ms] [ERROR] ./src/components/app-sidebar.tsx:8:1
Error: Module not found: Can't resolve '@/features/subscription/navigation'
   6 |
   7 | import { LogoutButton } from "@/components/logout-button";
>  8 | import { navEntriesFor } from "@/features/subscription/navigation";
     | ^^^^^^^^^^^^^^^^^^^^^^^^^^^^^^^^^^^^^^^^^^^^^^^^^^^^^^^^^^^^^^^^^^^
   9 | import type { WorkspaceView } from "@/features/subscription/types";
  10 | import { cn } from "@/lib/utils";
  11 |

Import map: aliased to relative './src/features/subscription/navigation' inside of [project]/

Import traces:
  Client Component Browser:
    ./src/components/app-sidebar.tsx [Client Component Browser]
    ./src/features/subscription/components/DashboardShell.tsx [Client Component Browser]
    ./src/features/subscription/components/DashboardShell.tsx [Server Component]
    ./src/features/subscription/pages/DashboardPage.tsx [Server Component]
    ./src/app/dashboard/page.tsx [Server Component]

  Client Component SSR:
    ./src/components/app-sidebar.tsx [Client Component SSR]
    ./src/features/subscription/components/DashboardShell.tsx [Client Component SSR]
    ./src/features/subscription/components/DashboardShell.tsx [Server Component]
    ./src/features/subscription/pages/DashboardPage.tsx [Server Component]
    ./src/app/dashboard/page.tsx [Server Component]

https://nextjs.org/docs/messages/module-not-found @ http://localhost:3000/_next/static/chunks/node_modules_next_dist_05y3oi5z9mc_3._.js:995
[  613565ms] [ERROR] ./src/app/api/admin/stats/route.ts:4:1
Error: Module not found: Can't resolve '@/features/subscription/http'
  2 |
  3 | import { getPlatformStats } from "@/features/subscription/dal";
> 4 | import { errorResponse, requireApiAdmin } from "@/features/subscription/http";
    | ^^^^^^^^^^^^^^^^^^^^^^^^^^^^^^^^^^^^^^^^^^^^^^^^^^^^^^^^^^^^^^^^^^^^^^^^^^^^^^
  5 |
  6 | /**
  7 |  * PRD §11: the two counters the admin summary shows. The dashboard reads them

Import map: aliased to relative './src/features/subscription/http' inside of [project]/

https://nextjs.org/docs/messages/module-not-found @ http://localhost:3000/_next/static/chunks/node_modules_next_dist_05y3oi5z9mc_3._.js:995
[  613619ms] [ERROR] ./src/features/subscription/components/DashboardView.tsx:11:1
Error: Module not found: Can't resolve '../format'
   9 | import type { Workspace } from "../dal";
  10 | import type { SubscriptionStatus } from "@/generated/prisma/enums";
> 11 | import { formatDate, formatRupiah } from "../format";
     | ^^^^^^^^^^^^^^^^^^^^^^^^^^^^^^^^^^^^^^^^^^^^^^^^^^^^^
  12 | import { useCreateSubscription } from "../hooks/use-subscriptions";
  13 | import { useRenewSubscription } from "../hooks/use-renew-subscription";
  14 | import type {

Import traces:
  Client Component Browser:
    ./src/features/subscription/components/DashboardView.tsx [Client Component Browser]
    ./src/features/subscription/components/DashboardShell.tsx [Client Component Browser]
    ./src/features/subscription/components/DashboardShell.tsx [Server Component]
    ./src/features/subscription/pages/DashboardPage.tsx [Server Component]
    ./src/app/dashboard/page.tsx [Server Component]

  Client Component SSR:
    ./src/features/subscription/components/DashboardView.tsx [Client Component SSR]
    ./src/features/subscription/components/DashboardShell.tsx [Client Component SSR]
    ./src/features/subscription/components/DashboardShell.tsx [Server Component]
    ./src/features/subscription/pages/DashboardPage.tsx [Server Component]
    ./src/app/dashboard/page.tsx [Server Component]

https://nextjs.org/docs/messages/module-not-found @ http://localhost:3000/_next/static/chunks/node_modules_next_dist_05y3oi5z9mc_3._.js:995
[  613619ms] [ERROR] ./src/features/subscription/components/PaymentDetailCard.tsx:10:1
Error: Module not found: Can't resolve '../format'
   8 | import { Spinner } from "@/components/ui/spinner";
   9 | import { cn } from "@/lib/utils";
> 10 | import {
     | ^^^^^^^
> 11 |   formatDate,
     | ^^^^^^^^^^^^^
> 12 |   formatDateTime,
     | ^^^^^^^^^^^^^^^^^
> 13 |   formatDuration,
     | ^^^^^^^^^^^^^^^^^
> 14 |   formatRupiah,
     | ^^^^^^^^^^^^^^^
> 15 |   PAYMENT_STATUS_LABEL,
     | ^^^^^^^^^^^^^^^^^^^^^^^
> 16 |   SUBSCRIPTION_STATUS_LABEL,
     | ^^^^^^^^^^^^^^^^^^^^^^^^^^^^
> 17 | } from "../format";
     | ^^^^^^^^^^^^^^^^^^^
  18 | import {
  19 |   useApprovePayment,
  20 |   useRejectPayment,

Import traces:
  Client Component Browser:
    ./src/features/subscription/components/PaymentDetailCard.tsx [Client Component Browser]
    ./src/features/subscription/components/DashboardView.tsx [Client Component Browser]
    ./src/features/subscription/components/DashboardShell.tsx [Client Component Browser]
    ./src/features/subscription/components/DashboardShell.tsx [Server Component]
    ./src/features/subscription/pages/DashboardPage.tsx [Server Component]
    ./src/app/dashboard/page.tsx [Server Component]

  Client Component SSR:
    ./src/features/subscription/components/PaymentDetailCard.tsx [Client Component SSR]
    ./src/features/subscription/components/DashboardView.tsx [Client Component SSR]
    ./src/features/subscription/components/DashboardShell.tsx [Client Component SSR]
    ./src/features/subscription/components/DashboardShell.tsx [Server Component]
    ./src/features/subscription/pages/DashboardPage.tsx [Server Component]
    ./src/app/dashboard/page.tsx [Server Component]

https://nextjs.org/docs/messages/module-not-found @ http://localhost:3000/_next/static/chunks/node_modules_next_dist_05y3oi5z9mc_3._.js:995
[  613619ms] [ERROR] ./src/features/subscription/components/PaymentProofForm.tsx:10:1
Error: Module not found: Can't resolve '../format'
   8 | import { Spinner } from "@/components/ui/spinner";
   9 | import type { SubscriptionDTO } from "../types";
> 10 | import { PROOF_ACCEPT, PROOF_MAX_BYTES, formatRupiah } from "../format";
     | ^^^^^^^^^^^^^^^^^^^^^^^^^^^^^^^^^^^^^^^^^^^^^^^^^^^^^^^^^^^^^^^^^^^^^^^^
  11 | import { useSubmitPaymentProof } from "../hooks/use-submit-payment-proof";
  12 | import { PaymentStatusBadge, SubscriptionStatusBadge } from "./StatusBadge";
  13 |

Import traces:
  Client Component Browser:
    ./src/features/subscription/components/PaymentProofForm.tsx [Client Component Browser]
    ./src/features/subscription/components/SubscriptionCard.tsx [Client Component Browser]
    ./src/features/subscription/components/DashboardView.tsx [Client Component Browser]
    ./src/features/subscription/components/DashboardShell.tsx [Client Component Browser]
    ./src/features/subscription/components/DashboardShell.tsx [Server Component]
    ./src/features/subscription/pages/DashboardPage.tsx [Server Component]
    ./src/app/dashboard/page.tsx [Server Component]

  Client Component SSR:
    ./src/features/subscription/components/PaymentProofForm.tsx [Client Component SSR]
    ./src/features/subscription/components/SubscriptionCard.tsx [Client Component SSR]
    ./src/features/subscription/components/DashboardView.tsx [Client Component SSR]
    ./src/features/subscription/components/DashboardShell.tsx [Client Component SSR]
    ./src/features/subscription/components/DashboardShell.tsx [Server Component]
    ./src/features/subscription/pages/DashboardPage.tsx [Server Component]
    ./src/app/dashboard/page.tsx [Server Component]

https://nextjs.org/docs/messages/module-not-found @ http://localhost:3000/_next/static/chunks/node_modules_next_dist_05y3oi5z9mc_3._.js:995
[  613620ms] [ERROR] ./src/features/subscription/components/PlanCard.tsx:6:1
Error: Module not found: Can't resolve '../format'
  4 | import { Spinner } from "@/components/ui/spinner";
  5 | import type { SubscriptionStatus } from "@/generated/prisma/enums";
> 6 | import { formatDuration, formatRupiah } from "../format";
    | ^^^^^^^^^^^^^^^^^^^^^^^^^^^^^^^^^^^^^^^^^^^^^^^^^^^^^^^^^
  7 | import type { PlanDTO } from "../types";
  8 | import { SubscriptionStatusBadge } from "./StatusBadge";
  9 |

Import traces:
  Client Component Browser:
    ./src/features/subscription/components/PlanCard.tsx [Client Component Browser]
    ./src/features/subscription/components/DashboardView.tsx [Client Component Browser]
    ./src/features/subscription/components/DashboardShell.tsx [Client Component Browser]
    ./src/features/subscription/components/DashboardShell.tsx [Server Component]
    ./src/features/subscription/pages/DashboardPage.tsx [Server Component]
    ./src/app/dashboard/page.tsx [Server Component]

  Client Component SSR:
    ./src/features/subscription/components/PlanCard.tsx [Client Component SSR]
    ./src/features/subscription/components/DashboardView.tsx [Client Component SSR]
    ./src/features/subscription/components/DashboardShell.tsx [Client Component SSR]
    ./src/features/subscription/components/DashboardShell.tsx [Server Component]
    ./src/features/subscription/pages/DashboardPage.tsx [Server Component]
    ./src/app/dashboard/page.tsx [Server Component]

https://nextjs.org/docs/messages/module-not-found @ http://localhost:3000/_next/static/chunks/node_modules_next_dist_05y3oi5z9mc_3._.js:995
[  613620ms] [ERROR] ./src/features/subscription/components/StatusBadge.tsx:5:1
Error: Module not found: Can't resolve '../format'
   3 | import { Badge } from "@/components/ui/badge";
   4 | import { cn } from "@/lib/utils";
>  5 | import {
     | ^^^^^^^
>  6 |   PAYMENT_STATUS_LABEL,
     | ^^^^^^^^^^^^^^^^^^^^^^^
>  7 |   SUBSCRIPTION_STATUS_LABEL,
     | ^^^^^^^^^^^^^^^^^^^^^^^^^^^^
>  8 | } from "../format";
     | ^^^^^^^^^^^^^^^^^^^
   9 |
  10 | /** Warm palette tones, one per lifecycle status, matching the auth surface. */
  11 | const subscriptionTone: Record<SubscriptionStatus, string> = {

Import traces:
  Client Component Browser:
    ./src/features/subscription/components/StatusBadge.tsx [Client Component Browser]
    ./src/features/subscription/components/PlanCard.tsx [Client Component Browser]
    ./src/features/subscription/components/DashboardView.tsx [Client Component Browser]
    ./src/features/subscription/components/DashboardShell.tsx [Client Component Browser]
    ./src/features/subscription/components/DashboardShell.tsx [Server Component]
    ./src/features/subscription/pages/DashboardPage.tsx [Server Component]
    ./src/app/dashboard/page.tsx [Server Component]

  Client Component SSR:
    ./src/features/subscription/components/StatusBadge.tsx [Client Component SSR]
    ./src/features/subscription/components/PlanCard.tsx [Client Component SSR]
    ./src/features/subscription/components/DashboardView.tsx [Client Component SSR]
    ./src/features/subscription/components/DashboardShell.tsx [Client Component SSR]
    ./src/features/subscription/components/DashboardShell.tsx [Server Component]
    ./src/features/subscription/pages/DashboardPage.tsx [Server Component]
    ./src/app/dashboard/page.tsx [Server Component]

https://nextjs.org/docs/messages/module-not-found @ http://localhost:3000/_next/static/chunks/node_modules_next_dist_05y3oi5z9mc_3._.js:995
[  613620ms] [ERROR] ./src/features/subscription/components/SubscriptionCard.tsx:5:1
Error: Module not found: Can't resolve '../format'
   3 | import { Button } from "@/components/ui/button";
   4 | import type { SubscriptionStatus } from "@/generated/prisma/enums";
>  5 | import {
     | ^^^^^^^
>  6 |   formatDate,
     | ^^^^^^^^^^^^^
>  7 |   formatDuration,
     | ^^^^^^^^^^^^^^^^^
>  8 |   formatRupiah,
     | ^^^^^^^^^^^^^^^
>  9 |   PAYMENT_STATUS_LABEL,
     | ^^^^^^^^^^^^^^^^^^^^^^^
> 10 |   SUBSCRIPTION_STATUS_LABEL,
     | ^^^^^^^^^^^^^^^^^^^^^^^^^^^^
> 11 | } from "../format";
     | ^^^^^^^^^^^^^^^^^^^
  12 | import { useRenewSubscription } from "../hooks/use-renew-subscription";
  13 | import type { SubscriptionDTO } from "../types";
  14 | import { PaymentProofForm } from "./PaymentProofForm";

Import traces:
  Client Component Browser:
    ./src/features/subscription/components/SubscriptionCard.tsx [Client Component Browser]
    ./src/features/subscription/components/DashboardView.tsx [Client Component Browser]
    ./src/features/subscription/components/DashboardShell.tsx [Client Component Browser]
    ./src/features/subscription/components/DashboardShell.tsx [Server Component]
    ./src/features/subscription/pages/DashboardPage.tsx [Server Component]
    ./src/app/dashboard/page.tsx [Server Component]

  Client Component SSR:
    ./src/features/subscription/components/SubscriptionCard.tsx [Client Component SSR]
    ./src/features/subscription/components/DashboardView.tsx [Client Component SSR]
    ./src/features/subscription/components/DashboardShell.tsx [Client Component SSR]
    ./src/features/subscription/components/DashboardShell.tsx [Server Component]
    ./src/features/subscription/pages/DashboardPage.tsx [Server Component]
    ./src/app/dashboard/page.tsx [Server Component]

https://nextjs.org/docs/messages/module-not-found @ http://localhost:3000/_next/static/chunks/node_modules_next_dist_05y3oi5z9mc_3._.js:995
[  613620ms] [ERROR] ./src/features/subscription/dal.ts:6:1
Error: Module not found: Can't resolve './http'
  4 | } from "@/generated/prisma/enums";
  5 | import { prisma } from "@/lib/prisma";
> 6 | import { SubscriptionError } from "./http";
    | ^^^^^^^^^^^^^^^^^^^^^^^^^^^^^^^^^^^^^^^^^^^
  7 | import { computePeriod } from "./period";
  8 | import {
  9 |   adminPaymentInclude,

Import trace:
  Server Component:
    ./src/features/subscription/dal.ts
    ./src/features/subscription/pages/DashboardPage.tsx
    ./src/app/dashboard/page.tsx

https://nextjs.org/docs/messages/module-not-found @ http://localhost:3000/_next/static/chunks/node_modules_next_dist_05y3oi5z9mc_3._.js:995
[  613620ms] [ERROR] ./src/features/subscription/dal.ts:7:1
Error: Module not found: Can't resolve './period'
   5 | import { prisma } from "@/lib/prisma";
   6 | import { SubscriptionError } from "./http";
>  7 | import { computePeriod } from "./period";
     | ^^^^^^^^^^^^^^^^^^^^^^^^^^^^^^^^^^^^^^^^^
   8 | import {
   9 |   adminPaymentInclude,
  10 |   serializeAdminPayment,

Import trace:
  Server Component:
    ./src/features/subscription/dal.ts
    ./src/features/subscription/pages/DashboardPage.tsx
    ./src/app/dashboard/page.tsx

https://nextjs.org/docs/messages/module-not-found @ http://localhost:3000/_next/static/chunks/node_modules_next_dist_05y3oi5z9mc_3._.js:995
[  613620ms] [ERROR] ./src/components/app-sidebar.tsx:8:1
Error: Module not found: Can't resolve '@/features/subscription/navigation'
   6 |
   7 | import { LogoutButton } from "@/components/logout-button";
>  8 | import { navEntriesFor } from "@/features/subscription/navigation";
     | ^^^^^^^^^^^^^^^^^^^^^^^^^^^^^^^^^^^^^^^^^^^^^^^^^^^^^^^^^^^^^^^^^^^
   9 | import type { WorkspaceView } from "@/features/subscription/types";
  10 | import { cn } from "@/lib/utils";
  11 |

Import map: aliased to relative './src/features/subscription/navigation' inside of [project]/

Import traces:
  Client Component Browser:
    ./src/components/app-sidebar.tsx [Client Component Browser]
    ./src/features/subscription/components/DashboardShell.tsx [Client Component Browser]
    ./src/features/subscription/components/DashboardShell.tsx [Server Component]
    ./src/features/subscription/pages/DashboardPage.tsx [Server Component]
    ./src/app/dashboard/page.tsx [Server Component]

  Client Component SSR:
    ./src/components/app-sidebar.tsx [Client Component SSR]
    ./src/features/subscription/components/DashboardShell.tsx [Client Component SSR]
    ./src/features/subscription/components/DashboardShell.tsx [Server Component]
    ./src/features/subscription/pages/DashboardPage.tsx [Server Component]
    ./src/app/dashboard/page.tsx [Server Component]

https://nextjs.org/docs/messages/module-not-found @ http://localhost:3000/_next/static/chunks/node_modules_next_dist_05y3oi5z9mc_3._.js:995
[  613620ms] [ERROR] ./src/app/api/admin/stats/route.ts:4:1
Error: Module not found: Can't resolve '@/features/subscription/http'
  2 |
  3 | import { getPlatformStats } from "@/features/subscription/dal";
> 4 | import { errorResponse, requireApiAdmin } from "@/features/subscription/http";
    | ^^^^^^^^^^^^^^^^^^^^^^^^^^^^^^^^^^^^^^^^^^^^^^^^^^^^^^^^^^^^^^^^^^^^^^^^^^^^^^
  5 |
  6 | /**
  7 |  * PRD §11: the two counters the admin summary shows. The dashboard reads them

Import map: aliased to relative './src/features/subscription/http' inside of [project]/

https://nextjs.org/docs/messages/module-not-found @ http://localhost:3000/_next/static/chunks/node_modules_next_dist_05y3oi5z9mc_3._.js:995
[  613707ms] [ERROR] ./src/features/subscription/components/DashboardView.tsx:11:1
Error: Module not found: Can't resolve '../format'
   9 | import type { Workspace } from "../dal";
  10 | import type { SubscriptionStatus } from "@/generated/prisma/enums";
> 11 | import { formatDate, formatRupiah } from "../format";
     | ^^^^^^^^^^^^^^^^^^^^^^^^^^^^^^^^^^^^^^^^^^^^^^^^^^^^^
  12 | import { useCreateSubscription } from "../hooks/use-subscriptions";
  13 | import { useRenewSubscription } from "../hooks/use-renew-subscription";
  14 | import type {

Import traces:
  Client Component Browser:
    ./src/features/subscription/components/DashboardView.tsx [Client Component Browser]
    ./src/features/subscription/components/DashboardShell.tsx [Client Component Browser]
    ./src/features/subscription/components/DashboardShell.tsx [Server Component]
    ./src/features/subscription/pages/DashboardPage.tsx [Server Component]
    ./src/app/dashboard/page.tsx [Server Component]

  Client Component SSR:
    ./src/features/subscription/components/DashboardView.tsx [Client Component SSR]
    ./src/features/subscription/components/DashboardShell.tsx [Client Component SSR]
    ./src/features/subscription/components/DashboardShell.tsx [Server Component]
    ./src/features/subscription/pages/DashboardPage.tsx [Server Component]
    ./src/app/dashboard/page.tsx [Server Component]

https://nextjs.org/docs/messages/module-not-found @ http://localhost:3000/_next/static/chunks/node_modules_next_dist_05y3oi5z9mc_3._.js:995
[  613707ms] [ERROR] ./src/features/subscription/components/PaymentDetailCard.tsx:10:1
Error: Module not found: Can't resolve '../format'
   8 | import { Spinner } from "@/components/ui/spinner";
   9 | import { cn } from "@/lib/utils";
> 10 | import {
     | ^^^^^^^
> 11 |   formatDate,
     | ^^^^^^^^^^^^^
> 12 |   formatDateTime,
     | ^^^^^^^^^^^^^^^^^
> 13 |   formatDuration,
     | ^^^^^^^^^^^^^^^^^
> 14 |   formatRupiah,
     | ^^^^^^^^^^^^^^^
> 15 |   PAYMENT_STATUS_LABEL,
     | ^^^^^^^^^^^^^^^^^^^^^^^
> 16 |   SUBSCRIPTION_STATUS_LABEL,
     | ^^^^^^^^^^^^^^^^^^^^^^^^^^^^
> 17 | } from "../format";
     | ^^^^^^^^^^^^^^^^^^^
  18 | import {
  19 |   useApprovePayment,
  20 |   useRejectPayment,

Import traces:
  Client Component Browser:
    ./src/features/subscription/components/PaymentDetailCard.tsx [Client Component Browser]
    ./src/features/subscription/components/DashboardView.tsx [Client Component Browser]
    ./src/features/subscription/components/DashboardShell.tsx [Client Component Browser]
    ./src/features/subscription/components/DashboardShell.tsx [Server Component]
    ./src/features/subscription/pages/DashboardPage.tsx [Server Component]
    ./src/app/dashboard/page.tsx [Server Component]

  Client Component SSR:
    ./src/features/subscription/components/PaymentDetailCard.tsx [Client Component SSR]
    ./src/features/subscription/components/DashboardView.tsx [Client Component SSR]
    ./src/features/subscription/components/DashboardShell.tsx [Client Component SSR]
    ./src/features/subscription/components/DashboardShell.tsx [Server Component]
    ./src/features/subscription/pages/DashboardPage.tsx [Server Component]
    ./src/app/dashboard/page.tsx [Server Component]

https://nextjs.org/docs/messages/module-not-found @ http://localhost:3000/_next/static/chunks/node_modules_next_dist_05y3oi5z9mc_3._.js:995
[  613707ms] [ERROR] ./src/features/subscription/components/PaymentProofForm.tsx:10:1
Error: Module not found: Can't resolve '../format'
   8 | import { Spinner } from "@/components/ui/spinner";
   9 | import type { SubscriptionDTO } from "../types";
> 10 | import { PROOF_ACCEPT, PROOF_MAX_BYTES, formatRupiah } from "../format";
     | ^^^^^^^^^^^^^^^^^^^^^^^^^^^^^^^^^^^^^^^^^^^^^^^^^^^^^^^^^^^^^^^^^^^^^^^^
  11 | import { useSubmitPaymentProof } from "../hooks/use-submit-payment-proof";
  12 | import { PaymentStatusBadge, SubscriptionStatusBadge } from "./StatusBadge";
  13 |

Import traces:
  Client Component Browser:
    ./src/features/subscription/components/PaymentProofForm.tsx [Client Component Browser]
    ./src/features/subscription/components/SubscriptionCard.tsx [Client Component Browser]
    ./src/features/subscription/components/DashboardView.tsx [Client Component Browser]
    ./src/features/subscription/components/DashboardShell.tsx [Client Component Browser]
    ./src/features/subscription/components/DashboardShell.tsx [Server Component]
    ./src/features/subscription/pages/DashboardPage.tsx [Server Component]
    ./src/app/dashboard/page.tsx [Server Component]

  Client Component SSR:
    ./src/features/subscription/components/PaymentProofForm.tsx [Client Component SSR]
    ./src/features/subscription/components/SubscriptionCard.tsx [Client Component SSR]
    ./src/features/subscription/components/DashboardView.tsx [Client Component SSR]
    ./src/features/subscription/components/DashboardShell.tsx [Client Component SSR]
    ./src/features/subscription/components/DashboardShell.tsx [Server Component]
    ./src/features/subscription/pages/DashboardPage.tsx [Server Component]
    ./src/app/dashboard/page.tsx [Server Component]

https://nextjs.org/docs/messages/module-not-found @ http://localhost:3000/_next/static/chunks/node_modules_next_dist_05y3oi5z9mc_3._.js:995
[  613707ms] [ERROR] ./src/features/subscription/components/PlanCard.tsx:6:1
Error: Module not found: Can't resolve '../format'
  4 | import { Spinner } from "@/components/ui/spinner";
  5 | import type { SubscriptionStatus } from "@/generated/prisma/enums";
> 6 | import { formatDuration, formatRupiah } from "../format";
    | ^^^^^^^^^^^^^^^^^^^^^^^^^^^^^^^^^^^^^^^^^^^^^^^^^^^^^^^^^
  7 | import type { PlanDTO } from "../types";
  8 | import { SubscriptionStatusBadge } from "./StatusBadge";
  9 |

Import traces:
  Client Component Browser:
    ./src/features/subscription/components/PlanCard.tsx [Client Component Browser]
    ./src/features/subscription/components/DashboardView.tsx [Client Component Browser]
    ./src/features/subscription/components/DashboardShell.tsx [Client Component Browser]
    ./src/features/subscription/components/DashboardShell.tsx [Server Component]
    ./src/features/subscription/pages/DashboardPage.tsx [Server Component]
    ./src/app/dashboard/page.tsx [Server Component]

  Client Component SSR:
    ./src/features/subscription/components/PlanCard.tsx [Client Component SSR]
    ./src/features/subscription/components/DashboardView.tsx [Client Component SSR]
    ./src/features/subscription/components/DashboardShell.tsx [Client Component SSR]
    ./src/features/subscription/components/DashboardShell.tsx [Server Component]
    ./src/features/subscription/pages/DashboardPage.tsx [Server Component]
    ./src/app/dashboard/page.tsx [Server Component]

https://nextjs.org/docs/messages/module-not-found @ http://localhost:3000/_next/static/chunks/node_modules_next_dist_05y3oi5z9mc_3._.js:995
[  613707ms] [ERROR] ./src/features/subscription/components/StatusBadge.tsx:5:1
Error: Module not found: Can't resolve '../format'
   3 | import { Badge } from "@/components/ui/badge";
   4 | import { cn } from "@/lib/utils";
>  5 | import {
     | ^^^^^^^
>  6 |   PAYMENT_STATUS_LABEL,
     | ^^^^^^^^^^^^^^^^^^^^^^^
>  7 |   SUBSCRIPTION_STATUS_LABEL,
     | ^^^^^^^^^^^^^^^^^^^^^^^^^^^^
>  8 | } from "../format";
     | ^^^^^^^^^^^^^^^^^^^
   9 |
  10 | /** Warm palette tones, one per lifecycle status, matching the auth surface. */
  11 | const subscriptionTone: Record<SubscriptionStatus, string> = {

Import traces:
  Client Component Browser:
    ./src/features/subscription/components/StatusBadge.tsx [Client Component Browser]
    ./src/features/subscription/components/PlanCard.tsx [Client Component Browser]
    ./src/features/subscription/components/DashboardView.tsx [Client Component Browser]
    ./src/features/subscription/components/DashboardShell.tsx [Client Component Browser]
    ./src/features/subscription/components/DashboardShell.tsx [Server Component]
    ./src/features/subscription/pages/DashboardPage.tsx [Server Component]
    ./src/app/dashboard/page.tsx [Server Component]

  Client Component SSR:
    ./src/features/subscription/components/StatusBadge.tsx [Client Component SSR]
    ./src/features/subscription/components/PlanCard.tsx [Client Component SSR]
    ./src/features/subscription/components/DashboardView.tsx [Client Component SSR]
    ./src/features/subscription/components/DashboardShell.tsx [Client Component SSR]
    ./src/features/subscription/components/DashboardShell.tsx [Server Component]
    ./src/features/subscription/pages/DashboardPage.tsx [Server Component]
    ./src/app/dashboard/page.tsx [Server Component]

https://nextjs.org/docs/messages/module-not-found @ http://localhost:3000/_next/static/chunks/node_modules_next_dist_05y3oi5z9mc_3._.js:995
[  613707ms] [ERROR] ./src/features/subscription/components/SubscriptionCard.tsx:5:1
Error: Module not found: Can't resolve '../format'
   3 | import { Button } from "@/components/ui/button";
   4 | import type { SubscriptionStatus } from "@/generated/prisma/enums";
>  5 | import {
     | ^^^^^^^
>  6 |   formatDate,
     | ^^^^^^^^^^^^^
>  7 |   formatDuration,
     | ^^^^^^^^^^^^^^^^^
>  8 |   formatRupiah,
     | ^^^^^^^^^^^^^^^
>  9 |   PAYMENT_STATUS_LABEL,
     | ^^^^^^^^^^^^^^^^^^^^^^^
> 10 |   SUBSCRIPTION_STATUS_LABEL,
     | ^^^^^^^^^^^^^^^^^^^^^^^^^^^^
> 11 | } from "../format";
     | ^^^^^^^^^^^^^^^^^^^
  12 | import { useRenewSubscription } from "../hooks/use-renew-subscription";
  13 | import type { SubscriptionDTO } from "../types";
  14 | import { PaymentProofForm } from "./PaymentProofForm";

Import traces:
  Client Component Browser:
    ./src/features/subscription/components/SubscriptionCard.tsx [Client Component Browser]
    ./src/features/subscription/components/DashboardView.tsx [Client Component Browser]
    ./src/features/subscription/components/DashboardShell.tsx [Client Component Browser]
    ./src/features/subscription/components/DashboardShell.tsx [Server Component]
    ./src/features/subscription/pages/DashboardPage.tsx [Server Component]
    ./src/app/dashboard/page.tsx [Server Component]

  Client Component SSR:
    ./src/features/subscription/components/SubscriptionCard.tsx [Client Component SSR]
    ./src/features/subscription/components/DashboardView.tsx [Client Component SSR]
    ./src/features/subscription/components/DashboardShell.tsx [Client Component SSR]
    ./src/features/subscription/components/DashboardShell.tsx [Server Component]
    ./src/features/subscription/pages/DashboardPage.tsx [Server Component]
    ./src/app/dashboard/page.tsx [Server Component]

https://nextjs.org/docs/messages/module-not-found @ http://localhost:3000/_next/static/chunks/node_modules_next_dist_05y3oi5z9mc_3._.js:995
[  613707ms] [ERROR] ./src/features/subscription/dal.ts:6:1
Error: Module not found: Can't resolve './http'
  4 | } from "@/generated/prisma/enums";
  5 | import { prisma } from "@/lib/prisma";
> 6 | import { SubscriptionError } from "./http";
    | ^^^^^^^^^^^^^^^^^^^^^^^^^^^^^^^^^^^^^^^^^^^
  7 | import { computePeriod } from "./period";
  8 | import {
  9 |   adminPaymentInclude,

Import trace:
  Server Component:
    ./src/features/subscription/dal.ts
    ./src/features/subscription/pages/DashboardPage.tsx
    ./src/app/dashboard/page.tsx

https://nextjs.org/docs/messages/module-not-found @ http://localhost:3000/_next/static/chunks/node_modules_next_dist_05y3oi5z9mc_3._.js:995
[  613707ms] [ERROR] ./src/features/subscription/dal.ts:7:1
Error: Module not found: Can't resolve './period'
   5 | import { prisma } from "@/lib/prisma";
   6 | import { SubscriptionError } from "./http";
>  7 | import { computePeriod } from "./period";
     | ^^^^^^^^^^^^^^^^^^^^^^^^^^^^^^^^^^^^^^^^^
   8 | import {
   9 |   adminPaymentInclude,
  10 |   serializeAdminPayment,

Import trace:
  Server Component:
    ./src/features/subscription/dal.ts
    ./src/features/subscription/pages/DashboardPage.tsx
    ./src/app/dashboard/page.tsx

https://nextjs.org/docs/messages/module-not-found @ http://localhost:3000/_next/static/chunks/node_modules_next_dist_05y3oi5z9mc_3._.js:995
[  613707ms] [ERROR] ./src/components/app-sidebar.tsx:8:1
Error: Module not found: Can't resolve '@/features/subscription/navigation'
   6 |
   7 | import { LogoutButton } from "@/components/logout-button";
>  8 | import { navEntriesFor } from "@/features/subscription/navigation";
     | ^^^^^^^^^^^^^^^^^^^^^^^^^^^^^^^^^^^^^^^^^^^^^^^^^^^^^^^^^^^^^^^^^^^
   9 | import type { WorkspaceView } from "@/features/subscription/types";
  10 | import { cn } from "@/lib/utils";
  11 |

Import map: aliased to relative './src/features/subscription/navigation' inside of [project]/

Import traces:
  Client Component Browser:
    ./src/components/app-sidebar.tsx [Client Component Browser]
    ./src/features/subscription/components/DashboardShell.tsx [Client Component Browser]
    ./src/features/subscription/components/DashboardShell.tsx [Server Component]
    ./src/features/subscription/pages/DashboardPage.tsx [Server Component]
    ./src/app/dashboard/page.tsx [Server Component]

  Client Component SSR:
    ./src/components/app-sidebar.tsx [Client Component SSR]
    ./src/features/subscription/components/DashboardShell.tsx [Client Component SSR]
    ./src/features/subscription/components/DashboardShell.tsx [Server Component]
    ./src/features/subscription/pages/DashboardPage.tsx [Server Component]
    ./src/app/dashboard/page.tsx [Server Component]

https://nextjs.org/docs/messages/module-not-found @ http://localhost:3000/_next/static/chunks/node_modules_next_dist_05y3oi5z9mc_3._.js:995
[  613707ms] [ERROR] ./src/app/api/admin/stats/route.ts:4:1
Error: Module not found: Can't resolve '@/features/subscription/http'
  2 |
  3 | import { getPlatformStats } from "@/features/subscription/dal";
> 4 | import { errorResponse, requireApiAdmin } from "@/features/subscription/http";
    | ^^^^^^^^^^^^^^^^^^^^^^^^^^^^^^^^^^^^^^^^^^^^^^^^^^^^^^^^^^^^^^^^^^^^^^^^^^^^^^
  5 |
  6 | /**
  7 |  * PRD §11: the two counters the admin summary shows. The dashboard reads them

Import map: aliased to relative './src/features/subscription/http' inside of [project]/

https://nextjs.org/docs/messages/module-not-found @ http://localhost:3000/_next/static/chunks/node_modules_next_dist_05y3oi5z9mc_3._.js:995
[  613788ms] [ERROR] ./src/features/subscription/components/DashboardView.tsx:11:1
Error: Module not found: Can't resolve '../format'
   9 | import type { Workspace } from "../dal";
  10 | import type { SubscriptionStatus } from "@/generated/prisma/enums";
> 11 | import { formatDate, formatRupiah } from "../format";
     | ^^^^^^^^^^^^^^^^^^^^^^^^^^^^^^^^^^^^^^^^^^^^^^^^^^^^^
  12 | import { useCreateSubscription } from "../hooks/use-subscriptions";
  13 | import { useRenewSubscription } from "../hooks/use-renew-subscription";
  14 | import type {

Import traces:
  Client Component Browser:
    ./src/features/subscription/components/DashboardView.tsx [Client Component Browser]
    ./src/features/subscription/components/DashboardShell.tsx [Client Component Browser]
    ./src/features/subscription/components/DashboardShell.tsx [Server Component]
    ./src/features/subscription/pages/DashboardPage.tsx [Server Component]
    ./src/app/dashboard/page.tsx [Server Component]

  Client Component SSR:
    ./src/features/subscription/components/DashboardView.tsx [Client Component SSR]
    ./src/features/subscription/components/DashboardShell.tsx [Client Component SSR]
    ./src/features/subscription/components/DashboardShell.tsx [Server Component]
    ./src/features/subscription/pages/DashboardPage.tsx [Server Component]
    ./src/app/dashboard/page.tsx [Server Component]

https://nextjs.org/docs/messages/module-not-found @ http://localhost:3000/_next/static/chunks/node_modules_next_dist_05y3oi5z9mc_3._.js:995
[  613789ms] [ERROR] ./src/features/subscription/components/PaymentDetailCard.tsx:10:1
Error: Module not found: Can't resolve '../format'
   8 | import { Spinner } from "@/components/ui/spinner";
   9 | import { cn } from "@/lib/utils";
> 10 | import {
     | ^^^^^^^
> 11 |   formatDate,
     | ^^^^^^^^^^^^^
> 12 |   formatDateTime,
     | ^^^^^^^^^^^^^^^^^
> 13 |   formatDuration,
     | ^^^^^^^^^^^^^^^^^
> 14 |   formatRupiah,
     | ^^^^^^^^^^^^^^^
> 15 |   PAYMENT_STATUS_LABEL,
     | ^^^^^^^^^^^^^^^^^^^^^^^
> 16 |   SUBSCRIPTION_STATUS_LABEL,
     | ^^^^^^^^^^^^^^^^^^^^^^^^^^^^
> 17 | } from "../format";
     | ^^^^^^^^^^^^^^^^^^^
  18 | import {
  19 |   useApprovePayment,
  20 |   useRejectPayment,

Import traces:
  Client Component Browser:
    ./src/features/subscription/components/PaymentDetailCard.tsx [Client Component Browser]
    ./src/features/subscription/components/DashboardView.tsx [Client Component Browser]
    ./src/features/subscription/components/DashboardShell.tsx [Client Component Browser]
    ./src/features/subscription/components/DashboardShell.tsx [Server Component]
    ./src/features/subscription/pages/DashboardPage.tsx [Server Component]
    ./src/app/dashboard/page.tsx [Server Component]

  Client Component SSR:
    ./src/features/subscription/components/PaymentDetailCard.tsx [Client Component SSR]
    ./src/features/subscription/components/DashboardView.tsx [Client Component SSR]
    ./src/features/subscription/components/DashboardShell.tsx [Client Component SSR]
    ./src/features/subscription/components/DashboardShell.tsx [Server Component]
    ./src/features/subscription/pages/DashboardPage.tsx [Server Component]
    ./src/app/dashboard/page.tsx [Server Component]

https://nextjs.org/docs/messages/module-not-found @ http://localhost:3000/_next/static/chunks/node_modules_next_dist_05y3oi5z9mc_3._.js:995
[  613789ms] [ERROR] ./src/features/subscription/components/PaymentProofForm.tsx:10:1
Error: Module not found: Can't resolve '../format'
   8 | import { Spinner } from "@/components/ui/spinner";
   9 | import type { SubscriptionDTO } from "../types";
> 10 | import { PROOF_ACCEPT, PROOF_MAX_BYTES, formatRupiah } from "../format";
     | ^^^^^^^^^^^^^^^^^^^^^^^^^^^^^^^^^^^^^^^^^^^^^^^^^^^^^^^^^^^^^^^^^^^^^^^^
  11 | import { useSubmitPaymentProof } from "../hooks/use-submit-payment-proof";
  12 | import { PaymentStatusBadge, SubscriptionStatusBadge } from "./StatusBadge";
  13 |

Import traces:
  Client Component Browser:
    ./src/features/subscription/components/PaymentProofForm.tsx [Client Component Browser]
    ./src/features/subscription/components/SubscriptionCard.tsx [Client Component Browser]
    ./src/features/subscription/components/DashboardView.tsx [Client Component Browser]
    ./src/features/subscription/components/DashboardShell.tsx [Client Component Browser]
    ./src/features/subscription/components/DashboardShell.tsx [Server Component]
    ./src/features/subscription/pages/DashboardPage.tsx [Server Component]
    ./src/app/dashboard/page.tsx [Server Component]

  Client Component SSR:
    ./src/features/subscription/components/PaymentProofForm.tsx [Client Component SSR]
    ./src/features/subscription/components/SubscriptionCard.tsx [Client Component SSR]
    ./src/features/subscription/components/DashboardView.tsx [Client Component SSR]
    ./src/features/subscription/components/DashboardShell.tsx [Client Component SSR]
    ./src/features/subscription/components/DashboardShell.tsx [Server Component]
    ./src/features/subscription/pages/DashboardPage.tsx [Server Component]
    ./src/app/dashboard/page.tsx [Server Component]

https://nextjs.org/docs/messages/module-not-found @ http://localhost:3000/_next/static/chunks/node_modules_next_dist_05y3oi5z9mc_3._.js:995
[  613789ms] [ERROR] ./src/features/subscription/components/PlanCard.tsx:6:1
Error: Module not found: Can't resolve '../format'
  4 | import { Spinner } from "@/components/ui/spinner";
  5 | import type { SubscriptionStatus } from "@/generated/prisma/enums";
> 6 | import { formatDuration, formatRupiah } from "../format";
    | ^^^^^^^^^^^^^^^^^^^^^^^^^^^^^^^^^^^^^^^^^^^^^^^^^^^^^^^^^
  7 | import type { PlanDTO } from "../types";
  8 | import { SubscriptionStatusBadge } from "./StatusBadge";
  9 |

Import traces:
  Client Component Browser:
    ./src/features/subscription/components/PlanCard.tsx [Client Component Browser]
    ./src/features/subscription/components/DashboardView.tsx [Client Component Browser]
    ./src/features/subscription/components/DashboardShell.tsx [Client Component Browser]
    ./src/features/subscription/components/DashboardShell.tsx [Server Component]
    ./src/features/subscription/pages/DashboardPage.tsx [Server Component]
    ./src/app/dashboard/page.tsx [Server Component]

  Client Component SSR:
    ./src/features/subscription/components/PlanCard.tsx [Client Component SSR]
    ./src/features/subscription/components/DashboardView.tsx [Client Component SSR]
    ./src/features/subscription/components/DashboardShell.tsx [Client Component SSR]
    ./src/features/subscription/components/DashboardShell.tsx [Server Component]
    ./src/features/subscription/pages/DashboardPage.tsx [Server Component]
    ./src/app/dashboard/page.tsx [Server Component]

https://nextjs.org/docs/messages/module-not-found @ http://localhost:3000/_next/static/chunks/node_modules_next_dist_05y3oi5z9mc_3._.js:995
[  613789ms] [ERROR] ./src/features/subscription/components/StatusBadge.tsx:5:1
Error: Module not found: Can't resolve '../format'
   3 | import { Badge } from "@/components/ui/badge";
   4 | import { cn } from "@/lib/utils";
>  5 | import {
     | ^^^^^^^
>  6 |   PAYMENT_STATUS_LABEL,
     | ^^^^^^^^^^^^^^^^^^^^^^^
>  7 |   SUBSCRIPTION_STATUS_LABEL,
     | ^^^^^^^^^^^^^^^^^^^^^^^^^^^^
>  8 | } from "../format";
     | ^^^^^^^^^^^^^^^^^^^
   9 |
  10 | /** Warm palette tones, one per lifecycle status, matching the auth surface. */
  11 | const subscriptionTone: Record<SubscriptionStatus, string> = {

Import traces:
  Client Component Browser:
    ./src/features/subscription/components/StatusBadge.tsx [Client Component Browser]
    ./src/features/subscription/components/PlanCard.tsx [Client Component Browser]
    ./src/features/subscription/components/DashboardView.tsx [Client Component Browser]
    ./src/features/subscription/components/DashboardShell.tsx [Client Component Browser]
    ./src/features/subscription/components/DashboardShell.tsx [Server Component]
    ./src/features/subscription/pages/DashboardPage.tsx [Server Component]
    ./src/app/dashboard/page.tsx [Server Component]

  Client Component SSR:
    ./src/features/subscription/components/StatusBadge.tsx [Client Component SSR]
    ./src/features/subscription/components/PlanCard.tsx [Client Component SSR]
    ./src/features/subscription/components/DashboardView.tsx [Client Component SSR]
    ./src/features/subscription/components/DashboardShell.tsx [Client Component SSR]
    ./src/features/subscription/components/DashboardShell.tsx [Server Component]
    ./src/features/subscription/pages/DashboardPage.tsx [Server Component]
    ./src/app/dashboard/page.tsx [Server Component]

https://nextjs.org/docs/messages/module-not-found @ http://localhost:3000/_next/static/chunks/node_modules_next_dist_05y3oi5z9mc_3._.js:995
[  613789ms] [ERROR] ./src/features/subscription/components/SubscriptionCard.tsx:5:1
Error: Module not found: Can't resolve '../format'
   3 | import { Button } from "@/components/ui/button";
   4 | import type { SubscriptionStatus } from "@/generated/prisma/enums";
>  5 | import {
     | ^^^^^^^
>  6 |   formatDate,
     | ^^^^^^^^^^^^^
>  7 |   formatDuration,
     | ^^^^^^^^^^^^^^^^^
>  8 |   formatRupiah,
     | ^^^^^^^^^^^^^^^
>  9 |   PAYMENT_STATUS_LABEL,
     | ^^^^^^^^^^^^^^^^^^^^^^^
> 10 |   SUBSCRIPTION_STATUS_LABEL,
     | ^^^^^^^^^^^^^^^^^^^^^^^^^^^^
> 11 | } from "../format";
     | ^^^^^^^^^^^^^^^^^^^
  12 | import { useRenewSubscription } from "../hooks/use-renew-subscription";
  13 | import type { SubscriptionDTO } from "../types";
  14 | import { PaymentProofForm } from "./PaymentProofForm";

Import traces:
  Client Component Browser:
    ./src/features/subscription/components/SubscriptionCard.tsx [Client Component Browser]
    ./src/features/subscription/components/DashboardView.tsx [Client Component Browser]
    ./src/features/subscription/components/DashboardShell.tsx [Client Component Browser]
    ./src/features/subscription/components/DashboardShell.tsx [Server Component]
    ./src/features/subscription/pages/DashboardPage.tsx [Server Component]
    ./src/app/dashboard/page.tsx [Server Component]

  Client Component SSR:
    ./src/features/subscription/components/SubscriptionCard.tsx [Client Component SSR]
    ./src/features/subscription/components/DashboardView.tsx [Client Component SSR]
    ./src/features/subscription/components/DashboardShell.tsx [Client Component SSR]
    ./src/features/subscription/components/DashboardShell.tsx [Server Component]
    ./src/features/subscription/pages/DashboardPage.tsx [Server Component]
    ./src/app/dashboard/page.tsx [Server Component]

https://nextjs.org/docs/messages/module-not-found @ http://localhost:3000/_next/static/chunks/node_modules_next_dist_05y3oi5z9mc_3._.js:995
[  613789ms] [ERROR] ./src/features/subscription/dal.ts:6:1
Error: Module not found: Can't resolve './http'
  4 | } from "@/generated/prisma/enums";
  5 | import { prisma } from "@/lib/prisma";
> 6 | import { SubscriptionError } from "./http";
    | ^^^^^^^^^^^^^^^^^^^^^^^^^^^^^^^^^^^^^^^^^^^
  7 | import { computePeriod } from "./period";
  8 | import {
  9 |   adminPaymentInclude,

Import trace:
  Server Component:
    ./src/features/subscription/dal.ts
    ./src/features/subscription/pages/DashboardPage.tsx
    ./src/app/dashboard/page.tsx

https://nextjs.org/docs/messages/module-not-found @ http://localhost:3000/_next/static/chunks/node_modules_next_dist_05y3oi5z9mc_3._.js:995
[  613789ms] [ERROR] ./src/features/subscription/dal.ts:7:1
Error: Module not found: Can't resolve './period'
   5 | import { prisma } from "@/lib/prisma";
   6 | import { SubscriptionError } from "./http";
>  7 | import { computePeriod } from "./period";
     | ^^^^^^^^^^^^^^^^^^^^^^^^^^^^^^^^^^^^^^^^^
   8 | import {
   9 |   adminPaymentInclude,
  10 |   serializeAdminPayment,

Import trace:
  Server Component:
    ./src/features/subscription/dal.ts
    ./src/features/subscription/pages/DashboardPage.tsx
    ./src/app/dashboard/page.tsx

https://nextjs.org/docs/messages/module-not-found @ http://localhost:3000/_next/static/chunks/node_modules_next_dist_05y3oi5z9mc_3._.js:995
[  613789ms] [ERROR] ./src/components/app-sidebar.tsx:8:1
Error: Module not found: Can't resolve '@/features/subscription/navigation'
   6 |
   7 | import { LogoutButton } from "@/components/logout-button";
>  8 | import { navEntriesFor } from "@/features/subscription/navigation";
     | ^^^^^^^^^^^^^^^^^^^^^^^^^^^^^^^^^^^^^^^^^^^^^^^^^^^^^^^^^^^^^^^^^^^
   9 | import type { WorkspaceView } from "@/features/subscription/types";
  10 | import { cn } from "@/lib/utils";
  11 |

Import map: aliased to relative './src/features/subscription/navigation' inside of [project]/

Import traces:
  Client Component Browser:
    ./src/components/app-sidebar.tsx [Client Component Browser]
    ./src/features/subscription/components/DashboardShell.tsx [Client Component Browser]
    ./src/features/subscription/components/DashboardShell.tsx [Server Component]
    ./src/features/subscription/pages/DashboardPage.tsx [Server Component]
    ./src/app/dashboard/page.tsx [Server Component]

  Client Component SSR:
    ./src/components/app-sidebar.tsx [Client Component SSR]
    ./src/features/subscription/components/DashboardShell.tsx [Client Component SSR]
    ./src/features/subscription/components/DashboardShell.tsx [Server Component]
    ./src/features/subscription/pages/DashboardPage.tsx [Server Component]
    ./src/app/dashboard/page.tsx [Server Component]

https://nextjs.org/docs/messages/module-not-found @ http://localhost:3000/_next/static/chunks/node_modules_next_dist_05y3oi5z9mc_3._.js:995
[  613789ms] [ERROR] ./src/app/api/admin/stats/route.ts:4:1
Error: Module not found: Can't resolve '@/features/subscription/http'
  2 |
  3 | import { getPlatformStats } from "@/features/subscription/dal";
> 4 | import { errorResponse, requireApiAdmin } from "@/features/subscription/http";
    | ^^^^^^^^^^^^^^^^^^^^^^^^^^^^^^^^^^^^^^^^^^^^^^^^^^^^^^^^^^^^^^^^^^^^^^^^^^^^^^
  5 |
  6 | /**
  7 |  * PRD §11: the two counters the admin summary shows. The dashboard reads them

Import map: aliased to relative './src/features/subscription/http' inside of [project]/

https://nextjs.org/docs/messages/module-not-found @ http://localhost:3000/_next/static/chunks/node_modules_next_dist_05y3oi5z9mc_3._.js:995
[  613866ms] [ERROR] ./src/features/subscription/components/DashboardView.tsx:11:1
Error: Module not found: Can't resolve '../format'
   9 | import type { Workspace } from "../dal";
  10 | import type { SubscriptionStatus } from "@/generated/prisma/enums";
> 11 | import { formatDate, formatRupiah } from "../format";
     | ^^^^^^^^^^^^^^^^^^^^^^^^^^^^^^^^^^^^^^^^^^^^^^^^^^^^^
  12 | import { useCreateSubscription } from "../hooks/use-subscriptions";
  13 | import { useRenewSubscription } from "../hooks/use-renew-subscription";
  14 | import type {

Import traces:
  Client Component Browser:
    ./src/features/subscription/components/DashboardView.tsx [Client Component Browser]
    ./src/features/subscription/components/DashboardShell.tsx [Client Component Browser]
    ./src/features/subscription/components/DashboardShell.tsx [Server Component]
    ./src/features/subscription/pages/DashboardPage.tsx [Server Component]
    ./src/app/dashboard/page.tsx [Server Component]

  Client Component SSR:
    ./src/features/subscription/components/DashboardView.tsx [Client Component SSR]
    ./src/features/subscription/components/DashboardShell.tsx [Client Component SSR]
    ./src/features/subscription/components/DashboardShell.tsx [Server Component]
    ./src/features/subscription/pages/DashboardPage.tsx [Server Component]
    ./src/app/dashboard/page.tsx [Server Component]

https://nextjs.org/docs/messages/module-not-found @ http://localhost:3000/_next/static/chunks/node_modules_next_dist_05y3oi5z9mc_3._.js:995
[  613867ms] [ERROR] ./src/features/subscription/components/PaymentDetailCard.tsx:10:1
Error: Module not found: Can't resolve '../format'
   8 | import { Spinner } from "@/components/ui/spinner";
   9 | import { cn } from "@/lib/utils";
> 10 | import {
     | ^^^^^^^
> 11 |   formatDate,
     | ^^^^^^^^^^^^^
> 12 |   formatDateTime,
     | ^^^^^^^^^^^^^^^^^
> 13 |   formatDuration,
     | ^^^^^^^^^^^^^^^^^
> 14 |   formatRupiah,
     | ^^^^^^^^^^^^^^^
> 15 |   PAYMENT_STATUS_LABEL,
     | ^^^^^^^^^^^^^^^^^^^^^^^
> 16 |   SUBSCRIPTION_STATUS_LABEL,
     | ^^^^^^^^^^^^^^^^^^^^^^^^^^^^
> 17 | } from "../format";
     | ^^^^^^^^^^^^^^^^^^^
  18 | import {
  19 |   useApprovePayment,
  20 |   useRejectPayment,

Import traces:
  Client Component Browser:
    ./src/features/subscription/components/PaymentDetailCard.tsx [Client Component Browser]
    ./src/features/subscription/components/DashboardView.tsx [Client Component Browser]
    ./src/features/subscription/components/DashboardShell.tsx [Client Component Browser]
    ./src/features/subscription/components/DashboardShell.tsx [Server Component]
    ./src/features/subscription/pages/DashboardPage.tsx [Server Component]
    ./src/app/dashboard/page.tsx [Server Component]

  Client Component SSR:
    ./src/features/subscription/components/PaymentDetailCard.tsx [Client Component SSR]
    ./src/features/subscription/components/DashboardView.tsx [Client Component SSR]
    ./src/features/subscription/components/DashboardShell.tsx [Client Component SSR]
    ./src/features/subscription/components/DashboardShell.tsx [Server Component]
    ./src/features/subscription/pages/DashboardPage.tsx [Server Component]
    ./src/app/dashboard/page.tsx [Server Component]

https://nextjs.org/docs/messages/module-not-found @ http://localhost:3000/_next/static/chunks/node_modules_next_dist_05y3oi5z9mc_3._.js:995
[  613867ms] [ERROR] ./src/features/subscription/components/PaymentProofForm.tsx:10:1
Error: Module not found: Can't resolve '../format'
   8 | import { Spinner } from "@/components/ui/spinner";
   9 | import type { SubscriptionDTO } from "../types";
> 10 | import { PROOF_ACCEPT, PROOF_MAX_BYTES, formatRupiah } from "../format";
     | ^^^^^^^^^^^^^^^^^^^^^^^^^^^^^^^^^^^^^^^^^^^^^^^^^^^^^^^^^^^^^^^^^^^^^^^^
  11 | import { useSubmitPaymentProof } from "../hooks/use-submit-payment-proof";
  12 | import { PaymentStatusBadge, SubscriptionStatusBadge } from "./StatusBadge";
  13 |

Import traces:
  Client Component Browser:
    ./src/features/subscription/components/PaymentProofForm.tsx [Client Component Browser]
    ./src/features/subscription/components/SubscriptionCard.tsx [Client Component Browser]
    ./src/features/subscription/components/DashboardView.tsx [Client Component Browser]
    ./src/features/subscription/components/DashboardShell.tsx [Client Component Browser]
    ./src/features/subscription/components/DashboardShell.tsx [Server Component]
    ./src/features/subscription/pages/DashboardPage.tsx [Server Component]
    ./src/app/dashboard/page.tsx [Server Component]

  Client Component SSR:
    ./src/features/subscription/components/PaymentProofForm.tsx [Client Component SSR]
    ./src/features/subscription/components/SubscriptionCard.tsx [Client Component SSR]
    ./src/features/subscription/components/DashboardView.tsx [Client Component SSR]
    ./src/features/subscription/components/DashboardShell.tsx [Client Component SSR]
    ./src/features/subscription/components/DashboardShell.tsx [Server Component]
    ./src/features/subscription/pages/DashboardPage.tsx [Server Component]
    ./src/app/dashboard/page.tsx [Server Component]

https://nextjs.org/docs/messages/module-not-found @ http://localhost:3000/_next/static/chunks/node_modules_next_dist_05y3oi5z9mc_3._.js:995
[  613867ms] [ERROR] ./src/features/subscription/components/PlanCard.tsx:6:1
Error: Module not found: Can't resolve '../format'
  4 | import { Spinner } from "@/components/ui/spinner";
  5 | import type { SubscriptionStatus } from "@/generated/prisma/enums";
> 6 | import { formatDuration, formatRupiah } from "../format";
    | ^^^^^^^^^^^^^^^^^^^^^^^^^^^^^^^^^^^^^^^^^^^^^^^^^^^^^^^^^
  7 | import type { PlanDTO } from "../types";
  8 | import { SubscriptionStatusBadge } from "./StatusBadge";
  9 |

Import traces:
  Client Component Browser:
    ./src/features/subscription/components/PlanCard.tsx [Client Component Browser]
    ./src/features/subscription/components/DashboardView.tsx [Client Component Browser]
    ./src/features/subscription/components/DashboardShell.tsx [Client Component Browser]
    ./src/features/subscription/components/DashboardShell.tsx [Server Component]
    ./src/features/subscription/pages/DashboardPage.tsx [Server Component]
    ./src/app/dashboard/page.tsx [Server Component]

  Client Component SSR:
    ./src/features/subscription/components/PlanCard.tsx [Client Component SSR]
    ./src/features/subscription/components/DashboardView.tsx [Client Component SSR]
    ./src/features/subscription/components/DashboardShell.tsx [Client Component SSR]
    ./src/features/subscription/components/DashboardShell.tsx [Server Component]
    ./src/features/subscription/pages/DashboardPage.tsx [Server Component]
    ./src/app/dashboard/page.tsx [Server Component]

https://nextjs.org/docs/messages/module-not-found @ http://localhost:3000/_next/static/chunks/node_modules_next_dist_05y3oi5z9mc_3._.js:995
[  613867ms] [ERROR] ./src/features/subscription/components/StatusBadge.tsx:5:1
Error: Module not found: Can't resolve '../format'
   3 | import { Badge } from "@/components/ui/badge";
   4 | import { cn } from "@/lib/utils";
>  5 | import {
     | ^^^^^^^
>  6 |   PAYMENT_STATUS_LABEL,
     | ^^^^^^^^^^^^^^^^^^^^^^^
>  7 |   SUBSCRIPTION_STATUS_LABEL,
     | ^^^^^^^^^^^^^^^^^^^^^^^^^^^^
>  8 | } from "../format";
     | ^^^^^^^^^^^^^^^^^^^
   9 |
  10 | /** Warm palette tones, one per lifecycle status, matching the auth surface. */
  11 | const subscriptionTone: Record<SubscriptionStatus, string> = {

Import traces:
  Client Component Browser:
    ./src/features/subscription/components/StatusBadge.tsx [Client Component Browser]
    ./src/features/subscription/components/PlanCard.tsx [Client Component Browser]
    ./src/features/subscription/components/DashboardView.tsx [Client Component Browser]
    ./src/features/subscription/components/DashboardShell.tsx [Client Component Browser]
    ./src/features/subscription/components/DashboardShell.tsx [Server Component]
    ./src/features/subscription/pages/DashboardPage.tsx [Server Component]
    ./src/app/dashboard/page.tsx [Server Component]

  Client Component SSR:
    ./src/features/subscription/components/StatusBadge.tsx [Client Component SSR]
    ./src/features/subscription/components/PlanCard.tsx [Client Component SSR]
    ./src/features/subscription/components/DashboardView.tsx [Client Component SSR]
    ./src/features/subscription/components/DashboardShell.tsx [Client Component SSR]
    ./src/features/subscription/components/DashboardShell.tsx [Server Component]
    ./src/features/subscription/pages/DashboardPage.tsx [Server Component]
    ./src/app/dashboard/page.tsx [Server Component]

https://nextjs.org/docs/messages/module-not-found @ http://localhost:3000/_next/static/chunks/node_modules_next_dist_05y3oi5z9mc_3._.js:995
[  613867ms] [ERROR] ./src/features/subscription/components/SubscriptionCard.tsx:5:1
Error: Module not found: Can't resolve '../format'
   3 | import { Button } from "@/components/ui/button";
   4 | import type { SubscriptionStatus } from "@/generated/prisma/enums";
>  5 | import {
     | ^^^^^^^
>  6 |   formatDate,
     | ^^^^^^^^^^^^^
>  7 |   formatDuration,
     | ^^^^^^^^^^^^^^^^^
>  8 |   formatRupiah,
     | ^^^^^^^^^^^^^^^
>  9 |   PAYMENT_STATUS_LABEL,
     | ^^^^^^^^^^^^^^^^^^^^^^^
> 10 |   SUBSCRIPTION_STATUS_LABEL,
     | ^^^^^^^^^^^^^^^^^^^^^^^^^^^^
> 11 | } from "../format";
     | ^^^^^^^^^^^^^^^^^^^
  12 | import { useRenewSubscription } from "../hooks/use-renew-subscription";
  13 | import type { SubscriptionDTO } from "../types";
  14 | import { PaymentProofForm } from "./PaymentProofForm";

Import traces:
  Client Component Browser:
    ./src/features/subscription/components/SubscriptionCard.tsx [Client Component Browser]
    ./src/features/subscription/components/DashboardView.tsx [Client Component Browser]
    ./src/features/subscription/components/DashboardShell.tsx [Client Component Browser]
    ./src/features/subscription/components/DashboardShell.tsx [Server Component]
    ./src/features/subscription/pages/DashboardPage.tsx [Server Component]
    ./src/app/dashboard/page.tsx [Server Component]

  Client Component SSR:
    ./src/features/subscription/components/SubscriptionCard.tsx [Client Component SSR]
    ./src/features/subscription/components/DashboardView.tsx [Client Component SSR]
    ./src/features/subscription/components/DashboardShell.tsx [Client Component SSR]
    ./src/features/subscription/components/DashboardShell.tsx [Server Component]
    ./src/features/subscription/pages/DashboardPage.tsx [Server Component]
    ./src/app/dashboard/page.tsx [Server Component]

https://nextjs.org/docs/messages/module-not-found @ http://localhost:3000/_next/static/chunks/node_modules_next_dist_05y3oi5z9mc_3._.js:995
[  613867ms] [ERROR] ./src/features/subscription/dal.ts:6:1
Error: Module not found: Can't resolve './http'
  4 | } from "@/generated/prisma/enums";
  5 | import { prisma } from "@/lib/prisma";
> 6 | import { SubscriptionError } from "./http";
    | ^^^^^^^^^^^^^^^^^^^^^^^^^^^^^^^^^^^^^^^^^^^
  7 | import { computePeriod } from "./period";
  8 | import {
  9 |   adminPaymentInclude,

Import trace:
  Server Component:
    ./src/features/subscription/dal.ts
    ./src/features/subscription/pages/DashboardPage.tsx
    ./src/app/dashboard/page.tsx

https://nextjs.org/docs/messages/module-not-found @ http://localhost:3000/_next/static/chunks/node_modules_next_dist_05y3oi5z9mc_3._.js:995
[  613867ms] [ERROR] ./src/features/subscription/dal.ts:7:1
Error: Module not found: Can't resolve './period'
   5 | import { prisma } from "@/lib/prisma";
   6 | import { SubscriptionError } from "./http";
>  7 | import { computePeriod } from "./period";
     | ^^^^^^^^^^^^^^^^^^^^^^^^^^^^^^^^^^^^^^^^^
   8 | import {
   9 |   adminPaymentInclude,
  10 |   serializeAdminPayment,

Import trace:
  Server Component:
    ./src/features/subscription/dal.ts
    ./src/features/subscription/pages/DashboardPage.tsx
    ./src/app/dashboard/page.tsx

https://nextjs.org/docs/messages/module-not-found @ http://localhost:3000/_next/static/chunks/node_modules_next_dist_05y3oi5z9mc_3._.js:995
[  613867ms] [ERROR] ./src/components/app-sidebar.tsx:8:1
Error: Module not found: Can't resolve '@/features/subscription/navigation'
   6 |
   7 | import { LogoutButton } from "@/components/logout-button";
>  8 | import { navEntriesFor } from "@/features/subscription/navigation";
     | ^^^^^^^^^^^^^^^^^^^^^^^^^^^^^^^^^^^^^^^^^^^^^^^^^^^^^^^^^^^^^^^^^^^
   9 | import type { WorkspaceView } from "@/features/subscription/types";
  10 | import { cn } from "@/lib/utils";
  11 |

Import map: aliased to relative './src/features/subscription/navigation' inside of [project]/

Import traces:
  Client Component Browser:
    ./src/components/app-sidebar.tsx [Client Component Browser]
    ./src/features/subscription/components/DashboardShell.tsx [Client Component Browser]
    ./src/features/subscription/components/DashboardShell.tsx [Server Component]
    ./src/features/subscription/pages/DashboardPage.tsx [Server Component]
    ./src/app/dashboard/page.tsx [Server Component]

  Client Component SSR:
    ./src/components/app-sidebar.tsx [Client Component SSR]
    ./src/features/subscription/components/DashboardShell.tsx [Client Component SSR]
    ./src/features/subscription/components/DashboardShell.tsx [Server Component]
    ./src/features/subscription/pages/DashboardPage.tsx [Server Component]
    ./src/app/dashboard/page.tsx [Server Component]

https://nextjs.org/docs/messages/module-not-found @ http://localhost:3000/_next/static/chunks/node_modules_next_dist_05y3oi5z9mc_3._.js:995
[  613867ms] [ERROR] ./src/app/api/admin/stats/route.ts:4:1
Error: Module not found: Can't resolve '@/features/subscription/http'
  2 |
  3 | import { getPlatformStats } from "@/features/subscription/dal";
> 4 | import { errorResponse, requireApiAdmin } from "@/features/subscription/http";
    | ^^^^^^^^^^^^^^^^^^^^^^^^^^^^^^^^^^^^^^^^^^^^^^^^^^^^^^^^^^^^^^^^^^^^^^^^^^^^^^
  5 |
  6 | /**
  7 |  * PRD §11: the two counters the admin summary shows. The dashboard reads them

Import map: aliased to relative './src/features/subscription/http' inside of [project]/

https://nextjs.org/docs/messages/module-not-found @ http://localhost:3000/_next/static/chunks/node_modules_next_dist_05y3oi5z9mc_3._.js:995
[  613953ms] [ERROR] ./src/features/subscription/components/DashboardView.tsx:11:1
Error: Module not found: Can't resolve '../format'
   9 | import type { Workspace } from "../dal";
  10 | import type { SubscriptionStatus } from "@/generated/prisma/enums";
> 11 | import { formatDate, formatRupiah } from "../format";
     | ^^^^^^^^^^^^^^^^^^^^^^^^^^^^^^^^^^^^^^^^^^^^^^^^^^^^^
  12 | import { useCreateSubscription } from "../hooks/use-subscriptions";
  13 | import { useRenewSubscription } from "../hooks/use-renew-subscription";
  14 | import type {

Import traces:
  Client Component Browser:
    ./src/features/subscription/components/DashboardView.tsx [Client Component Browser]
    ./src/features/subscription/components/DashboardShell.tsx [Client Component Browser]
    ./src/features/subscription/components/DashboardShell.tsx [Server Component]
    ./src/features/subscription/pages/DashboardPage.tsx [Server Component]
    ./src/app/dashboard/page.tsx [Server Component]

  Client Component SSR:
    ./src/features/subscription/components/DashboardView.tsx [Client Component SSR]
    ./src/features/subscription/components/DashboardShell.tsx [Client Component SSR]
    ./src/features/subscription/components/DashboardShell.tsx [Server Component]
    ./src/features/subscription/pages/DashboardPage.tsx [Server Component]
    ./src/app/dashboard/page.tsx [Server Component]

https://nextjs.org/docs/messages/module-not-found @ http://localhost:3000/_next/static/chunks/node_modules_next_dist_05y3oi5z9mc_3._.js:995
[  613954ms] [ERROR] ./src/features/subscription/components/PaymentDetailCard.tsx:10:1
Error: Module not found: Can't resolve '../format'
   8 | import { Spinner } from "@/components/ui/spinner";
   9 | import { cn } from "@/lib/utils";
> 10 | import {
     | ^^^^^^^
> 11 |   formatDate,
     | ^^^^^^^^^^^^^
> 12 |   formatDateTime,
     | ^^^^^^^^^^^^^^^^^
> 13 |   formatDuration,
     | ^^^^^^^^^^^^^^^^^
> 14 |   formatRupiah,
     | ^^^^^^^^^^^^^^^
> 15 |   PAYMENT_STATUS_LABEL,
     | ^^^^^^^^^^^^^^^^^^^^^^^
> 16 |   SUBSCRIPTION_STATUS_LABEL,
     | ^^^^^^^^^^^^^^^^^^^^^^^^^^^^
> 17 | } from "../format";
     | ^^^^^^^^^^^^^^^^^^^
  18 | import {
  19 |   useApprovePayment,
  20 |   useRejectPayment,

Import traces:
  Client Component Browser:
    ./src/features/subscription/components/PaymentDetailCard.tsx [Client Component Browser]
    ./src/features/subscription/components/DashboardView.tsx [Client Component Browser]
    ./src/features/subscription/components/DashboardShell.tsx [Client Component Browser]
    ./src/features/subscription/components/DashboardShell.tsx [Server Component]
    ./src/features/subscription/pages/DashboardPage.tsx [Server Component]
    ./src/app/dashboard/page.tsx [Server Component]

  Client Component SSR:
    ./src/features/subscription/components/PaymentDetailCard.tsx [Client Component SSR]
    ./src/features/subscription/components/DashboardView.tsx [Client Component SSR]
    ./src/features/subscription/components/DashboardShell.tsx [Client Component SSR]
    ./src/features/subscription/components/DashboardShell.tsx [Server Component]
    ./src/features/subscription/pages/DashboardPage.tsx [Server Component]
    ./src/app/dashboard/page.tsx [Server Component]

https://nextjs.org/docs/messages/module-not-found @ http://localhost:3000/_next/static/chunks/node_modules_next_dist_05y3oi5z9mc_3._.js:995
[  613954ms] [ERROR] ./src/features/subscription/components/PaymentProofForm.tsx:10:1
Error: Module not found: Can't resolve '../format'
   8 | import { Spinner } from "@/components/ui/spinner";
   9 | import type { SubscriptionDTO } from "../types";
> 10 | import { PROOF_ACCEPT, PROOF_MAX_BYTES, formatRupiah } from "../format";
     | ^^^^^^^^^^^^^^^^^^^^^^^^^^^^^^^^^^^^^^^^^^^^^^^^^^^^^^^^^^^^^^^^^^^^^^^^
  11 | import { useSubmitPaymentProof } from "../hooks/use-submit-payment-proof";
  12 | import { PaymentStatusBadge, SubscriptionStatusBadge } from "./StatusBadge";
  13 |

Import traces:
  Client Component Browser:
    ./src/features/subscription/components/PaymentProofForm.tsx [Client Component Browser]
    ./src/features/subscription/components/SubscriptionCard.tsx [Client Component Browser]
    ./src/features/subscription/components/DashboardView.tsx [Client Component Browser]
    ./src/features/subscription/components/DashboardShell.tsx [Client Component Browser]
    ./src/features/subscription/components/DashboardShell.tsx [Server Component]
    ./src/features/subscription/pages/DashboardPage.tsx [Server Component]
    ./src/app/dashboard/page.tsx [Server Component]

  Client Component SSR:
    ./src/features/subscription/components/PaymentProofForm.tsx [Client Component SSR]
    ./src/features/subscription/components/SubscriptionCard.tsx [Client Component SSR]
    ./src/features/subscription/components/DashboardView.tsx [Client Component SSR]
    ./src/features/subscription/components/DashboardShell.tsx [Client Component SSR]
    ./src/features/subscription/components/DashboardShell.tsx [Server Component]
    ./src/features/subscription/pages/DashboardPage.tsx [Server Component]
    ./src/app/dashboard/page.tsx [Server Component]

https://nextjs.org/docs/messages/module-not-found @ http://localhost:3000/_next/static/chunks/node_modules_next_dist_05y3oi5z9mc_3._.js:995
[  613954ms] [ERROR] ./src/features/subscription/components/PlanCard.tsx:6:1
Error: Module not found: Can't resolve '../format'
  4 | import { Spinner } from "@/components/ui/spinner";
  5 | import type { SubscriptionStatus } from "@/generated/prisma/enums";
> 6 | import { formatDuration, formatRupiah } from "../format";
    | ^^^^^^^^^^^^^^^^^^^^^^^^^^^^^^^^^^^^^^^^^^^^^^^^^^^^^^^^^
  7 | import type { PlanDTO } from "../types";
  8 | import { SubscriptionStatusBadge } from "./StatusBadge";
  9 |

Import traces:
  Client Component Browser:
    ./src/features/subscription/components/PlanCard.tsx [Client Component Browser]
    ./src/features/subscription/components/DashboardView.tsx [Client Component Browser]
    ./src/features/subscription/components/DashboardShell.tsx [Client Component Browser]
    ./src/features/subscription/components/DashboardShell.tsx [Server Component]
    ./src/features/subscription/pages/DashboardPage.tsx [Server Component]
    ./src/app/dashboard/page.tsx [Server Component]

  Client Component SSR:
    ./src/features/subscription/components/PlanCard.tsx [Client Component SSR]
    ./src/features/subscription/components/DashboardView.tsx [Client Component SSR]
    ./src/features/subscription/components/DashboardShell.tsx [Client Component SSR]
    ./src/features/subscription/components/DashboardShell.tsx [Server Component]
    ./src/features/subscription/pages/DashboardPage.tsx [Server Component]
    ./src/app/dashboard/page.tsx [Server Component]

https://nextjs.org/docs/messages/module-not-found @ http://localhost:3000/_next/static/chunks/node_modules_next_dist_05y3oi5z9mc_3._.js:995
[  613954ms] [ERROR] ./src/features/subscription/components/StatusBadge.tsx:5:1
Error: Module not found: Can't resolve '../format'
   3 | import { Badge } from "@/components/ui/badge";
   4 | import { cn } from "@/lib/utils";
>  5 | import {
     | ^^^^^^^
>  6 |   PAYMENT_STATUS_LABEL,
     | ^^^^^^^^^^^^^^^^^^^^^^^
>  7 |   SUBSCRIPTION_STATUS_LABEL,
     | ^^^^^^^^^^^^^^^^^^^^^^^^^^^^
>  8 | } from "../format";
     | ^^^^^^^^^^^^^^^^^^^
   9 |
  10 | /** Warm palette tones, one per lifecycle status, matching the auth surface. */
  11 | const subscriptionTone: Record<SubscriptionStatus, string> = {

Import traces:
  Client Component Browser:
    ./src/features/subscription/components/StatusBadge.tsx [Client Component Browser]
    ./src/features/subscription/components/PlanCard.tsx [Client Component Browser]
    ./src/features/subscription/components/DashboardView.tsx [Client Component Browser]
    ./src/features/subscription/components/DashboardShell.tsx [Client Component Browser]
    ./src/features/subscription/components/DashboardShell.tsx [Server Component]
    ./src/features/subscription/pages/DashboardPage.tsx [Server Component]
    ./src/app/dashboard/page.tsx [Server Component]

  Client Component SSR:
    ./src/features/subscription/components/StatusBadge.tsx [Client Component SSR]
    ./src/features/subscription/components/PlanCard.tsx [Client Component SSR]
    ./src/features/subscription/components/DashboardView.tsx [Client Component SSR]
    ./src/features/subscription/components/DashboardShell.tsx [Client Component SSR]
    ./src/features/subscription/components/DashboardShell.tsx [Server Component]
    ./src/features/subscription/pages/DashboardPage.tsx [Server Component]
    ./src/app/dashboard/page.tsx [Server Component]

https://nextjs.org/docs/messages/module-not-found @ http://localhost:3000/_next/static/chunks/node_modules_next_dist_05y3oi5z9mc_3._.js:995
[  613955ms] [ERROR] ./src/features/subscription/components/SubscriptionCard.tsx:5:1
Error: Module not found: Can't resolve '../format'
   3 | import { Button } from "@/components/ui/button";
   4 | import type { SubscriptionStatus } from "@/generated/prisma/enums";
>  5 | import {
     | ^^^^^^^
>  6 |   formatDate,
     | ^^^^^^^^^^^^^
>  7 |   formatDuration,
     | ^^^^^^^^^^^^^^^^^
>  8 |   formatRupiah,
     | ^^^^^^^^^^^^^^^
>  9 |   PAYMENT_STATUS_LABEL,
     | ^^^^^^^^^^^^^^^^^^^^^^^
> 10 |   SUBSCRIPTION_STATUS_LABEL,
     | ^^^^^^^^^^^^^^^^^^^^^^^^^^^^
> 11 | } from "../format";
     | ^^^^^^^^^^^^^^^^^^^
  12 | import { useRenewSubscription } from "../hooks/use-renew-subscription";
  13 | import type { SubscriptionDTO } from "../types";
  14 | import { PaymentProofForm } from "./PaymentProofForm";

Import traces:
  Client Component Browser:
    ./src/features/subscription/components/SubscriptionCard.tsx [Client Component Browser]
    ./src/features/subscription/components/DashboardView.tsx [Client Component Browser]
    ./src/features/subscription/components/DashboardShell.tsx [Client Component Browser]
    ./src/features/subscription/components/DashboardShell.tsx [Server Component]
    ./src/features/subscription/pages/DashboardPage.tsx [Server Component]
    ./src/app/dashboard/page.tsx [Server Component]

  Client Component SSR:
    ./src/features/subscription/components/SubscriptionCard.tsx [Client Component SSR]
    ./src/features/subscription/components/DashboardView.tsx [Client Component SSR]
    ./src/features/subscription/components/DashboardShell.tsx [Client Component SSR]
    ./src/features/subscription/components/DashboardShell.tsx [Server Component]
    ./src/features/subscription/pages/DashboardPage.tsx [Server Component]
    ./src/app/dashboard/page.tsx [Server Component]

https://nextjs.org/docs/messages/module-not-found @ http://localhost:3000/_next/static/chunks/node_modules_next_dist_05y3oi5z9mc_3._.js:995
[  613955ms] [ERROR] ./src/features/subscription/dal.ts:6:1
Error: Module not found: Can't resolve './http'
  4 | } from "@/generated/prisma/enums";
  5 | import { prisma } from "@/lib/prisma";
> 6 | import { SubscriptionError } from "./http";
    | ^^^^^^^^^^^^^^^^^^^^^^^^^^^^^^^^^^^^^^^^^^^
  7 | import { computePeriod } from "./period";
  8 | import {
  9 |   adminPaymentInclude,

Import trace:
  Server Component:
    ./src/features/subscription/dal.ts
    ./src/features/subscription/pages/DashboardPage.tsx
    ./src/app/dashboard/page.tsx

https://nextjs.org/docs/messages/module-not-found @ http://localhost:3000/_next/static/chunks/node_modules_next_dist_05y3oi5z9mc_3._.js:995
[  613955ms] [ERROR] ./src/features/subscription/dal.ts:7:1
Error: Module not found: Can't resolve './period'
   5 | import { prisma } from "@/lib/prisma";
   6 | import { SubscriptionError } from "./http";
>  7 | import { computePeriod } from "./period";
     | ^^^^^^^^^^^^^^^^^^^^^^^^^^^^^^^^^^^^^^^^^
   8 | import {
   9 |   adminPaymentInclude,
  10 |   serializeAdminPayment,

Import trace:
  Server Component:
    ./src/features/subscription/dal.ts
    ./src/features/subscription/pages/DashboardPage.tsx
    ./src/app/dashboard/page.tsx

https://nextjs.org/docs/messages/module-not-found @ http://localhost:3000/_next/static/chunks/node_modules_next_dist_05y3oi5z9mc_3._.js:995
[  613955ms] [ERROR] ./src/components/app-sidebar.tsx:8:1
Error: Module not found: Can't resolve '@/features/subscription/navigation'
   6 |
   7 | import { LogoutButton } from "@/components/logout-button";
>  8 | import { navEntriesFor } from "@/features/subscription/navigation";
     | ^^^^^^^^^^^^^^^^^^^^^^^^^^^^^^^^^^^^^^^^^^^^^^^^^^^^^^^^^^^^^^^^^^^
   9 | import type { WorkspaceView } from "@/features/subscription/types";
  10 | import { cn } from "@/lib/utils";
  11 |

Import map: aliased to relative './src/features/subscription/navigation' inside of [project]/

Import traces:
  Client Component Browser:
    ./src/components/app-sidebar.tsx [Client Component Browser]
    ./src/features/subscription/components/DashboardShell.tsx [Client Component Browser]
    ./src/features/subscription/components/DashboardShell.tsx [Server Component]
    ./src/features/subscription/pages/DashboardPage.tsx [Server Component]
    ./src/app/dashboard/page.tsx [Server Component]

  Client Component SSR:
    ./src/components/app-sidebar.tsx [Client Component SSR]
    ./src/features/subscription/components/DashboardShell.tsx [Client Component SSR]
    ./src/features/subscription/components/DashboardShell.tsx [Server Component]
    ./src/features/subscription/pages/DashboardPage.tsx [Server Component]
    ./src/app/dashboard/page.tsx [Server Component]

https://nextjs.org/docs/messages/module-not-found @ http://localhost:3000/_next/static/chunks/node_modules_next_dist_05y3oi5z9mc_3._.js:995
[  613955ms] [ERROR] ./src/app/api/admin/stats/route.ts:4:1
Error: Module not found: Can't resolve '@/features/subscription/http'
  2 |
  3 | import { getPlatformStats } from "@/features/subscription/dal";
> 4 | import { errorResponse, requireApiAdmin } from "@/features/subscription/http";
    | ^^^^^^^^^^^^^^^^^^^^^^^^^^^^^^^^^^^^^^^^^^^^^^^^^^^^^^^^^^^^^^^^^^^^^^^^^^^^^^
  5 |
  6 | /**
  7 |  * PRD §11: the two counters the admin summary shows. The dashboard reads them

Import map: aliased to relative './src/features/subscription/http' inside of [project]/

https://nextjs.org/docs/messages/module-not-found @ http://localhost:3000/_next/static/chunks/node_modules_next_dist_05y3oi5z9mc_3._.js:995
[  614033ms] [ERROR] ./src/features/subscription/components/DashboardView.tsx:11:1
Error: Module not found: Can't resolve '../format'
   9 | import type { Workspace } from "../dal";
  10 | import type { SubscriptionStatus } from "@/generated/prisma/enums";
> 11 | import { formatDate, formatRupiah } from "../format";
     | ^^^^^^^^^^^^^^^^^^^^^^^^^^^^^^^^^^^^^^^^^^^^^^^^^^^^^
  12 | import { useCreateSubscription } from "../hooks/use-subscriptions";
  13 | import { useRenewSubscription } from "../hooks/use-renew-subscription";
  14 | import type {

Import traces:
  Client Component Browser:
    ./src/features/subscription/components/DashboardView.tsx [Client Component Browser]
    ./src/features/subscription/components/DashboardShell.tsx [Client Component Browser]
    ./src/features/subscription/components/DashboardShell.tsx [Server Component]
    ./src/features/subscription/pages/DashboardPage.tsx [Server Component]
    ./src/app/dashboard/page.tsx [Server Component]

  Client Component SSR:
    ./src/features/subscription/components/DashboardView.tsx [Client Component SSR]
    ./src/features/subscription/components/DashboardShell.tsx [Client Component SSR]
    ./src/features/subscription/components/DashboardShell.tsx [Server Component]
    ./src/features/subscription/pages/DashboardPage.tsx [Server Component]
    ./src/app/dashboard/page.tsx [Server Component]

https://nextjs.org/docs/messages/module-not-found @ http://localhost:3000/_next/static/chunks/node_modules_next_dist_05y3oi5z9mc_3._.js:995
[  614034ms] [ERROR] ./src/features/subscription/components/PaymentDetailCard.tsx:10:1
Error: Module not found: Can't resolve '../format'
   8 | import { Spinner } from "@/components/ui/spinner";
   9 | import { cn } from "@/lib/utils";
> 10 | import {
     | ^^^^^^^
> 11 |   formatDate,
     | ^^^^^^^^^^^^^
> 12 |   formatDateTime,
     | ^^^^^^^^^^^^^^^^^
> 13 |   formatDuration,
     | ^^^^^^^^^^^^^^^^^
> 14 |   formatRupiah,
     | ^^^^^^^^^^^^^^^
> 15 |   PAYMENT_STATUS_LABEL,
     | ^^^^^^^^^^^^^^^^^^^^^^^
> 16 |   SUBSCRIPTION_STATUS_LABEL,
     | ^^^^^^^^^^^^^^^^^^^^^^^^^^^^
> 17 | } from "../format";
     | ^^^^^^^^^^^^^^^^^^^
  18 | import {
  19 |   useApprovePayment,
  20 |   useRejectPayment,

Import traces:
  Client Component Browser:
    ./src/features/subscription/components/PaymentDetailCard.tsx [Client Component Browser]
    ./src/features/subscription/components/DashboardView.tsx [Client Component Browser]
    ./src/features/subscription/components/DashboardShell.tsx [Client Component Browser]
    ./src/features/subscription/components/DashboardShell.tsx [Server Component]
    ./src/features/subscription/pages/DashboardPage.tsx [Server Component]
    ./src/app/dashboard/page.tsx [Server Component]

  Client Component SSR:
    ./src/features/subscription/components/PaymentDetailCard.tsx [Client Component SSR]
    ./src/features/subscription/components/DashboardView.tsx [Client Component SSR]
    ./src/features/subscription/components/DashboardShell.tsx [Client Component SSR]
    ./src/features/subscription/components/DashboardShell.tsx [Server Component]
    ./src/features/subscription/pages/DashboardPage.tsx [Server Component]
    ./src/app/dashboard/page.tsx [Server Component]

https://nextjs.org/docs/messages/module-not-found @ http://localhost:3000/_next/static/chunks/node_modules_next_dist_05y3oi5z9mc_3._.js:995
[  614034ms] [ERROR] ./src/features/subscription/components/PaymentProofForm.tsx:10:1
Error: Module not found: Can't resolve '../format'
   8 | import { Spinner } from "@/components/ui/spinner";
   9 | import type { SubscriptionDTO } from "../types";
> 10 | import { PROOF_ACCEPT, PROOF_MAX_BYTES, formatRupiah } from "../format";
     | ^^^^^^^^^^^^^^^^^^^^^^^^^^^^^^^^^^^^^^^^^^^^^^^^^^^^^^^^^^^^^^^^^^^^^^^^
  11 | import { useSubmitPaymentProof } from "../hooks/use-submit-payment-proof";
  12 | import { PaymentStatusBadge, SubscriptionStatusBadge } from "./StatusBadge";
  13 |

Import traces:
  Client Component Browser:
    ./src/features/subscription/components/PaymentProofForm.tsx [Client Component Browser]
    ./src/features/subscription/components/SubscriptionCard.tsx [Client Component Browser]
    ./src/features/subscription/components/DashboardView.tsx [Client Component Browser]
    ./src/features/subscription/components/DashboardShell.tsx [Client Component Browser]
    ./src/features/subscription/components/DashboardShell.tsx [Server Component]
    ./src/features/subscription/pages/DashboardPage.tsx [Server Component]
    ./src/app/dashboard/page.tsx [Server Component]

  Client Component SSR:
    ./src/features/subscription/components/PaymentProofForm.tsx [Client Component SSR]
    ./src/features/subscription/components/SubscriptionCard.tsx [Client Component SSR]
    ./src/features/subscription/components/DashboardView.tsx [Client Component SSR]
    ./src/features/subscription/components/DashboardShell.tsx [Client Component SSR]
    ./src/features/subscription/components/DashboardShell.tsx [Server Component]
    ./src/features/subscription/pages/DashboardPage.tsx [Server Component]
    ./src/app/dashboard/page.tsx [Server Component]

https://nextjs.org/docs/messages/module-not-found @ http://localhost:3000/_next/static/chunks/node_modules_next_dist_05y3oi5z9mc_3._.js:995
[  614034ms] [ERROR] ./src/features/subscription/components/PlanCard.tsx:6:1
Error: Module not found: Can't resolve '../format'
  4 | import { Spinner } from "@/components/ui/spinner";
  5 | import type { SubscriptionStatus } from "@/generated/prisma/enums";
> 6 | import { formatDuration, formatRupiah } from "../format";
    | ^^^^^^^^^^^^^^^^^^^^^^^^^^^^^^^^^^^^^^^^^^^^^^^^^^^^^^^^^
  7 | import type { PlanDTO } from "../types";
  8 | import { SubscriptionStatusBadge } from "./StatusBadge";
  9 |

Import traces:
  Client Component Browser:
    ./src/features/subscription/components/PlanCard.tsx [Client Component Browser]
    ./src/features/subscription/components/DashboardView.tsx [Client Component Browser]
    ./src/features/subscription/components/DashboardShell.tsx [Client Component Browser]
    ./src/features/subscription/components/DashboardShell.tsx [Server Component]
    ./src/features/subscription/pages/DashboardPage.tsx [Server Component]
    ./src/app/dashboard/page.tsx [Server Component]

  Client Component SSR:
    ./src/features/subscription/components/PlanCard.tsx [Client Component SSR]
    ./src/features/subscription/components/DashboardView.tsx [Client Component SSR]
    ./src/features/subscription/components/DashboardShell.tsx [Client Component SSR]
    ./src/features/subscription/components/DashboardShell.tsx [Server Component]
    ./src/features/subscription/pages/DashboardPage.tsx [Server Component]
    ./src/app/dashboard/page.tsx [Server Component]

https://nextjs.org/docs/messages/module-not-found @ http://localhost:3000/_next/static/chunks/node_modules_next_dist_05y3oi5z9mc_3._.js:995
[  614034ms] [ERROR] ./src/features/subscription/components/StatusBadge.tsx:5:1
Error: Module not found: Can't resolve '../format'
   3 | import { Badge } from "@/components/ui/badge";
   4 | import { cn } from "@/lib/utils";
>  5 | import {
     | ^^^^^^^
>  6 |   PAYMENT_STATUS_LABEL,
     | ^^^^^^^^^^^^^^^^^^^^^^^
>  7 |   SUBSCRIPTION_STATUS_LABEL,
     | ^^^^^^^^^^^^^^^^^^^^^^^^^^^^
>  8 | } from "../format";
     | ^^^^^^^^^^^^^^^^^^^
   9 |
  10 | /** Warm palette tones, one per lifecycle status, matching the auth surface. */
  11 | const subscriptionTone: Record<SubscriptionStatus, string> = {

Import traces:
  Client Component Browser:
    ./src/features/subscription/components/StatusBadge.tsx [Client Component Browser]
    ./src/features/subscription/components/PlanCard.tsx [Client Component Browser]
    ./src/features/subscription/components/DashboardView.tsx [Client Component Browser]
    ./src/features/subscription/components/DashboardShell.tsx [Client Component Browser]
    ./src/features/subscription/components/DashboardShell.tsx [Server Component]
    ./src/features/subscription/pages/DashboardPage.tsx [Server Component]
    ./src/app/dashboard/page.tsx [Server Component]

  Client Component SSR:
    ./src/features/subscription/components/StatusBadge.tsx [Client Component SSR]
    ./src/features/subscription/components/PlanCard.tsx [Client Component SSR]
    ./src/features/subscription/components/DashboardView.tsx [Client Component SSR]
    ./src/features/subscription/components/DashboardShell.tsx [Client Component SSR]
    ./src/features/subscription/components/DashboardShell.tsx [Server Component]
    ./src/features/subscription/pages/DashboardPage.tsx [Server Component]
    ./src/app/dashboard/page.tsx [Server Component]

https://nextjs.org/docs/messages/module-not-found @ http://localhost:3000/_next/static/chunks/node_modules_next_dist_05y3oi5z9mc_3._.js:995
[  614034ms] [ERROR] ./src/features/subscription/components/SubscriptionCard.tsx:5:1
Error: Module not found: Can't resolve '../format'
   3 | import { Button } from "@/components/ui/button";
   4 | import type { SubscriptionStatus } from "@/generated/prisma/enums";
>  5 | import {
     | ^^^^^^^
>  6 |   formatDate,
     | ^^^^^^^^^^^^^
>  7 |   formatDuration,
     | ^^^^^^^^^^^^^^^^^
>  8 |   formatRupiah,
     | ^^^^^^^^^^^^^^^
>  9 |   PAYMENT_STATUS_LABEL,
     | ^^^^^^^^^^^^^^^^^^^^^^^
> 10 |   SUBSCRIPTION_STATUS_LABEL,
     | ^^^^^^^^^^^^^^^^^^^^^^^^^^^^
> 11 | } from "../format";
     | ^^^^^^^^^^^^^^^^^^^
  12 | import { useRenewSubscription } from "../hooks/use-renew-subscription";
  13 | import type { SubscriptionDTO } from "../types";
  14 | import { PaymentProofForm } from "./PaymentProofForm";

Import traces:
  Client Component Browser:
    ./src/features/subscription/components/SubscriptionCard.tsx [Client Component Browser]
    ./src/features/subscription/components/DashboardView.tsx [Client Component Browser]
    ./src/features/subscription/components/DashboardShell.tsx [Client Component Browser]
    ./src/features/subscription/components/DashboardShell.tsx [Server Component]
    ./src/features/subscription/pages/DashboardPage.tsx [Server Component]
    ./src/app/dashboard/page.tsx [Server Component]

  Client Component SSR:
    ./src/features/subscription/components/SubscriptionCard.tsx [Client Component SSR]
    ./src/features/subscription/components/DashboardView.tsx [Client Component SSR]
    ./src/features/subscription/components/DashboardShell.tsx [Client Component SSR]
    ./src/features/subscription/components/DashboardShell.tsx [Server Component]
    ./src/features/subscription/pages/DashboardPage.tsx [Server Component]
    ./src/app/dashboard/page.tsx [Server Component]

https://nextjs.org/docs/messages/module-not-found @ http://localhost:3000/_next/static/chunks/node_modules_next_dist_05y3oi5z9mc_3._.js:995
[  614034ms] [ERROR] ./src/features/subscription/dal.ts:6:1
Error: Module not found: Can't resolve './http'
  4 | } from "@/generated/prisma/enums";
  5 | import { prisma } from "@/lib/prisma";
> 6 | import { SubscriptionError } from "./http";
    | ^^^^^^^^^^^^^^^^^^^^^^^^^^^^^^^^^^^^^^^^^^^
  7 | import { computePeriod } from "./period";
  8 | import {
  9 |   adminPaymentInclude,

Import trace:
  Server Component:
    ./src/features/subscription/dal.ts
    ./src/features/subscription/pages/DashboardPage.tsx
    ./src/app/dashboard/page.tsx

https://nextjs.org/docs/messages/module-not-found @ http://localhost:3000/_next/static/chunks/node_modules_next_dist_05y3oi5z9mc_3._.js:995
[  614034ms] [ERROR] ./src/features/subscription/dal.ts:7:1
Error: Module not found: Can't resolve './period'
   5 | import { prisma } from "@/lib/prisma";
   6 | import { SubscriptionError } from "./http";
>  7 | import { computePeriod } from "./period";
     | ^^^^^^^^^^^^^^^^^^^^^^^^^^^^^^^^^^^^^^^^^
   8 | import {
   9 |   adminPaymentInclude,
  10 |   serializeAdminPayment,

Import trace:
  Server Component:
    ./src/features/subscription/dal.ts
    ./src/features/subscription/pages/DashboardPage.tsx
    ./src/app/dashboard/page.tsx

https://nextjs.org/docs/messages/module-not-found @ http://localhost:3000/_next/static/chunks/node_modules_next_dist_05y3oi5z9mc_3._.js:995
[  614034ms] [ERROR] ./src/components/app-sidebar.tsx:8:1
Error: Module not found: Can't resolve '@/features/subscription/navigation'
   6 |
   7 | import { LogoutButton } from "@/components/logout-button";
>  8 | import { navEntriesFor } from "@/features/subscription/navigation";
     | ^^^^^^^^^^^^^^^^^^^^^^^^^^^^^^^^^^^^^^^^^^^^^^^^^^^^^^^^^^^^^^^^^^^
   9 | import type { WorkspaceView } from "@/features/subscription/types";
  10 | import { cn } from "@/lib/utils";
  11 |

Import map: aliased to relative './src/features/subscription/navigation' inside of [project]/

Import traces:
  Client Component Browser:
    ./src/components/app-sidebar.tsx [Client Component Browser]
    ./src/features/subscription/components/DashboardShell.tsx [Client Component Browser]
    ./src/features/subscription/components/DashboardShell.tsx [Server Component]
    ./src/features/subscription/pages/DashboardPage.tsx [Server Component]
    ./src/app/dashboard/page.tsx [Server Component]

  Client Component SSR:
    ./src/components/app-sidebar.tsx [Client Component SSR]
    ./src/features/subscription/components/DashboardShell.tsx [Client Component SSR]
    ./src/features/subscription/components/DashboardShell.tsx [Server Component]
    ./src/features/subscription/pages/DashboardPage.tsx [Server Component]
    ./src/app/dashboard/page.tsx [Server Component]

https://nextjs.org/docs/messages/module-not-found @ http://localhost:3000/_next/static/chunks/node_modules_next_dist_05y3oi5z9mc_3._.js:995
[  614034ms] [ERROR] ./src/app/api/admin/stats/route.ts:4:1
Error: Module not found: Can't resolve '@/features/subscription/http'
  2 |
  3 | import { getPlatformStats } from "@/features/subscription/dal";
> 4 | import { errorResponse, requireApiAdmin } from "@/features/subscription/http";
    | ^^^^^^^^^^^^^^^^^^^^^^^^^^^^^^^^^^^^^^^^^^^^^^^^^^^^^^^^^^^^^^^^^^^^^^^^^^^^^^
  5 |
  6 | /**
  7 |  * PRD §11: the two counters the admin summary shows. The dashboard reads them

Import map: aliased to relative './src/features/subscription/http' inside of [project]/

https://nextjs.org/docs/messages/module-not-found @ http://localhost:3000/_next/static/chunks/node_modules_next_dist_05y3oi5z9mc_3._.js:995
[  614133ms] [ERROR] ./src/features/subscription/components/DashboardView.tsx:11:1
Error: Module not found: Can't resolve '../format'
   9 | import type { Workspace } from "../dal";
  10 | import type { SubscriptionStatus } from "@/generated/prisma/enums";
> 11 | import { formatDate, formatRupiah } from "../format";
     | ^^^^^^^^^^^^^^^^^^^^^^^^^^^^^^^^^^^^^^^^^^^^^^^^^^^^^
  12 | import { useCreateSubscription } from "../hooks/use-subscriptions";
  13 | import { useRenewSubscription } from "../hooks/use-renew-subscription";
  14 | import type {

Import traces:
  Client Component Browser:
    ./src/features/subscription/components/DashboardView.tsx [Client Component Browser]
    ./src/features/subscription/components/DashboardShell.tsx [Client Component Browser]
    ./src/features/subscription/components/DashboardShell.tsx [Server Component]
    ./src/features/subscription/pages/DashboardPage.tsx [Server Component]
    ./src/app/dashboard/page.tsx [Server Component]

  Client Component SSR:
    ./src/features/subscription/components/DashboardView.tsx [Client Component SSR]
    ./src/features/subscription/components/DashboardShell.tsx [Client Component SSR]
    ./src/features/subscription/components/DashboardShell.tsx [Server Component]
    ./src/features/subscription/pages/DashboardPage.tsx [Server Component]
    ./src/app/dashboard/page.tsx [Server Component]

https://nextjs.org/docs/messages/module-not-found @ http://localhost:3000/_next/static/chunks/node_modules_next_dist_05y3oi5z9mc_3._.js:995
[  614134ms] [ERROR] ./src/features/subscription/components/PaymentDetailCard.tsx:10:1
Error: Module not found: Can't resolve '../format'
   8 | import { Spinner } from "@/components/ui/spinner";
   9 | import { cn } from "@/lib/utils";
> 10 | import {
     | ^^^^^^^
> 11 |   formatDate,
     | ^^^^^^^^^^^^^
> 12 |   formatDateTime,
     | ^^^^^^^^^^^^^^^^^
> 13 |   formatDuration,
     | ^^^^^^^^^^^^^^^^^
> 14 |   formatRupiah,
     | ^^^^^^^^^^^^^^^
> 15 |   PAYMENT_STATUS_LABEL,
     | ^^^^^^^^^^^^^^^^^^^^^^^
> 16 |   SUBSCRIPTION_STATUS_LABEL,
     | ^^^^^^^^^^^^^^^^^^^^^^^^^^^^
> 17 | } from "../format";
     | ^^^^^^^^^^^^^^^^^^^
  18 | import {
  19 |   useApprovePayment,
  20 |   useRejectPayment,

Import traces:
  Client Component Browser:
    ./src/features/subscription/components/PaymentDetailCard.tsx [Client Component Browser]
    ./src/features/subscription/components/DashboardView.tsx [Client Component Browser]
    ./src/features/subscription/components/DashboardShell.tsx [Client Component Browser]
    ./src/features/subscription/components/DashboardShell.tsx [Server Component]
    ./src/features/subscription/pages/DashboardPage.tsx [Server Component]
    ./src/app/dashboard/page.tsx [Server Component]

  Client Component SSR:
    ./src/features/subscription/components/PaymentDetailCard.tsx [Client Component SSR]
    ./src/features/subscription/components/DashboardView.tsx [Client Component SSR]
    ./src/features/subscription/components/DashboardShell.tsx [Client Component SSR]
    ./src/features/subscription/components/DashboardShell.tsx [Server Component]
    ./src/features/subscription/pages/DashboardPage.tsx [Server Component]
    ./src/app/dashboard/page.tsx [Server Component]

https://nextjs.org/docs/messages/module-not-found @ http://localhost:3000/_next/static/chunks/node_modules_next_dist_05y3oi5z9mc_3._.js:995
[  614134ms] [ERROR] ./src/features/subscription/components/PaymentProofForm.tsx:10:1
Error: Module not found: Can't resolve '../format'
   8 | import { Spinner } from "@/components/ui/spinner";
   9 | import type { SubscriptionDTO } from "../types";
> 10 | import { PROOF_ACCEPT, PROOF_MAX_BYTES, formatRupiah } from "../format";
     | ^^^^^^^^^^^^^^^^^^^^^^^^^^^^^^^^^^^^^^^^^^^^^^^^^^^^^^^^^^^^^^^^^^^^^^^^
  11 | import { useSubmitPaymentProof } from "../hooks/use-submit-payment-proof";
  12 | import { PaymentStatusBadge, SubscriptionStatusBadge } from "./StatusBadge";
  13 |

Import traces:
  Client Component Browser:
    ./src/features/subscription/components/PaymentProofForm.tsx [Client Component Browser]
    ./src/features/subscription/components/SubscriptionCard.tsx [Client Component Browser]
    ./src/features/subscription/components/DashboardView.tsx [Client Component Browser]
    ./src/features/subscription/components/DashboardShell.tsx [Client Component Browser]
    ./src/features/subscription/components/DashboardShell.tsx [Server Component]
    ./src/features/subscription/pages/DashboardPage.tsx [Server Component]
    ./src/app/dashboard/page.tsx [Server Component]

  Client Component SSR:
    ./src/features/subscription/components/PaymentProofForm.tsx [Client Component SSR]
    ./src/features/subscription/components/SubscriptionCard.tsx [Client Component SSR]
    ./src/features/subscription/components/DashboardView.tsx [Client Component SSR]
    ./src/features/subscription/components/DashboardShell.tsx [Client Component SSR]
    ./src/features/subscription/components/DashboardShell.tsx [Server Component]
    ./src/features/subscription/pages/DashboardPage.tsx [Server Component]
    ./src/app/dashboard/page.tsx [Server Component]

https://nextjs.org/docs/messages/module-not-found @ http://localhost:3000/_next/static/chunks/node_modules_next_dist_05y3oi5z9mc_3._.js:995
[  614134ms] [ERROR] ./src/features/subscription/components/PlanCard.tsx:6:1
Error: Module not found: Can't resolve '../format'
  4 | import { Spinner } from "@/components/ui/spinner";
  5 | import type { SubscriptionStatus } from "@/generated/prisma/enums";
> 6 | import { formatDuration, formatRupiah } from "../format";
    | ^^^^^^^^^^^^^^^^^^^^^^^^^^^^^^^^^^^^^^^^^^^^^^^^^^^^^^^^^
  7 | import type { PlanDTO } from "../types";
  8 | import { SubscriptionStatusBadge } from "./StatusBadge";
  9 |

Import traces:
  Client Component Browser:
    ./src/features/subscription/components/PlanCard.tsx [Client Component Browser]
    ./src/features/subscription/components/DashboardView.tsx [Client Component Browser]
    ./src/features/subscription/components/DashboardShell.tsx [Client Component Browser]
    ./src/features/subscription/components/DashboardShell.tsx [Server Component]
    ./src/features/subscription/pages/DashboardPage.tsx [Server Component]
    ./src/app/dashboard/page.tsx [Server Component]

  Client Component SSR:
    ./src/features/subscription/components/PlanCard.tsx [Client Component SSR]
    ./src/features/subscription/components/DashboardView.tsx [Client Component SSR]
    ./src/features/subscription/components/DashboardShell.tsx [Client Component SSR]
    ./src/features/subscription/components/DashboardShell.tsx [Server Component]
    ./src/features/subscription/pages/DashboardPage.tsx [Server Component]
    ./src/app/dashboard/page.tsx [Server Component]

https://nextjs.org/docs/messages/module-not-found @ http://localhost:3000/_next/static/chunks/node_modules_next_dist_05y3oi5z9mc_3._.js:995
[  614134ms] [ERROR] ./src/features/subscription/components/StatusBadge.tsx:5:1
Error: Module not found: Can't resolve '../format'
   3 | import { Badge } from "@/components/ui/badge";
   4 | import { cn } from "@/lib/utils";
>  5 | import {
     | ^^^^^^^
>  6 |   PAYMENT_STATUS_LABEL,
     | ^^^^^^^^^^^^^^^^^^^^^^^
>  7 |   SUBSCRIPTION_STATUS_LABEL,
     | ^^^^^^^^^^^^^^^^^^^^^^^^^^^^
>  8 | } from "../format";
     | ^^^^^^^^^^^^^^^^^^^
   9 |
  10 | /** Warm palette tones, one per lifecycle status, matching the auth surface. */
  11 | const subscriptionTone: Record<SubscriptionStatus, string> = {

Import traces:
  Client Component Browser:
    ./src/features/subscription/components/StatusBadge.tsx [Client Component Browser]
    ./src/features/subscription/components/PlanCard.tsx [Client Component Browser]
    ./src/features/subscription/components/DashboardView.tsx [Client Component Browser]
    ./src/features/subscription/components/DashboardShell.tsx [Client Component Browser]
    ./src/features/subscription/components/DashboardShell.tsx [Server Component]
    ./src/features/subscription/pages/DashboardPage.tsx [Server Component]
    ./src/app/dashboard/page.tsx [Server Component]

  Client Component SSR:
    ./src/features/subscription/components/StatusBadge.tsx [Client Component SSR]
    ./src/features/subscription/components/PlanCard.tsx [Client Component SSR]
    ./src/features/subscription/components/DashboardView.tsx [Client Component SSR]
    ./src/features/subscription/components/DashboardShell.tsx [Client Component SSR]
    ./src/features/subscription/components/DashboardShell.tsx [Server Component]
    ./src/features/subscription/pages/DashboardPage.tsx [Server Component]
    ./src/app/dashboard/page.tsx [Server Component]

https://nextjs.org/docs/messages/module-not-found @ http://localhost:3000/_next/static/chunks/node_modules_next_dist_05y3oi5z9mc_3._.js:995
[  614134ms] [ERROR] ./src/features/subscription/components/SubscriptionCard.tsx:5:1
Error: Module not found: Can't resolve '../format'
   3 | import { Button } from "@/components/ui/button";
   4 | import type { SubscriptionStatus } from "@/generated/prisma/enums";
>  5 | import {
     | ^^^^^^^
>  6 |   formatDate,
     | ^^^^^^^^^^^^^
>  7 |   formatDuration,
     | ^^^^^^^^^^^^^^^^^
>  8 |   formatRupiah,
     | ^^^^^^^^^^^^^^^
>  9 |   PAYMENT_STATUS_LABEL,
     | ^^^^^^^^^^^^^^^^^^^^^^^
> 10 |   SUBSCRIPTION_STATUS_LABEL,
     | ^^^^^^^^^^^^^^^^^^^^^^^^^^^^
> 11 | } from "../format";
     | ^^^^^^^^^^^^^^^^^^^
  12 | import { useRenewSubscription } from "../hooks/use-renew-subscription";
  13 | import type { SubscriptionDTO } from "../types";
  14 | import { PaymentProofForm } from "./PaymentProofForm";

Import traces:
  Client Component Browser:
    ./src/features/subscription/components/SubscriptionCard.tsx [Client Component Browser]
    ./src/features/subscription/components/DashboardView.tsx [Client Component Browser]
    ./src/features/subscription/components/DashboardShell.tsx [Client Component Browser]
    ./src/features/subscription/components/DashboardShell.tsx [Server Component]
    ./src/features/subscription/pages/DashboardPage.tsx [Server Component]
    ./src/app/dashboard/page.tsx [Server Component]

  Client Component SSR:
    ./src/features/subscription/components/SubscriptionCard.tsx [Client Component SSR]
    ./src/features/subscription/components/DashboardView.tsx [Client Component SSR]
    ./src/features/subscription/components/DashboardShell.tsx [Client Component SSR]
    ./src/features/subscription/components/DashboardShell.tsx [Server Component]
    ./src/features/subscription/pages/DashboardPage.tsx [Server Component]
    ./src/app/dashboard/page.tsx [Server Component]

https://nextjs.org/docs/messages/module-not-found @ http://localhost:3000/_next/static/chunks/node_modules_next_dist_05y3oi5z9mc_3._.js:995
[  614135ms] [ERROR] ./src/features/subscription/dal.ts:6:1
Error: Module not found: Can't resolve './http'
  4 | } from "@/generated/prisma/enums";
  5 | import { prisma } from "@/lib/prisma";
> 6 | import { SubscriptionError } from "./http";
    | ^^^^^^^^^^^^^^^^^^^^^^^^^^^^^^^^^^^^^^^^^^^
  7 | import { computePeriod } from "./period";
  8 | import {
  9 |   adminPaymentInclude,

Import trace:
  Server Component:
    ./src/features/subscription/dal.ts
    ./src/features/subscription/pages/DashboardPage.tsx
    ./src/app/dashboard/page.tsx

https://nextjs.org/docs/messages/module-not-found @ http://localhost:3000/_next/static/chunks/node_modules_next_dist_05y3oi5z9mc_3._.js:995
[  614135ms] [ERROR] ./src/features/subscription/dal.ts:7:1
Error: Module not found: Can't resolve './period'
   5 | import { prisma } from "@/lib/prisma";
   6 | import { SubscriptionError } from "./http";
>  7 | import { computePeriod } from "./period";
     | ^^^^^^^^^^^^^^^^^^^^^^^^^^^^^^^^^^^^^^^^^
   8 | import {
   9 |   adminPaymentInclude,
  10 |   serializeAdminPayment,

Import trace:
  Server Component:
    ./src/features/subscription/dal.ts
    ./src/features/subscription/pages/DashboardPage.tsx
    ./src/app/dashboard/page.tsx

https://nextjs.org/docs/messages/module-not-found @ http://localhost:3000/_next/static/chunks/node_modules_next_dist_05y3oi5z9mc_3._.js:995
[  614135ms] [ERROR] ./src/components/app-sidebar.tsx:8:1
Error: Module not found: Can't resolve '@/features/subscription/navigation'
   6 |
   7 | import { LogoutButton } from "@/components/logout-button";
>  8 | import { navEntriesFor } from "@/features/subscription/navigation";
     | ^^^^^^^^^^^^^^^^^^^^^^^^^^^^^^^^^^^^^^^^^^^^^^^^^^^^^^^^^^^^^^^^^^^
   9 | import type { WorkspaceView } from "@/features/subscription/types";
  10 | import { cn } from "@/lib/utils";
  11 |

Import map: aliased to relative './src/features/subscription/navigation' inside of [project]/

Import traces:
  Client Component Browser:
    ./src/components/app-sidebar.tsx [Client Component Browser]
    ./src/features/subscription/components/DashboardShell.tsx [Client Component Browser]
    ./src/features/subscription/components/DashboardShell.tsx [Server Component]
    ./src/features/subscription/pages/DashboardPage.tsx [Server Component]
    ./src/app/dashboard/page.tsx [Server Component]

  Client Component SSR:
    ./src/components/app-sidebar.tsx [Client Component SSR]
    ./src/features/subscription/components/DashboardShell.tsx [Client Component SSR]
    ./src/features/subscription/components/DashboardShell.tsx [Server Component]
    ./src/features/subscription/pages/DashboardPage.tsx [Server Component]
    ./src/app/dashboard/page.tsx [Server Component]

https://nextjs.org/docs/messages/module-not-found @ http://localhost:3000/_next/static/chunks/node_modules_next_dist_05y3oi5z9mc_3._.js:995
[  614135ms] [ERROR] ./src/app/api/admin/stats/route.ts:4:1
Error: Module not found: Can't resolve '@/features/subscription/http'
  2 |
  3 | import { getPlatformStats } from "@/features/subscription/dal";
> 4 | import { errorResponse, requireApiAdmin } from "@/features/subscription/http";
    | ^^^^^^^^^^^^^^^^^^^^^^^^^^^^^^^^^^^^^^^^^^^^^^^^^^^^^^^^^^^^^^^^^^^^^^^^^^^^^^
  5 |
  6 | /**
  7 |  * PRD §11: the two counters the admin summary shows. The dashboard reads them

Import map: aliased to relative './src/features/subscription/http' inside of [project]/

https://nextjs.org/docs/messages/module-not-found @ http://localhost:3000/_next/static/chunks/node_modules_next_dist_05y3oi5z9mc_3._.js:995
[  614213ms] [ERROR] ./src/features/subscription/components/DashboardView.tsx:11:1
Error: Module not found: Can't resolve '../format'
   9 | import type { Workspace } from "../dal";
  10 | import type { SubscriptionStatus } from "@/generated/prisma/enums";
> 11 | import { formatDate, formatRupiah } from "../format";
     | ^^^^^^^^^^^^^^^^^^^^^^^^^^^^^^^^^^^^^^^^^^^^^^^^^^^^^
  12 | import { useCreateSubscription } from "../hooks/use-subscriptions";
  13 | import { useRenewSubscription } from "../hooks/use-renew-subscription";
  14 | import type {

Import traces:
  Client Component Browser:
    ./src/features/subscription/components/DashboardView.tsx [Client Component Browser]
    ./src/features/subscription/components/DashboardShell.tsx [Client Component Browser]
    ./src/features/subscription/components/DashboardShell.tsx [Server Component]
    ./src/features/subscription/pages/DashboardPage.tsx [Server Component]
    ./src/app/dashboard/page.tsx [Server Component]

  Client Component SSR:
    ./src/features/subscription/components/DashboardView.tsx [Client Component SSR]
    ./src/features/subscription/components/DashboardShell.tsx [Client Component SSR]
    ./src/features/subscription/components/DashboardShell.tsx [Server Component]
    ./src/features/subscription/pages/DashboardPage.tsx [Server Component]
    ./src/app/dashboard/page.tsx [Server Component]

https://nextjs.org/docs/messages/module-not-found @ http://localhost:3000/_next/static/chunks/node_modules_next_dist_05y3oi5z9mc_3._.js:995
[  614213ms] [ERROR] ./src/features/subscription/components/PaymentDetailCard.tsx:10:1
Error: Module not found: Can't resolve '../format'
   8 | import { Spinner } from "@/components/ui/spinner";
   9 | import { cn } from "@/lib/utils";
> 10 | import {
     | ^^^^^^^
> 11 |   formatDate,
     | ^^^^^^^^^^^^^
> 12 |   formatDateTime,
     | ^^^^^^^^^^^^^^^^^
> 13 |   formatDuration,
     | ^^^^^^^^^^^^^^^^^
> 14 |   formatRupiah,
     | ^^^^^^^^^^^^^^^
> 15 |   PAYMENT_STATUS_LABEL,
     | ^^^^^^^^^^^^^^^^^^^^^^^
> 16 |   SUBSCRIPTION_STATUS_LABEL,
     | ^^^^^^^^^^^^^^^^^^^^^^^^^^^^
> 17 | } from "../format";
     | ^^^^^^^^^^^^^^^^^^^
  18 | import {
  19 |   useApprovePayment,
  20 |   useRejectPayment,

Import traces:
  Client Component Browser:
    ./src/features/subscription/components/PaymentDetailCard.tsx [Client Component Browser]
    ./src/features/subscription/components/DashboardView.tsx [Client Component Browser]
    ./src/features/subscription/components/DashboardShell.tsx [Client Component Browser]
    ./src/features/subscription/components/DashboardShell.tsx [Server Component]
    ./src/features/subscription/pages/DashboardPage.tsx [Server Component]
    ./src/app/dashboard/page.tsx [Server Component]

  Client Component SSR:
    ./src/features/subscription/components/PaymentDetailCard.tsx [Client Component SSR]
    ./src/features/subscription/components/DashboardView.tsx [Client Component SSR]
    ./src/features/subscription/components/DashboardShell.tsx [Client Component SSR]
    ./src/features/subscription/components/DashboardShell.tsx [Server Component]
    ./src/features/subscription/pages/DashboardPage.tsx [Server Component]
    ./src/app/dashboard/page.tsx [Server Component]

https://nextjs.org/docs/messages/module-not-found @ http://localhost:3000/_next/static/chunks/node_modules_next_dist_05y3oi5z9mc_3._.js:995
[  614213ms] [ERROR] ./src/features/subscription/components/PaymentProofForm.tsx:10:1
Error: Module not found: Can't resolve '../format'
   8 | import { Spinner } from "@/components/ui/spinner";
   9 | import type { SubscriptionDTO } from "../types";
> 10 | import { PROOF_ACCEPT, PROOF_MAX_BYTES, formatRupiah } from "../format";
     | ^^^^^^^^^^^^^^^^^^^^^^^^^^^^^^^^^^^^^^^^^^^^^^^^^^^^^^^^^^^^^^^^^^^^^^^^
  11 | import { useSubmitPaymentProof } from "../hooks/use-submit-payment-proof";
  12 | import { PaymentStatusBadge, SubscriptionStatusBadge } from "./StatusBadge";
  13 |

Import traces:
  Client Component Browser:
    ./src/features/subscription/components/PaymentProofForm.tsx [Client Component Browser]
    ./src/features/subscription/components/SubscriptionCard.tsx [Client Component Browser]
    ./src/features/subscription/components/DashboardView.tsx [Client Component Browser]
    ./src/features/subscription/components/DashboardShell.tsx [Client Component Browser]
    ./src/features/subscription/components/DashboardShell.tsx [Server Component]
    ./src/features/subscription/pages/DashboardPage.tsx [Server Component]
    ./src/app/dashboard/page.tsx [Server Component]

  Client Component SSR:
    ./src/features/subscription/components/PaymentProofForm.tsx [Client Component SSR]
    ./src/features/subscription/components/SubscriptionCard.tsx [Client Component SSR]
    ./src/features/subscription/components/DashboardView.tsx [Client Component SSR]
    ./src/features/subscription/components/DashboardShell.tsx [Client Component SSR]
    ./src/features/subscription/components/DashboardShell.tsx [Server Component]
    ./src/features/subscription/pages/DashboardPage.tsx [Server Component]
    ./src/app/dashboard/page.tsx [Server Component]

https://nextjs.org/docs/messages/module-not-found @ http://localhost:3000/_next/static/chunks/node_modules_next_dist_05y3oi5z9mc_3._.js:995
[  614213ms] [ERROR] ./src/features/subscription/components/PlanCard.tsx:6:1
Error: Module not found: Can't resolve '../format'
  4 | import { Spinner } from "@/components/ui/spinner";
  5 | import type { SubscriptionStatus } from "@/generated/prisma/enums";
> 6 | import { formatDuration, formatRupiah } from "../format";
    | ^^^^^^^^^^^^^^^^^^^^^^^^^^^^^^^^^^^^^^^^^^^^^^^^^^^^^^^^^
  7 | import type { PlanDTO } from "../types";
  8 | import { SubscriptionStatusBadge } from "./StatusBadge";
  9 |

Import traces:
  Client Component Browser:
    ./src/features/subscription/components/PlanCard.tsx [Client Component Browser]
    ./src/features/subscription/components/DashboardView.tsx [Client Component Browser]
    ./src/features/subscription/components/DashboardShell.tsx [Client Component Browser]
    ./src/features/subscription/components/DashboardShell.tsx [Server Component]
    ./src/features/subscription/pages/DashboardPage.tsx [Server Component]
    ./src/app/dashboard/page.tsx [Server Component]

  Client Component SSR:
    ./src/features/subscription/components/PlanCard.tsx [Client Component SSR]
    ./src/features/subscription/components/DashboardView.tsx [Client Component SSR]
    ./src/features/subscription/components/DashboardShell.tsx [Client Component SSR]
    ./src/features/subscription/components/DashboardShell.tsx [Server Component]
    ./src/features/subscription/pages/DashboardPage.tsx [Server Component]
    ./src/app/dashboard/page.tsx [Server Component]

https://nextjs.org/docs/messages/module-not-found @ http://localhost:3000/_next/static/chunks/node_modules_next_dist_05y3oi5z9mc_3._.js:995
[  614214ms] [ERROR] ./src/features/subscription/components/StatusBadge.tsx:5:1
Error: Module not found: Can't resolve '../format'
   3 | import { Badge } from "@/components/ui/badge";
   4 | import { cn } from "@/lib/utils";
>  5 | import {
     | ^^^^^^^
>  6 |   PAYMENT_STATUS_LABEL,
     | ^^^^^^^^^^^^^^^^^^^^^^^
>  7 |   SUBSCRIPTION_STATUS_LABEL,
     | ^^^^^^^^^^^^^^^^^^^^^^^^^^^^
>  8 | } from "../format";
     | ^^^^^^^^^^^^^^^^^^^
   9 |
  10 | /** Warm palette tones, one per lifecycle status, matching the auth surface. */
  11 | const subscriptionTone: Record<SubscriptionStatus, string> = {

Import traces:
  Client Component Browser:
    ./src/features/subscription/components/StatusBadge.tsx [Client Component Browser]
    ./src/features/subscription/components/PlanCard.tsx [Client Component Browser]
    ./src/features/subscription/components/DashboardView.tsx [Client Component Browser]
    ./src/features/subscription/components/DashboardShell.tsx [Client Component Browser]
    ./src/features/subscription/components/DashboardShell.tsx [Server Component]
    ./src/features/subscription/pages/DashboardPage.tsx [Server Component]
    ./src/app/dashboard/page.tsx [Server Component]

  Client Component SSR:
    ./src/features/subscription/components/StatusBadge.tsx [Client Component SSR]
    ./src/features/subscription/components/PlanCard.tsx [Client Component SSR]
    ./src/features/subscription/components/DashboardView.tsx [Client Component SSR]
    ./src/features/subscription/components/DashboardShell.tsx [Client Component SSR]
    ./src/features/subscription/components/DashboardShell.tsx [Server Component]
    ./src/features/subscription/pages/DashboardPage.tsx [Server Component]
    ./src/app/dashboard/page.tsx [Server Component]

https://nextjs.org/docs/messages/module-not-found @ http://localhost:3000/_next/static/chunks/node_modules_next_dist_05y3oi5z9mc_3._.js:995
[  614214ms] [ERROR] ./src/features/subscription/components/SubscriptionCard.tsx:5:1
Error: Module not found: Can't resolve '../format'
   3 | import { Button } from "@/components/ui/button";
   4 | import type { SubscriptionStatus } from "@/generated/prisma/enums";
>  5 | import {
     | ^^^^^^^
>  6 |   formatDate,
     | ^^^^^^^^^^^^^
>  7 |   formatDuration,
     | ^^^^^^^^^^^^^^^^^
>  8 |   formatRupiah,
     | ^^^^^^^^^^^^^^^
>  9 |   PAYMENT_STATUS_LABEL,
     | ^^^^^^^^^^^^^^^^^^^^^^^
> 10 |   SUBSCRIPTION_STATUS_LABEL,
     | ^^^^^^^^^^^^^^^^^^^^^^^^^^^^
> 11 | } from "../format";
     | ^^^^^^^^^^^^^^^^^^^
  12 | import { useRenewSubscription } from "../hooks/use-renew-subscription";
  13 | import type { SubscriptionDTO } from "../types";
  14 | import { PaymentProofForm } from "./PaymentProofForm";

Import traces:
  Client Component Browser:
    ./src/features/subscription/components/SubscriptionCard.tsx [Client Component Browser]
    ./src/features/subscription/components/DashboardView.tsx [Client Component Browser]
    ./src/features/subscription/components/DashboardShell.tsx [Client Component Browser]
    ./src/features/subscription/components/DashboardShell.tsx [Server Component]
    ./src/features/subscription/pages/DashboardPage.tsx [Server Component]
    ./src/app/dashboard/page.tsx [Server Component]

  Client Component SSR:
    ./src/features/subscription/components/SubscriptionCard.tsx [Client Component SSR]
    ./src/features/subscription/components/DashboardView.tsx [Client Component SSR]
    ./src/features/subscription/components/DashboardShell.tsx [Client Component SSR]
    ./src/features/subscription/components/DashboardShell.tsx [Server Component]
    ./src/features/subscription/pages/DashboardPage.tsx [Server Component]
    ./src/app/dashboard/page.tsx [Server Component]

https://nextjs.org/docs/messages/module-not-found @ http://localhost:3000/_next/static/chunks/node_modules_next_dist_05y3oi5z9mc_3._.js:995
[  614214ms] [ERROR] ./src/features/subscription/dal.ts:6:1
Error: Module not found: Can't resolve './http'
  4 | } from "@/generated/prisma/enums";
  5 | import { prisma } from "@/lib/prisma";
> 6 | import { SubscriptionError } from "./http";
    | ^^^^^^^^^^^^^^^^^^^^^^^^^^^^^^^^^^^^^^^^^^^
  7 | import { computePeriod } from "./period";
  8 | import {
  9 |   adminPaymentInclude,

Import trace:
  Server Component:
    ./src/features/subscription/dal.ts
    ./src/features/subscription/pages/DashboardPage.tsx
    ./src/app/dashboard/page.tsx

https://nextjs.org/docs/messages/module-not-found @ http://localhost:3000/_next/static/chunks/node_modules_next_dist_05y3oi5z9mc_3._.js:995
[  614214ms] [ERROR] ./src/features/subscription/dal.ts:7:1
Error: Module not found: Can't resolve './period'
   5 | import { prisma } from "@/lib/prisma";
   6 | import { SubscriptionError } from "./http";
>  7 | import { computePeriod } from "./period";
     | ^^^^^^^^^^^^^^^^^^^^^^^^^^^^^^^^^^^^^^^^^
   8 | import {
   9 |   adminPaymentInclude,
  10 |   serializeAdminPayment,

Import trace:
  Server Component:
    ./src/features/subscription/dal.ts
    ./src/features/subscription/pages/DashboardPage.tsx
    ./src/app/dashboard/page.tsx

https://nextjs.org/docs/messages/module-not-found @ http://localhost:3000/_next/static/chunks/node_modules_next_dist_05y3oi5z9mc_3._.js:995
[  614214ms] [ERROR] ./src/components/app-sidebar.tsx:8:1
Error: Module not found: Can't resolve '@/features/subscription/navigation'
   6 |
   7 | import { LogoutButton } from "@/components/logout-button";
>  8 | import { navEntriesFor } from "@/features/subscription/navigation";
     | ^^^^^^^^^^^^^^^^^^^^^^^^^^^^^^^^^^^^^^^^^^^^^^^^^^^^^^^^^^^^^^^^^^^
   9 | import type { WorkspaceView } from "@/features/subscription/types";
  10 | import { cn } from "@/lib/utils";
  11 |

Import map: aliased to relative './src/features/subscription/navigation' inside of [project]/

Import traces:
  Client Component Browser:
    ./src/components/app-sidebar.tsx [Client Component Browser]
    ./src/features/subscription/components/DashboardShell.tsx [Client Component Browser]
    ./src/features/subscription/components/DashboardShell.tsx [Server Component]
    ./src/features/subscription/pages/DashboardPage.tsx [Server Component]
    ./src/app/dashboard/page.tsx [Server Component]

  Client Component SSR:
    ./src/components/app-sidebar.tsx [Client Component SSR]
    ./src/features/subscription/components/DashboardShell.tsx [Client Component SSR]
    ./src/features/subscription/components/DashboardShell.tsx [Server Component]
    ./src/features/subscription/pages/DashboardPage.tsx [Server Component]
    ./src/app/dashboard/page.tsx [Server Component]

https://nextjs.org/docs/messages/module-not-found @ http://localhost:3000/_next/static/chunks/node_modules_next_dist_05y3oi5z9mc_3._.js:995
[  614214ms] [ERROR] ./src/app/api/admin/stats/route.ts:4:1
Error: Module not found: Can't resolve '@/features/subscription/http'
  2 |
  3 | import { getPlatformStats } from "@/features/subscription/dal";
> 4 | import { errorResponse, requireApiAdmin } from "@/features/subscription/http";
    | ^^^^^^^^^^^^^^^^^^^^^^^^^^^^^^^^^^^^^^^^^^^^^^^^^^^^^^^^^^^^^^^^^^^^^^^^^^^^^^
  5 |
  6 | /**
  7 |  * PRD §11: the two counters the admin summary shows. The dashboard reads them

Import map: aliased to relative './src/features/subscription/http' inside of [project]/

https://nextjs.org/docs/messages/module-not-found @ http://localhost:3000/_next/static/chunks/node_modules_next_dist_05y3oi5z9mc_3._.js:995
[  614298ms] [ERROR] ./src/features/subscription/components/DashboardView.tsx:11:1
Error: Module not found: Can't resolve '../format'
   9 | import type { Workspace } from "../dal";
  10 | import type { SubscriptionStatus } from "@/generated/prisma/enums";
> 11 | import { formatDate, formatRupiah } from "../format";
     | ^^^^^^^^^^^^^^^^^^^^^^^^^^^^^^^^^^^^^^^^^^^^^^^^^^^^^
  12 | import { useCreateSubscription } from "../hooks/use-subscriptions";
  13 | import { useRenewSubscription } from "../hooks/use-renew-subscription";
  14 | import type {

Import traces:
  Client Component Browser:
    ./src/features/subscription/components/DashboardView.tsx [Client Component Browser]
    ./src/features/subscription/components/DashboardShell.tsx [Client Component Browser]
    ./src/features/subscription/components/DashboardShell.tsx [Server Component]
    ./src/features/subscription/pages/DashboardPage.tsx [Server Component]
    ./src/app/dashboard/page.tsx [Server Component]

  Client Component SSR:
    ./src/features/subscription/components/DashboardView.tsx [Client Component SSR]
    ./src/features/subscription/components/DashboardShell.tsx [Client Component SSR]
    ./src/features/subscription/components/DashboardShell.tsx [Server Component]
    ./src/features/subscription/pages/DashboardPage.tsx [Server Component]
    ./src/app/dashboard/page.tsx [Server Component]

https://nextjs.org/docs/messages/module-not-found @ http://localhost:3000/_next/static/chunks/node_modules_next_dist_05y3oi5z9mc_3._.js:995
[  614299ms] [ERROR] ./src/features/subscription/components/PaymentDetailCard.tsx:10:1
Error: Module not found: Can't resolve '../format'
   8 | import { Spinner } from "@/components/ui/spinner";
   9 | import { cn } from "@/lib/utils";
> 10 | import {
     | ^^^^^^^
> 11 |   formatDate,
     | ^^^^^^^^^^^^^
> 12 |   formatDateTime,
     | ^^^^^^^^^^^^^^^^^
> 13 |   formatDuration,
     | ^^^^^^^^^^^^^^^^^
> 14 |   formatRupiah,
     | ^^^^^^^^^^^^^^^
> 15 |   PAYMENT_STATUS_LABEL,
     | ^^^^^^^^^^^^^^^^^^^^^^^
> 16 |   SUBSCRIPTION_STATUS_LABEL,
     | ^^^^^^^^^^^^^^^^^^^^^^^^^^^^
> 17 | } from "../format";
     | ^^^^^^^^^^^^^^^^^^^
  18 | import {
  19 |   useApprovePayment,
  20 |   useRejectPayment,

Import traces:
  Client Component Browser:
    ./src/features/subscription/components/PaymentDetailCard.tsx [Client Component Browser]
    ./src/features/subscription/components/DashboardView.tsx [Client Component Browser]
    ./src/features/subscription/components/DashboardShell.tsx [Client Component Browser]
    ./src/features/subscription/components/DashboardShell.tsx [Server Component]
    ./src/features/subscription/pages/DashboardPage.tsx [Server Component]
    ./src/app/dashboard/page.tsx [Server Component]

  Client Component SSR:
    ./src/features/subscription/components/PaymentDetailCard.tsx [Client Component SSR]
    ./src/features/subscription/components/DashboardView.tsx [Client Component SSR]
    ./src/features/subscription/components/DashboardShell.tsx [Client Component SSR]
    ./src/features/subscription/components/DashboardShell.tsx [Server Component]
    ./src/features/subscription/pages/DashboardPage.tsx [Server Component]
    ./src/app/dashboard/page.tsx [Server Component]

https://nextjs.org/docs/messages/module-not-found @ http://localhost:3000/_next/static/chunks/node_modules_next_dist_05y3oi5z9mc_3._.js:995
[  614299ms] [ERROR] ./src/features/subscription/components/PaymentProofForm.tsx:10:1
Error: Module not found: Can't resolve '../format'
   8 | import { Spinner } from "@/components/ui/spinner";
   9 | import type { SubscriptionDTO } from "../types";
> 10 | import { PROOF_ACCEPT, PROOF_MAX_BYTES, formatRupiah } from "../format";
     | ^^^^^^^^^^^^^^^^^^^^^^^^^^^^^^^^^^^^^^^^^^^^^^^^^^^^^^^^^^^^^^^^^^^^^^^^
  11 | import { useSubmitPaymentProof } from "../hooks/use-submit-payment-proof";
  12 | import { PaymentStatusBadge, SubscriptionStatusBadge } from "./StatusBadge";
  13 |

Import traces:
  Client Component Browser:
    ./src/features/subscription/components/PaymentProofForm.tsx [Client Component Browser]
    ./src/features/subscription/components/SubscriptionCard.tsx [Client Component Browser]
    ./src/features/subscription/components/DashboardView.tsx [Client Component Browser]
    ./src/features/subscription/components/DashboardShell.tsx [Client Component Browser]
    ./src/features/subscription/components/DashboardShell.tsx [Server Component]
    ./src/features/subscription/pages/DashboardPage.tsx [Server Component]
    ./src/app/dashboard/page.tsx [Server Component]

  Client Component SSR:
    ./src/features/subscription/components/PaymentProofForm.tsx [Client Component SSR]
    ./src/features/subscription/components/SubscriptionCard.tsx [Client Component SSR]
    ./src/features/subscription/components/DashboardView.tsx [Client Component SSR]
    ./src/features/subscription/components/DashboardShell.tsx [Client Component SSR]
    ./src/features/subscription/components/DashboardShell.tsx [Server Component]
    ./src/features/subscription/pages/DashboardPage.tsx [Server Component]
    ./src/app/dashboard/page.tsx [Server Component]

https://nextjs.org/docs/messages/module-not-found @ http://localhost:3000/_next/static/chunks/node_modules_next_dist_05y3oi5z9mc_3._.js:995
[  614299ms] [ERROR] ./src/features/subscription/components/PlanCard.tsx:6:1
Error: Module not found: Can't resolve '../format'
  4 | import { Spinner } from "@/components/ui/spinner";
  5 | import type { SubscriptionStatus } from "@/generated/prisma/enums";
> 6 | import { formatDuration, formatRupiah } from "../format";
    | ^^^^^^^^^^^^^^^^^^^^^^^^^^^^^^^^^^^^^^^^^^^^^^^^^^^^^^^^^
  7 | import type { PlanDTO } from "../types";
  8 | import { SubscriptionStatusBadge } from "./StatusBadge";
  9 |

Import traces:
  Client Component Browser:
    ./src/features/subscription/components/PlanCard.tsx [Client Component Browser]
    ./src/features/subscription/components/DashboardView.tsx [Client Component Browser]
    ./src/features/subscription/components/DashboardShell.tsx [Client Component Browser]
    ./src/features/subscription/components/DashboardShell.tsx [Server Component]
    ./src/features/subscription/pages/DashboardPage.tsx [Server Component]
    ./src/app/dashboard/page.tsx [Server Component]

  Client Component SSR:
    ./src/features/subscription/components/PlanCard.tsx [Client Component SSR]
    ./src/features/subscription/components/DashboardView.tsx [Client Component SSR]
    ./src/features/subscription/components/DashboardShell.tsx [Client Component SSR]
    ./src/features/subscription/components/DashboardShell.tsx [Server Component]
    ./src/features/subscription/pages/DashboardPage.tsx [Server Component]
    ./src/app/dashboard/page.tsx [Server Component]

https://nextjs.org/docs/messages/module-not-found @ http://localhost:3000/_next/static/chunks/node_modules_next_dist_05y3oi5z9mc_3._.js:995
[  614299ms] [ERROR] ./src/features/subscription/components/StatusBadge.tsx:5:1
Error: Module not found: Can't resolve '../format'
   3 | import { Badge } from "@/components/ui/badge";
   4 | import { cn } from "@/lib/utils";
>  5 | import {
     | ^^^^^^^
>  6 |   PAYMENT_STATUS_LABEL,
     | ^^^^^^^^^^^^^^^^^^^^^^^
>  7 |   SUBSCRIPTION_STATUS_LABEL,
     | ^^^^^^^^^^^^^^^^^^^^^^^^^^^^
>  8 | } from "../format";
     | ^^^^^^^^^^^^^^^^^^^
   9 |
  10 | /** Warm palette tones, one per lifecycle status, matching the auth surface. */
  11 | const subscriptionTone: Record<SubscriptionStatus, string> = {

Import traces:
  Client Component Browser:
    ./src/features/subscription/components/StatusBadge.tsx [Client Component Browser]
    ./src/features/subscription/components/PlanCard.tsx [Client Component Browser]
    ./src/features/subscription/components/DashboardView.tsx [Client Component Browser]
    ./src/features/subscription/components/DashboardShell.tsx [Client Component Browser]
    ./src/features/subscription/components/DashboardShell.tsx [Server Component]
    ./src/features/subscription/pages/DashboardPage.tsx [Server Component]
    ./src/app/dashboard/page.tsx [Server Component]

  Client Component SSR:
    ./src/features/subscription/components/StatusBadge.tsx [Client Component SSR]
    ./src/features/subscription/components/PlanCard.tsx [Client Component SSR]
    ./src/features/subscription/components/DashboardView.tsx [Client Component SSR]
    ./src/features/subscription/components/DashboardShell.tsx [Client Component SSR]
    ./src/features/subscription/components/DashboardShell.tsx [Server Component]
    ./src/features/subscription/pages/DashboardPage.tsx [Server Component]
    ./src/app/dashboard/page.tsx [Server Component]

https://nextjs.org/docs/messages/module-not-found @ http://localhost:3000/_next/static/chunks/node_modules_next_dist_05y3oi5z9mc_3._.js:995
[  614299ms] [ERROR] ./src/features/subscription/components/SubscriptionCard.tsx:5:1
Error: Module not found: Can't resolve '../format'
   3 | import { Button } from "@/components/ui/button";
   4 | import type { SubscriptionStatus } from "@/generated/prisma/enums";
>  5 | import {
     | ^^^^^^^
>  6 |   formatDate,
     | ^^^^^^^^^^^^^
>  7 |   formatDuration,
     | ^^^^^^^^^^^^^^^^^
>  8 |   formatRupiah,
     | ^^^^^^^^^^^^^^^
>  9 |   PAYMENT_STATUS_LABEL,
     | ^^^^^^^^^^^^^^^^^^^^^^^
> 10 |   SUBSCRIPTION_STATUS_LABEL,
     | ^^^^^^^^^^^^^^^^^^^^^^^^^^^^
> 11 | } from "../format";
     | ^^^^^^^^^^^^^^^^^^^
  12 | import { useRenewSubscription } from "../hooks/use-renew-subscription";
  13 | import type { SubscriptionDTO } from "../types";
  14 | import { PaymentProofForm } from "./PaymentProofForm";

Import traces:
  Client Component Browser:
    ./src/features/subscription/components/SubscriptionCard.tsx [Client Component Browser]
    ./src/features/subscription/components/DashboardView.tsx [Client Component Browser]
    ./src/features/subscription/components/DashboardShell.tsx [Client Component Browser]
    ./src/features/subscription/components/DashboardShell.tsx [Server Component]
    ./src/features/subscription/pages/DashboardPage.tsx [Server Component]
    ./src/app/dashboard/page.tsx [Server Component]

  Client Component SSR:
    ./src/features/subscription/components/SubscriptionCard.tsx [Client Component SSR]
    ./src/features/subscription/components/DashboardView.tsx [Client Component SSR]
    ./src/features/subscription/components/DashboardShell.tsx [Client Component SSR]
    ./src/features/subscription/components/DashboardShell.tsx [Server Component]
    ./src/features/subscription/pages/DashboardPage.tsx [Server Component]
    ./src/app/dashboard/page.tsx [Server Component]

https://nextjs.org/docs/messages/module-not-found @ http://localhost:3000/_next/static/chunks/node_modules_next_dist_05y3oi5z9mc_3._.js:995
[  614299ms] [ERROR] ./src/features/subscription/dal.ts:6:1
Error: Module not found: Can't resolve './http'
  4 | } from "@/generated/prisma/enums";
  5 | import { prisma } from "@/lib/prisma";
> 6 | import { SubscriptionError } from "./http";
    | ^^^^^^^^^^^^^^^^^^^^^^^^^^^^^^^^^^^^^^^^^^^
  7 | import { computePeriod } from "./period";
  8 | import {
  9 |   adminPaymentInclude,

Import trace:
  Server Component:
    ./src/features/subscription/dal.ts
    ./src/features/subscription/pages/DashboardPage.tsx
    ./src/app/dashboard/page.tsx

https://nextjs.org/docs/messages/module-not-found @ http://localhost:3000/_next/static/chunks/node_modules_next_dist_05y3oi5z9mc_3._.js:995
[  614299ms] [ERROR] ./src/features/subscription/dal.ts:7:1
Error: Module not found: Can't resolve './period'
   5 | import { prisma } from "@/lib/prisma";
   6 | import { SubscriptionError } from "./http";
>  7 | import { computePeriod } from "./period";
     | ^^^^^^^^^^^^^^^^^^^^^^^^^^^^^^^^^^^^^^^^^
   8 | import {
   9 |   adminPaymentInclude,
  10 |   serializeAdminPayment,

Import trace:
  Server Component:
    ./src/features/subscription/dal.ts
    ./src/features/subscription/pages/DashboardPage.tsx
    ./src/app/dashboard/page.tsx

https://nextjs.org/docs/messages/module-not-found @ http://localhost:3000/_next/static/chunks/node_modules_next_dist_05y3oi5z9mc_3._.js:995
[  614299ms] [ERROR] ./src/components/app-sidebar.tsx:8:1
Error: Module not found: Can't resolve '@/features/subscription/navigation'
   6 |
   7 | import { LogoutButton } from "@/components/logout-button";
>  8 | import { navEntriesFor } from "@/features/subscription/navigation";
     | ^^^^^^^^^^^^^^^^^^^^^^^^^^^^^^^^^^^^^^^^^^^^^^^^^^^^^^^^^^^^^^^^^^^
   9 | import type { WorkspaceView } from "@/features/subscription/types";
  10 | import { cn } from "@/lib/utils";
  11 |

Import map: aliased to relative './src/features/subscription/navigation' inside of [project]/

Import traces:
  Client Component Browser:
    ./src/components/app-sidebar.tsx [Client Component Browser]
    ./src/features/subscription/components/DashboardShell.tsx [Client Component Browser]
    ./src/features/subscription/components/DashboardShell.tsx [Server Component]
    ./src/features/subscription/pages/DashboardPage.tsx [Server Component]
    ./src/app/dashboard/page.tsx [Server Component]

  Client Component SSR:
    ./src/components/app-sidebar.tsx [Client Component SSR]
    ./src/features/subscription/components/DashboardShell.tsx [Client Component SSR]
    ./src/features/subscription/components/DashboardShell.tsx [Server Component]
    ./src/features/subscription/pages/DashboardPage.tsx [Server Component]
    ./src/app/dashboard/page.tsx [Server Component]

https://nextjs.org/docs/messages/module-not-found @ http://localhost:3000/_next/static/chunks/node_modules_next_dist_05y3oi5z9mc_3._.js:995
[  614299ms] [ERROR] ./src/app/api/admin/stats/route.ts:4:1
Error: Module not found: Can't resolve '@/features/subscription/http'
  2 |
  3 | import { getPlatformStats } from "@/features/subscription/dal";
> 4 | import { errorResponse, requireApiAdmin } from "@/features/subscription/http";
    | ^^^^^^^^^^^^^^^^^^^^^^^^^^^^^^^^^^^^^^^^^^^^^^^^^^^^^^^^^^^^^^^^^^^^^^^^^^^^^^
  5 |
  6 | /**
  7 |  * PRD §11: the two counters the admin summary shows. The dashboard reads them

Import map: aliased to relative './src/features/subscription/http' inside of [project]/

https://nextjs.org/docs/messages/module-not-found @ http://localhost:3000/_next/static/chunks/node_modules_next_dist_05y3oi5z9mc_3._.js:995
[  614392ms] [ERROR] ./src/features/subscription/components/DashboardView.tsx:11:1
Error: Module not found: Can't resolve '../format'
   9 | import type { Workspace } from "../dal";
  10 | import type { SubscriptionStatus } from "@/generated/prisma/enums";
> 11 | import { formatDate, formatRupiah } from "../format";
     | ^^^^^^^^^^^^^^^^^^^^^^^^^^^^^^^^^^^^^^^^^^^^^^^^^^^^^
  12 | import { useCreateSubscription } from "../hooks/use-subscriptions";
  13 | import { useRenewSubscription } from "../hooks/use-renew-subscription";
  14 | import type {

Import traces:
  Client Component Browser:
    ./src/features/subscription/components/DashboardView.tsx [Client Component Browser]
    ./src/features/subscription/components/DashboardShell.tsx [Client Component Browser]
    ./src/features/subscription/components/DashboardShell.tsx [Server Component]
    ./src/features/subscription/pages/DashboardPage.tsx [Server Component]
    ./src/app/dashboard/page.tsx [Server Component]

  Client Component SSR:
    ./src/features/subscription/components/DashboardView.tsx [Client Component SSR]
    ./src/features/subscription/components/DashboardShell.tsx [Client Component SSR]
    ./src/features/subscription/components/DashboardShell.tsx [Server Component]
    ./src/features/subscription/pages/DashboardPage.tsx [Server Component]
    ./src/app/dashboard/page.tsx [Server Component]

https://nextjs.org/docs/messages/module-not-found @ http://localhost:3000/_next/static/chunks/node_modules_next_dist_05y3oi5z9mc_3._.js:995
[  614392ms] [ERROR] ./src/features/subscription/components/PaymentDetailCard.tsx:10:1
Error: Module not found: Can't resolve '../format'
   8 | import { Spinner } from "@/components/ui/spinner";
   9 | import { cn } from "@/lib/utils";
> 10 | import {
     | ^^^^^^^
> 11 |   formatDate,
     | ^^^^^^^^^^^^^
> 12 |   formatDateTime,
     | ^^^^^^^^^^^^^^^^^
> 13 |   formatDuration,
     | ^^^^^^^^^^^^^^^^^
> 14 |   formatRupiah,
     | ^^^^^^^^^^^^^^^
> 15 |   PAYMENT_STATUS_LABEL,
     | ^^^^^^^^^^^^^^^^^^^^^^^
> 16 |   SUBSCRIPTION_STATUS_LABEL,
     | ^^^^^^^^^^^^^^^^^^^^^^^^^^^^
> 17 | } from "../format";
     | ^^^^^^^^^^^^^^^^^^^
  18 | import {
  19 |   useApprovePayment,
  20 |   useRejectPayment,

Import traces:
  Client Component Browser:
    ./src/features/subscription/components/PaymentDetailCard.tsx [Client Component Browser]
    ./src/features/subscription/components/DashboardView.tsx [Client Component Browser]
    ./src/features/subscription/components/DashboardShell.tsx [Client Component Browser]
    ./src/features/subscription/components/DashboardShell.tsx [Server Component]
    ./src/features/subscription/pages/DashboardPage.tsx [Server Component]
    ./src/app/dashboard/page.tsx [Server Component]

  Client Component SSR:
    ./src/features/subscription/components/PaymentDetailCard.tsx [Client Component SSR]
    ./src/features/subscription/components/DashboardView.tsx [Client Component SSR]
    ./src/features/subscription/components/DashboardShell.tsx [Client Component SSR]
    ./src/features/subscription/components/DashboardShell.tsx [Server Component]
    ./src/features/subscription/pages/DashboardPage.tsx [Server Component]
    ./src/app/dashboard/page.tsx [Server Component]

https://nextjs.org/docs/messages/module-not-found @ http://localhost:3000/_next/static/chunks/node_modules_next_dist_05y3oi5z9mc_3._.js:995
[  614392ms] [ERROR] ./src/features/subscription/components/PaymentProofForm.tsx:10:1
Error: Module not found: Can't resolve '../format'
   8 | import { Spinner } from "@/components/ui/spinner";
   9 | import type { SubscriptionDTO } from "../types";
> 10 | import { PROOF_ACCEPT, PROOF_MAX_BYTES, formatRupiah } from "../format";
     | ^^^^^^^^^^^^^^^^^^^^^^^^^^^^^^^^^^^^^^^^^^^^^^^^^^^^^^^^^^^^^^^^^^^^^^^^
  11 | import { useSubmitPaymentProof } from "../hooks/use-submit-payment-proof";
  12 | import { PaymentStatusBadge, SubscriptionStatusBadge } from "./StatusBadge";
  13 |

Import traces:
  Client Component Browser:
    ./src/features/subscription/components/PaymentProofForm.tsx [Client Component Browser]
    ./src/features/subscription/components/SubscriptionCard.tsx [Client Component Browser]
    ./src/features/subscription/components/DashboardView.tsx [Client Component Browser]
    ./src/features/subscription/components/DashboardShell.tsx [Client Component Browser]
    ./src/features/subscription/components/DashboardShell.tsx [Server Component]
    ./src/features/subscription/pages/DashboardPage.tsx [Server Component]
    ./src/app/dashboard/page.tsx [Server Component]

  Client Component SSR:
    ./src/features/subscription/components/PaymentProofForm.tsx [Client Component SSR]
    ./src/features/subscription/components/SubscriptionCard.tsx [Client Component SSR]
    ./src/features/subscription/components/DashboardView.tsx [Client Component SSR]
    ./src/features/subscription/components/DashboardShell.tsx [Client Component SSR]
    ./src/features/subscription/components/DashboardShell.tsx [Server Component]
    ./src/features/subscription/pages/DashboardPage.tsx [Server Component]
    ./src/app/dashboard/page.tsx [Server Component]

https://nextjs.org/docs/messages/module-not-found @ http://localhost:3000/_next/static/chunks/node_modules_next_dist_05y3oi5z9mc_3._.js:995
[  614392ms] [ERROR] ./src/features/subscription/components/PlanCard.tsx:6:1
Error: Module not found: Can't resolve '../format'
  4 | import { Spinner } from "@/components/ui/spinner";
  5 | import type { SubscriptionStatus } from "@/generated/prisma/enums";
> 6 | import { formatDuration, formatRupiah } from "../format";
    | ^^^^^^^^^^^^^^^^^^^^^^^^^^^^^^^^^^^^^^^^^^^^^^^^^^^^^^^^^
  7 | import type { PlanDTO } from "../types";
  8 | import { SubscriptionStatusBadge } from "./StatusBadge";
  9 |

Import traces:
  Client Component Browser:
    ./src/features/subscription/components/PlanCard.tsx [Client Component Browser]
    ./src/features/subscription/components/DashboardView.tsx [Client Component Browser]
    ./src/features/subscription/components/DashboardShell.tsx [Client Component Browser]
    ./src/features/subscription/components/DashboardShell.tsx [Server Component]
    ./src/features/subscription/pages/DashboardPage.tsx [Server Component]
    ./src/app/dashboard/page.tsx [Server Component]

  Client Component SSR:
    ./src/features/subscription/components/PlanCard.tsx [Client Component SSR]
    ./src/features/subscription/components/DashboardView.tsx [Client Component SSR]
    ./src/features/subscription/components/DashboardShell.tsx [Client Component SSR]
    ./src/features/subscription/components/DashboardShell.tsx [Server Component]
    ./src/features/subscription/pages/DashboardPage.tsx [Server Component]
    ./src/app/dashboard/page.tsx [Server Component]

https://nextjs.org/docs/messages/module-not-found @ http://localhost:3000/_next/static/chunks/node_modules_next_dist_05y3oi5z9mc_3._.js:995
[  614393ms] [ERROR] ./src/features/subscription/components/StatusBadge.tsx:5:1
Error: Module not found: Can't resolve '../format'
   3 | import { Badge } from "@/components/ui/badge";
   4 | import { cn } from "@/lib/utils";
>  5 | import {
     | ^^^^^^^
>  6 |   PAYMENT_STATUS_LABEL,
     | ^^^^^^^^^^^^^^^^^^^^^^^
>  7 |   SUBSCRIPTION_STATUS_LABEL,
     | ^^^^^^^^^^^^^^^^^^^^^^^^^^^^
>  8 | } from "../format";
     | ^^^^^^^^^^^^^^^^^^^
   9 |
  10 | /** Warm palette tones, one per lifecycle status, matching the auth surface. */
  11 | const subscriptionTone: Record<SubscriptionStatus, string> = {

Import traces:
  Client Component Browser:
    ./src/features/subscription/components/StatusBadge.tsx [Client Component Browser]
    ./src/features/subscription/components/PlanCard.tsx [Client Component Browser]
    ./src/features/subscription/components/DashboardView.tsx [Client Component Browser]
    ./src/features/subscription/components/DashboardShell.tsx [Client Component Browser]
    ./src/features/subscription/components/DashboardShell.tsx [Server Component]
    ./src/features/subscription/pages/DashboardPage.tsx [Server Component]
    ./src/app/dashboard/page.tsx [Server Component]

  Client Component SSR:
    ./src/features/subscription/components/StatusBadge.tsx [Client Component SSR]
    ./src/features/subscription/components/PlanCard.tsx [Client Component SSR]
    ./src/features/subscription/components/DashboardView.tsx [Client Component SSR]
    ./src/features/subscription/components/DashboardShell.tsx [Client Component SSR]
    ./src/features/subscription/components/DashboardShell.tsx [Server Component]
    ./src/features/subscription/pages/DashboardPage.tsx [Server Component]
    ./src/app/dashboard/page.tsx [Server Component]

https://nextjs.org/docs/messages/module-not-found @ http://localhost:3000/_next/static/chunks/node_modules_next_dist_05y3oi5z9mc_3._.js:995
[  614393ms] [ERROR] ./src/features/subscription/components/SubscriptionCard.tsx:5:1
Error: Module not found: Can't resolve '../format'
   3 | import { Button } from "@/components/ui/button";
   4 | import type { SubscriptionStatus } from "@/generated/prisma/enums";
>  5 | import {
     | ^^^^^^^
>  6 |   formatDate,
     | ^^^^^^^^^^^^^
>  7 |   formatDuration,
     | ^^^^^^^^^^^^^^^^^
>  8 |   formatRupiah,
     | ^^^^^^^^^^^^^^^
>  9 |   PAYMENT_STATUS_LABEL,
     | ^^^^^^^^^^^^^^^^^^^^^^^
> 10 |   SUBSCRIPTION_STATUS_LABEL,
     | ^^^^^^^^^^^^^^^^^^^^^^^^^^^^
> 11 | } from "../format";
     | ^^^^^^^^^^^^^^^^^^^
  12 | import { useRenewSubscription } from "../hooks/use-renew-subscription";
  13 | import type { SubscriptionDTO } from "../types";
  14 | import { PaymentProofForm } from "./PaymentProofForm";

Import traces:
  Client Component Browser:
    ./src/features/subscription/components/SubscriptionCard.tsx [Client Component Browser]
    ./src/features/subscription/components/DashboardView.tsx [Client Component Browser]
    ./src/features/subscription/components/DashboardShell.tsx [Client Component Browser]
    ./src/features/subscription/components/DashboardShell.tsx [Server Component]
    ./src/features/subscription/pages/DashboardPage.tsx [Server Component]
    ./src/app/dashboard/page.tsx [Server Component]

  Client Component SSR:
    ./src/features/subscription/components/SubscriptionCard.tsx [Client Component SSR]
    ./src/features/subscription/components/DashboardView.tsx [Client Component SSR]
    ./src/features/subscription/components/DashboardShell.tsx [Client Component SSR]
    ./src/features/subscription/components/DashboardShell.tsx [Server Component]
    ./src/features/subscription/pages/DashboardPage.tsx [Server Component]
    ./src/app/dashboard/page.tsx [Server Component]

https://nextjs.org/docs/messages/module-not-found @ http://localhost:3000/_next/static/chunks/node_modules_next_dist_05y3oi5z9mc_3._.js:995
[  614393ms] [ERROR] ./src/features/subscription/dal.ts:6:1
Error: Module not found: Can't resolve './http'
  4 | } from "@/generated/prisma/enums";
  5 | import { prisma } from "@/lib/prisma";
> 6 | import { SubscriptionError } from "./http";
    | ^^^^^^^^^^^^^^^^^^^^^^^^^^^^^^^^^^^^^^^^^^^
  7 | import { computePeriod } from "./period";
  8 | import {
  9 |   adminPaymentInclude,

Import trace:
  Server Component:
    ./src/features/subscription/dal.ts
    ./src/features/subscription/pages/DashboardPage.tsx
    ./src/app/dashboard/page.tsx

https://nextjs.org/docs/messages/module-not-found @ http://localhost:3000/_next/static/chunks/node_modules_next_dist_05y3oi5z9mc_3._.js:995
[  614393ms] [ERROR] ./src/features/subscription/dal.ts:7:1
Error: Module not found: Can't resolve './period'
   5 | import { prisma } from "@/lib/prisma";
   6 | import { SubscriptionError } from "./http";
>  7 | import { computePeriod } from "./period";
     | ^^^^^^^^^^^^^^^^^^^^^^^^^^^^^^^^^^^^^^^^^
   8 | import {
   9 |   adminPaymentInclude,
  10 |   serializeAdminPayment,

Import trace:
  Server Component:
    ./src/features/subscription/dal.ts
    ./src/features/subscription/pages/DashboardPage.tsx
    ./src/app/dashboard/page.tsx

https://nextjs.org/docs/messages/module-not-found @ http://localhost:3000/_next/static/chunks/node_modules_next_dist_05y3oi5z9mc_3._.js:995
[  614393ms] [ERROR] ./src/components/app-sidebar.tsx:8:1
Error: Module not found: Can't resolve '@/features/subscription/navigation'
   6 |
   7 | import { LogoutButton } from "@/components/logout-button";
>  8 | import { navEntriesFor } from "@/features/subscription/navigation";
     | ^^^^^^^^^^^^^^^^^^^^^^^^^^^^^^^^^^^^^^^^^^^^^^^^^^^^^^^^^^^^^^^^^^^
   9 | import type { WorkspaceView } from "@/features/subscription/types";
  10 | import { cn } from "@/lib/utils";
  11 |

Import map: aliased to relative './src/features/subscription/navigation' inside of [project]/

Import traces:
  Client Component Browser:
    ./src/components/app-sidebar.tsx [Client Component Browser]
    ./src/features/subscription/components/DashboardShell.tsx [Client Component Browser]
    ./src/features/subscription/components/DashboardShell.tsx [Server Component]
    ./src/features/subscription/pages/DashboardPage.tsx [Server Component]
    ./src/app/dashboard/page.tsx [Server Component]

  Client Component SSR:
    ./src/components/app-sidebar.tsx [Client Component SSR]
    ./src/features/subscription/components/DashboardShell.tsx [Client Component SSR]
    ./src/features/subscription/components/DashboardShell.tsx [Server Component]
    ./src/features/subscription/pages/DashboardPage.tsx [Server Component]
    ./src/app/dashboard/page.tsx [Server Component]

https://nextjs.org/docs/messages/module-not-found @ http://localhost:3000/_next/static/chunks/node_modules_next_dist_05y3oi5z9mc_3._.js:995
[  614393ms] [ERROR] ./src/app/api/admin/stats/route.ts:4:1
Error: Module not found: Can't resolve '@/features/subscription/http'
  2 |
  3 | import { getPlatformStats } from "@/features/subscription/dal";
> 4 | import { errorResponse, requireApiAdmin } from "@/features/subscription/http";
    | ^^^^^^^^^^^^^^^^^^^^^^^^^^^^^^^^^^^^^^^^^^^^^^^^^^^^^^^^^^^^^^^^^^^^^^^^^^^^^^
  5 |
  6 | /**
  7 |  * PRD §11: the two counters the admin summary shows. The dashboard reads them

Import map: aliased to relative './src/features/subscription/http' inside of [project]/

https://nextjs.org/docs/messages/module-not-found @ http://localhost:3000/_next/static/chunks/node_modules_next_dist_05y3oi5z9mc_3._.js:995
[  614473ms] [ERROR] ./src/features/subscription/components/DashboardView.tsx:11:1
Error: Module not found: Can't resolve '../format'
   9 | import type { Workspace } from "../dal";
  10 | import type { SubscriptionStatus } from "@/generated/prisma/enums";
> 11 | import { formatDate, formatRupiah } from "../format";
     | ^^^^^^^^^^^^^^^^^^^^^^^^^^^^^^^^^^^^^^^^^^^^^^^^^^^^^
  12 | import { useCreateSubscription } from "../hooks/use-subscriptions";
  13 | import { useRenewSubscription } from "../hooks/use-renew-subscription";
  14 | import type {

Import traces:
  Client Component Browser:
    ./src/features/subscription/components/DashboardView.tsx [Client Component Browser]
    ./src/features/subscription/components/DashboardShell.tsx [Client Component Browser]
    ./src/features/subscription/components/DashboardShell.tsx [Server Component]
    ./src/features/subscription/pages/DashboardPage.tsx [Server Component]
    ./src/app/dashboard/page.tsx [Server Component]

  Client Component SSR:
    ./src/features/subscription/components/DashboardView.tsx [Client Component SSR]
    ./src/features/subscription/components/DashboardShell.tsx [Client Component SSR]
    ./src/features/subscription/components/DashboardShell.tsx [Server Component]
    ./src/features/subscription/pages/DashboardPage.tsx [Server Component]
    ./src/app/dashboard/page.tsx [Server Component]

https://nextjs.org/docs/messages/module-not-found @ http://localhost:3000/_next/static/chunks/node_modules_next_dist_05y3oi5z9mc_3._.js:995
[  614474ms] [ERROR] ./src/features/subscription/components/PaymentDetailCard.tsx:10:1
Error: Module not found: Can't resolve '../format'
   8 | import { Spinner } from "@/components/ui/spinner";
   9 | import { cn } from "@/lib/utils";
> 10 | import {
     | ^^^^^^^
> 11 |   formatDate,
     | ^^^^^^^^^^^^^
> 12 |   formatDateTime,
     | ^^^^^^^^^^^^^^^^^
> 13 |   formatDuration,
     | ^^^^^^^^^^^^^^^^^
> 14 |   formatRupiah,
     | ^^^^^^^^^^^^^^^
> 15 |   PAYMENT_STATUS_LABEL,
     | ^^^^^^^^^^^^^^^^^^^^^^^
> 16 |   SUBSCRIPTION_STATUS_LABEL,
     | ^^^^^^^^^^^^^^^^^^^^^^^^^^^^
> 17 | } from "../format";
     | ^^^^^^^^^^^^^^^^^^^
  18 | import {
  19 |   useApprovePayment,
  20 |   useRejectPayment,

Import traces:
  Client Component Browser:
    ./src/features/subscription/components/PaymentDetailCard.tsx [Client Component Browser]
    ./src/features/subscription/components/DashboardView.tsx [Client Component Browser]
    ./src/features/subscription/components/DashboardShell.tsx [Client Component Browser]
    ./src/features/subscription/components/DashboardShell.tsx [Server Component]
    ./src/features/subscription/pages/DashboardPage.tsx [Server Component]
    ./src/app/dashboard/page.tsx [Server Component]

  Client Component SSR:
    ./src/features/subscription/components/PaymentDetailCard.tsx [Client Component SSR]
    ./src/features/subscription/components/DashboardView.tsx [Client Component SSR]
    ./src/features/subscription/components/DashboardShell.tsx [Client Component SSR]
    ./src/features/subscription/components/DashboardShell.tsx [Server Component]
    ./src/features/subscription/pages/DashboardPage.tsx [Server Component]
    ./src/app/dashboard/page.tsx [Server Component]

https://nextjs.org/docs/messages/module-not-found @ http://localhost:3000/_next/static/chunks/node_modules_next_dist_05y3oi5z9mc_3._.js:995
[  614474ms] [ERROR] ./src/features/subscription/components/PaymentProofForm.tsx:10:1
Error: Module not found: Can't resolve '../format'
   8 | import { Spinner } from "@/components/ui/spinner";
   9 | import type { SubscriptionDTO } from "../types";
> 10 | import { PROOF_ACCEPT, PROOF_MAX_BYTES, formatRupiah } from "../format";
     | ^^^^^^^^^^^^^^^^^^^^^^^^^^^^^^^^^^^^^^^^^^^^^^^^^^^^^^^^^^^^^^^^^^^^^^^^
  11 | import { useSubmitPaymentProof } from "../hooks/use-submit-payment-proof";
  12 | import { PaymentStatusBadge, SubscriptionStatusBadge } from "./StatusBadge";
  13 |

Import traces:
  Client Component Browser:
    ./src/features/subscription/components/PaymentProofForm.tsx [Client Component Browser]
    ./src/features/subscription/components/SubscriptionCard.tsx [Client Component Browser]
    ./src/features/subscription/components/DashboardView.tsx [Client Component Browser]
    ./src/features/subscription/components/DashboardShell.tsx [Client Component Browser]
    ./src/features/subscription/components/DashboardShell.tsx [Server Component]
    ./src/features/subscription/pages/DashboardPage.tsx [Server Component]
    ./src/app/dashboard/page.tsx [Server Component]

  Client Component SSR:
    ./src/features/subscription/components/PaymentProofForm.tsx [Client Component SSR]
    ./src/features/subscription/components/SubscriptionCard.tsx [Client Component SSR]
    ./src/features/subscription/components/DashboardView.tsx [Client Component SSR]
    ./src/features/subscription/components/DashboardShell.tsx [Client Component SSR]
    ./src/features/subscription/components/DashboardShell.tsx [Server Component]
    ./src/features/subscription/pages/DashboardPage.tsx [Server Component]
    ./src/app/dashboard/page.tsx [Server Component]

https://nextjs.org/docs/messages/module-not-found @ http://localhost:3000/_next/static/chunks/node_modules_next_dist_05y3oi5z9mc_3._.js:995
[  614474ms] [ERROR] ./src/features/subscription/components/PlanCard.tsx:6:1
Error: Module not found: Can't resolve '../format'
  4 | import { Spinner } from "@/components/ui/spinner";
  5 | import type { SubscriptionStatus } from "@/generated/prisma/enums";
> 6 | import { formatDuration, formatRupiah } from "../format";
    | ^^^^^^^^^^^^^^^^^^^^^^^^^^^^^^^^^^^^^^^^^^^^^^^^^^^^^^^^^
  7 | import type { PlanDTO } from "../types";
  8 | import { SubscriptionStatusBadge } from "./StatusBadge";
  9 |

Import traces:
  Client Component Browser:
    ./src/features/subscription/components/PlanCard.tsx [Client Component Browser]
    ./src/features/subscription/components/DashboardView.tsx [Client Component Browser]
    ./src/features/subscription/components/DashboardShell.tsx [Client Component Browser]
    ./src/features/subscription/components/DashboardShell.tsx [Server Component]
    ./src/features/subscription/pages/DashboardPage.tsx [Server Component]
    ./src/app/dashboard/page.tsx [Server Component]

  Client Component SSR:
    ./src/features/subscription/components/PlanCard.tsx [Client Component SSR]
    ./src/features/subscription/components/DashboardView.tsx [Client Component SSR]
    ./src/features/subscription/components/DashboardShell.tsx [Client Component SSR]
    ./src/features/subscription/components/DashboardShell.tsx [Server Component]
    ./src/features/subscription/pages/DashboardPage.tsx [Server Component]
    ./src/app/dashboard/page.tsx [Server Component]

https://nextjs.org/docs/messages/module-not-found @ http://localhost:3000/_next/static/chunks/node_modules_next_dist_05y3oi5z9mc_3._.js:995
[  614474ms] [ERROR] ./src/features/subscription/components/StatusBadge.tsx:5:1
Error: Module not found: Can't resolve '../format'
   3 | import { Badge } from "@/components/ui/badge";
   4 | import { cn } from "@/lib/utils";
>  5 | import {
     | ^^^^^^^
>  6 |   PAYMENT_STATUS_LABEL,
     | ^^^^^^^^^^^^^^^^^^^^^^^
>  7 |   SUBSCRIPTION_STATUS_LABEL,
     | ^^^^^^^^^^^^^^^^^^^^^^^^^^^^
>  8 | } from "../format";
     | ^^^^^^^^^^^^^^^^^^^
   9 |
  10 | /** Warm palette tones, one per lifecycle status, matching the auth surface. */
  11 | const subscriptionTone: Record<SubscriptionStatus, string> = {

Import traces:
  Client Component Browser:
    ./src/features/subscription/components/StatusBadge.tsx [Client Component Browser]
    ./src/features/subscription/components/PlanCard.tsx [Client Component Browser]
    ./src/features/subscription/components/DashboardView.tsx [Client Component Browser]
    ./src/features/subscription/components/DashboardShell.tsx [Client Component Browser]
    ./src/features/subscription/components/DashboardShell.tsx [Server Component]
    ./src/features/subscription/pages/DashboardPage.tsx [Server Component]
    ./src/app/dashboard/page.tsx [Server Component]

  Client Component SSR:
    ./src/features/subscription/components/StatusBadge.tsx [Client Component SSR]
    ./src/features/subscription/components/PlanCard.tsx [Client Component SSR]
    ./src/features/subscription/components/DashboardView.tsx [Client Component SSR]
    ./src/features/subscription/components/DashboardShell.tsx [Client Component SSR]
    ./src/features/subscription/components/DashboardShell.tsx [Server Component]
    ./src/features/subscription/pages/DashboardPage.tsx [Server Component]
    ./src/app/dashboard/page.tsx [Server Component]

https://nextjs.org/docs/messages/module-not-found @ http://localhost:3000/_next/static/chunks/node_modules_next_dist_05y3oi5z9mc_3._.js:995
[  614474ms] [ERROR] ./src/features/subscription/components/SubscriptionCard.tsx:5:1
Error: Module not found: Can't resolve '../format'
   3 | import { Button } from "@/components/ui/button";
   4 | import type { SubscriptionStatus } from "@/generated/prisma/enums";
>  5 | import {
     | ^^^^^^^
>  6 |   formatDate,
     | ^^^^^^^^^^^^^
>  7 |   formatDuration,
     | ^^^^^^^^^^^^^^^^^
>  8 |   formatRupiah,
     | ^^^^^^^^^^^^^^^
>  9 |   PAYMENT_STATUS_LABEL,
     | ^^^^^^^^^^^^^^^^^^^^^^^
> 10 |   SUBSCRIPTION_STATUS_LABEL,
     | ^^^^^^^^^^^^^^^^^^^^^^^^^^^^
> 11 | } from "../format";
     | ^^^^^^^^^^^^^^^^^^^
  12 | import { useRenewSubscription } from "../hooks/use-renew-subscription";
  13 | import type { SubscriptionDTO } from "../types";
  14 | import { PaymentProofForm } from "./PaymentProofForm";

Import traces:
  Client Component Browser:
    ./src/features/subscription/components/SubscriptionCard.tsx [Client Component Browser]
    ./src/features/subscription/components/DashboardView.tsx [Client Component Browser]
    ./src/features/subscription/components/DashboardShell.tsx [Client Component Browser]
    ./src/features/subscription/components/DashboardShell.tsx [Server Component]
    ./src/features/subscription/pages/DashboardPage.tsx [Server Component]
    ./src/app/dashboard/page.tsx [Server Component]

  Client Component SSR:
    ./src/features/subscription/components/SubscriptionCard.tsx [Client Component SSR]
    ./src/features/subscription/components/DashboardView.tsx [Client Component SSR]
    ./src/features/subscription/components/DashboardShell.tsx [Client Component SSR]
    ./src/features/subscription/components/DashboardShell.tsx [Server Component]
    ./src/features/subscription/pages/DashboardPage.tsx [Server Component]
    ./src/app/dashboard/page.tsx [Server Component]

https://nextjs.org/docs/messages/module-not-found @ http://localhost:3000/_next/static/chunks/node_modules_next_dist_05y3oi5z9mc_3._.js:995
[  614474ms] [ERROR] ./src/features/subscription/dal.ts:6:1
Error: Module not found: Can't resolve './http'
  4 | } from "@/generated/prisma/enums";
  5 | import { prisma } from "@/lib/prisma";
> 6 | import { SubscriptionError } from "./http";
    | ^^^^^^^^^^^^^^^^^^^^^^^^^^^^^^^^^^^^^^^^^^^
  7 | import { computePeriod } from "./period";
  8 | import {
  9 |   adminPaymentInclude,

Import trace:
  Server Component:
    ./src/features/subscription/dal.ts
    ./src/features/subscription/pages/DashboardPage.tsx
    ./src/app/dashboard/page.tsx

https://nextjs.org/docs/messages/module-not-found @ http://localhost:3000/_next/static/chunks/node_modules_next_dist_05y3oi5z9mc_3._.js:995
[  614474ms] [ERROR] ./src/features/subscription/dal.ts:7:1
Error: Module not found: Can't resolve './period'
   5 | import { prisma } from "@/lib/prisma";
   6 | import { SubscriptionError } from "./http";
>  7 | import { computePeriod } from "./period";
     | ^^^^^^^^^^^^^^^^^^^^^^^^^^^^^^^^^^^^^^^^^
   8 | import {
   9 |   adminPaymentInclude,
  10 |   serializeAdminPayment,

Import trace:
  Server Component:
    ./src/features/subscription/dal.ts
    ./src/features/subscription/pages/DashboardPage.tsx
    ./src/app/dashboard/page.tsx

https://nextjs.org/docs/messages/module-not-found @ http://localhost:3000/_next/static/chunks/node_modules_next_dist_05y3oi5z9mc_3._.js:995
[  614474ms] [ERROR] ./src/components/app-sidebar.tsx:8:1
Error: Module not found: Can't resolve '@/features/subscription/navigation'
   6 |
   7 | import { LogoutButton } from "@/components/logout-button";
>  8 | import { navEntriesFor } from "@/features/subscription/navigation";
     | ^^^^^^^^^^^^^^^^^^^^^^^^^^^^^^^^^^^^^^^^^^^^^^^^^^^^^^^^^^^^^^^^^^^
   9 | import type { WorkspaceView } from "@/features/subscription/types";
  10 | import { cn } from "@/lib/utils";
  11 |

Import map: aliased to relative './src/features/subscription/navigation' inside of [project]/

Import traces:
  Client Component Browser:
    ./src/components/app-sidebar.tsx [Client Component Browser]
    ./src/features/subscription/components/DashboardShell.tsx [Client Component Browser]
    ./src/features/subscription/components/DashboardShell.tsx [Server Component]
    ./src/features/subscription/pages/DashboardPage.tsx [Server Component]
    ./src/app/dashboard/page.tsx [Server Component]

  Client Component SSR:
    ./src/components/app-sidebar.tsx [Client Component SSR]
    ./src/features/subscription/components/DashboardShell.tsx [Client Component SSR]
    ./src/features/subscription/components/DashboardShell.tsx [Server Component]
    ./src/features/subscription/pages/DashboardPage.tsx [Server Component]
    ./src/app/dashboard/page.tsx [Server Component]

https://nextjs.org/docs/messages/module-not-found @ http://localhost:3000/_next/static/chunks/node_modules_next_dist_05y3oi5z9mc_3._.js:995
[  614474ms] [ERROR] ./src/app/api/admin/stats/route.ts:4:1
Error: Module not found: Can't resolve '@/features/subscription/http'
  2 |
  3 | import { getPlatformStats } from "@/features/subscription/dal";
> 4 | import { errorResponse, requireApiAdmin } from "@/features/subscription/http";
    | ^^^^^^^^^^^^^^^^^^^^^^^^^^^^^^^^^^^^^^^^^^^^^^^^^^^^^^^^^^^^^^^^^^^^^^^^^^^^^^
  5 |
  6 | /**
  7 |  * PRD §11: the two counters the admin summary shows. The dashboard reads them

Import map: aliased to relative './src/features/subscription/http' inside of [project]/

https://nextjs.org/docs/messages/module-not-found @ http://localhost:3000/_next/static/chunks/node_modules_next_dist_05y3oi5z9mc_3._.js:995
[  614548ms] [ERROR] ./src/features/subscription/components/DashboardView.tsx:11:1
Error: Module not found: Can't resolve '../format'
   9 | import type { Workspace } from "../dal";
  10 | import type { SubscriptionStatus } from "@/generated/prisma/enums";
> 11 | import { formatDate, formatRupiah } from "../format";
     | ^^^^^^^^^^^^^^^^^^^^^^^^^^^^^^^^^^^^^^^^^^^^^^^^^^^^^
  12 | import { useCreateSubscription } from "../hooks/use-subscriptions";
  13 | import { useRenewSubscription } from "../hooks/use-renew-subscription";
  14 | import type {

Import traces:
  Client Component Browser:
    ./src/features/subscription/components/DashboardView.tsx [Client Component Browser]
    ./src/features/subscription/components/DashboardShell.tsx [Client Component Browser]
    ./src/features/subscription/components/DashboardShell.tsx [Server Component]
    ./src/features/subscription/pages/DashboardPage.tsx [Server Component]
    ./src/app/dashboard/page.tsx [Server Component]

  Client Component SSR:
    ./src/features/subscription/components/DashboardView.tsx [Client Component SSR]
    ./src/features/subscription/components/DashboardShell.tsx [Client Component SSR]
    ./src/features/subscription/components/DashboardShell.tsx [Server Component]
    ./src/features/subscription/pages/DashboardPage.tsx [Server Component]
    ./src/app/dashboard/page.tsx [Server Component]

https://nextjs.org/docs/messages/module-not-found @ http://localhost:3000/_next/static/chunks/node_modules_next_dist_05y3oi5z9mc_3._.js:995
[  614548ms] [ERROR] ./src/features/subscription/components/PaymentDetailCard.tsx:10:1
Error: Module not found: Can't resolve '../format'
   8 | import { Spinner } from "@/components/ui/spinner";
   9 | import { cn } from "@/lib/utils";
> 10 | import {
     | ^^^^^^^
> 11 |   formatDate,
     | ^^^^^^^^^^^^^
> 12 |   formatDateTime,
     | ^^^^^^^^^^^^^^^^^
> 13 |   formatDuration,
     | ^^^^^^^^^^^^^^^^^
> 14 |   formatRupiah,
     | ^^^^^^^^^^^^^^^
> 15 |   PAYMENT_STATUS_LABEL,
     | ^^^^^^^^^^^^^^^^^^^^^^^
> 16 |   SUBSCRIPTION_STATUS_LABEL,
     | ^^^^^^^^^^^^^^^^^^^^^^^^^^^^
> 17 | } from "../format";
     | ^^^^^^^^^^^^^^^^^^^
  18 | import {
  19 |   useApprovePayment,
  20 |   useRejectPayment,

Import traces:
  Client Component Browser:
    ./src/features/subscription/components/PaymentDetailCard.tsx [Client Component Browser]
    ./src/features/subscription/components/DashboardView.tsx [Client Component Browser]
    ./src/features/subscription/components/DashboardShell.tsx [Client Component Browser]
    ./src/features/subscription/components/DashboardShell.tsx [Server Component]
    ./src/features/subscription/pages/DashboardPage.tsx [Server Component]
    ./src/app/dashboard/page.tsx [Server Component]

  Client Component SSR:
    ./src/features/subscription/components/PaymentDetailCard.tsx [Client Component SSR]
    ./src/features/subscription/components/DashboardView.tsx [Client Component SSR]
    ./src/features/subscription/components/DashboardShell.tsx [Client Component SSR]
    ./src/features/subscription/components/DashboardShell.tsx [Server Component]
    ./src/features/subscription/pages/DashboardPage.tsx [Server Component]
    ./src/app/dashboard/page.tsx [Server Component]

https://nextjs.org/docs/messages/module-not-found @ http://localhost:3000/_next/static/chunks/node_modules_next_dist_05y3oi5z9mc_3._.js:995
[  614548ms] [ERROR] ./src/features/subscription/components/PaymentProofForm.tsx:10:1
Error: Module not found: Can't resolve '../format'
   8 | import { Spinner } from "@/components/ui/spinner";
   9 | import type { SubscriptionDTO } from "../types";
> 10 | import { PROOF_ACCEPT, PROOF_MAX_BYTES, formatRupiah } from "../format";
     | ^^^^^^^^^^^^^^^^^^^^^^^^^^^^^^^^^^^^^^^^^^^^^^^^^^^^^^^^^^^^^^^^^^^^^^^^
  11 | import { useSubmitPaymentProof } from "../hooks/use-submit-payment-proof";
  12 | import { PaymentStatusBadge, SubscriptionStatusBadge } from "./StatusBadge";
  13 |

Import traces:
  Client Component Browser:
    ./src/features/subscription/components/PaymentProofForm.tsx [Client Component Browser]
    ./src/features/subscription/components/SubscriptionCard.tsx [Client Component Browser]
    ./src/features/subscription/components/DashboardView.tsx [Client Component Browser]
    ./src/features/subscription/components/DashboardShell.tsx [Client Component Browser]
    ./src/features/subscription/components/DashboardShell.tsx [Server Component]
    ./src/features/subscription/pages/DashboardPage.tsx [Server Component]
    ./src/app/dashboard/page.tsx [Server Component]

  Client Component SSR:
    ./src/features/subscription/components/PaymentProofForm.tsx [Client Component SSR]
    ./src/features/subscription/components/SubscriptionCard.tsx [Client Component SSR]
    ./src/features/subscription/components/DashboardView.tsx [Client Component SSR]
    ./src/features/subscription/components/DashboardShell.tsx [Client Component SSR]
    ./src/features/subscription/components/DashboardShell.tsx [Server Component]
    ./src/features/subscription/pages/DashboardPage.tsx [Server Component]
    ./src/app/dashboard/page.tsx [Server Component]

https://nextjs.org/docs/messages/module-not-found @ http://localhost:3000/_next/static/chunks/node_modules_next_dist_05y3oi5z9mc_3._.js:995
[  614548ms] [ERROR] ./src/features/subscription/components/PlanCard.tsx:6:1
Error: Module not found: Can't resolve '../format'
  4 | import { Spinner } from "@/components/ui/spinner";
  5 | import type { SubscriptionStatus } from "@/generated/prisma/enums";
> 6 | import { formatDuration, formatRupiah } from "../format";
    | ^^^^^^^^^^^^^^^^^^^^^^^^^^^^^^^^^^^^^^^^^^^^^^^^^^^^^^^^^
  7 | import type { PlanDTO } from "../types";
  8 | import { SubscriptionStatusBadge } from "./StatusBadge";
  9 |

Import traces:
  Client Component Browser:
    ./src/features/subscription/components/PlanCard.tsx [Client Component Browser]
    ./src/features/subscription/components/DashboardView.tsx [Client Component Browser]
    ./src/features/subscription/components/DashboardShell.tsx [Client Component Browser]
    ./src/features/subscription/components/DashboardShell.tsx [Server Component]
    ./src/features/subscription/pages/DashboardPage.tsx [Server Component]
    ./src/app/dashboard/page.tsx [Server Component]

  Client Component SSR:
    ./src/features/subscription/components/PlanCard.tsx [Client Component SSR]
    ./src/features/subscription/components/DashboardView.tsx [Client Component SSR]
    ./src/features/subscription/components/DashboardShell.tsx [Client Component SSR]
    ./src/features/subscription/components/DashboardShell.tsx [Server Component]
    ./src/features/subscription/pages/DashboardPage.tsx [Server Component]
    ./src/app/dashboard/page.tsx [Server Component]

https://nextjs.org/docs/messages/module-not-found @ http://localhost:3000/_next/static/chunks/node_modules_next_dist_05y3oi5z9mc_3._.js:995
[  614548ms] [ERROR] ./src/features/subscription/components/StatusBadge.tsx:5:1
Error: Module not found: Can't resolve '../format'
   3 | import { Badge } from "@/components/ui/badge";
   4 | import { cn } from "@/lib/utils";
>  5 | import {
     | ^^^^^^^
>  6 |   PAYMENT_STATUS_LABEL,
     | ^^^^^^^^^^^^^^^^^^^^^^^
>  7 |   SUBSCRIPTION_STATUS_LABEL,
     | ^^^^^^^^^^^^^^^^^^^^^^^^^^^^
>  8 | } from "../format";
     | ^^^^^^^^^^^^^^^^^^^
   9 |
  10 | /** Warm palette tones, one per lifecycle status, matching the auth surface. */
  11 | const subscriptionTone: Record<SubscriptionStatus, string> = {

Import traces:
  Client Component Browser:
    ./src/features/subscription/components/StatusBadge.tsx [Client Component Browser]
    ./src/features/subscription/components/PlanCard.tsx [Client Component Browser]
    ./src/features/subscription/components/DashboardView.tsx [Client Component Browser]
    ./src/features/subscription/components/DashboardShell.tsx [Client Component Browser]
    ./src/features/subscription/components/DashboardShell.tsx [Server Component]
    ./src/features/subscription/pages/DashboardPage.tsx [Server Component]
    ./src/app/dashboard/page.tsx [Server Component]

  Client Component SSR:
    ./src/features/subscription/components/StatusBadge.tsx [Client Component SSR]
    ./src/features/subscription/components/PlanCard.tsx [Client Component SSR]
    ./src/features/subscription/components/DashboardView.tsx [Client Component SSR]
    ./src/features/subscription/components/DashboardShell.tsx [Client Component SSR]
    ./src/features/subscription/components/DashboardShell.tsx [Server Component]
    ./src/features/subscription/pages/DashboardPage.tsx [Server Component]
    ./src/app/dashboard/page.tsx [Server Component]

https://nextjs.org/docs/messages/module-not-found @ http://localhost:3000/_next/static/chunks/node_modules_next_dist_05y3oi5z9mc_3._.js:995
[  614548ms] [ERROR] ./src/features/subscription/components/SubscriptionCard.tsx:5:1
Error: Module not found: Can't resolve '../format'
   3 | import { Button } from "@/components/ui/button";
   4 | import type { SubscriptionStatus } from "@/generated/prisma/enums";
>  5 | import {
     | ^^^^^^^
>  6 |   formatDate,
     | ^^^^^^^^^^^^^
>  7 |   formatDuration,
     | ^^^^^^^^^^^^^^^^^
>  8 |   formatRupiah,
     | ^^^^^^^^^^^^^^^
>  9 |   PAYMENT_STATUS_LABEL,
     | ^^^^^^^^^^^^^^^^^^^^^^^
> 10 |   SUBSCRIPTION_STATUS_LABEL,
     | ^^^^^^^^^^^^^^^^^^^^^^^^^^^^
> 11 | } from "../format";
     | ^^^^^^^^^^^^^^^^^^^
  12 | import { useRenewSubscription } from "../hooks/use-renew-subscription";
  13 | import type { SubscriptionDTO } from "../types";
  14 | import { PaymentProofForm } from "./PaymentProofForm";

Import traces:
  Client Component Browser:
    ./src/features/subscription/components/SubscriptionCard.tsx [Client Component Browser]
    ./src/features/subscription/components/DashboardView.tsx [Client Component Browser]
    ./src/features/subscription/components/DashboardShell.tsx [Client Component Browser]
    ./src/features/subscription/components/DashboardShell.tsx [Server Component]
    ./src/features/subscription/pages/DashboardPage.tsx [Server Component]
    ./src/app/dashboard/page.tsx [Server Component]

  Client Component SSR:
    ./src/features/subscription/components/SubscriptionCard.tsx [Client Component SSR]
    ./src/features/subscription/components/DashboardView.tsx [Client Component SSR]
    ./src/features/subscription/components/DashboardShell.tsx [Client Component SSR]
    ./src/features/subscription/components/DashboardShell.tsx [Server Component]
    ./src/features/subscription/pages/DashboardPage.tsx [Server Component]
    ./src/app/dashboard/page.tsx [Server Component]

https://nextjs.org/docs/messages/module-not-found @ http://localhost:3000/_next/static/chunks/node_modules_next_dist_05y3oi5z9mc_3._.js:995
[  614548ms] [ERROR] ./src/features/subscription/dal.ts:6:1
Error: Module not found: Can't resolve './http'
  4 | } from "@/generated/prisma/enums";
  5 | import { prisma } from "@/lib/prisma";
> 6 | import { SubscriptionError } from "./http";
    | ^^^^^^^^^^^^^^^^^^^^^^^^^^^^^^^^^^^^^^^^^^^
  7 | import { computePeriod } from "./period";
  8 | import {
  9 |   adminPaymentInclude,

Import trace:
  Server Component:
    ./src/features/subscription/dal.ts
    ./src/features/subscription/pages/DashboardPage.tsx
    ./src/app/dashboard/page.tsx

https://nextjs.org/docs/messages/module-not-found @ http://localhost:3000/_next/static/chunks/node_modules_next_dist_05y3oi5z9mc_3._.js:995
[  614548ms] [ERROR] ./src/features/subscription/dal.ts:7:1
Error: Module not found: Can't resolve './period'
   5 | import { prisma } from "@/lib/prisma";
   6 | import { SubscriptionError } from "./http";
>  7 | import { computePeriod } from "./period";
     | ^^^^^^^^^^^^^^^^^^^^^^^^^^^^^^^^^^^^^^^^^
   8 | import {
   9 |   adminPaymentInclude,
  10 |   serializeAdminPayment,

Import trace:
  Server Component:
    ./src/features/subscription/dal.ts
    ./src/features/subscription/pages/DashboardPage.tsx
    ./src/app/dashboard/page.tsx

https://nextjs.org/docs/messages/module-not-found @ http://localhost:3000/_next/static/chunks/node_modules_next_dist_05y3oi5z9mc_3._.js:995
[  614548ms] [ERROR] ./src/components/app-sidebar.tsx:8:1
Error: Module not found: Can't resolve '@/features/subscription/navigation'
   6 |
   7 | import { LogoutButton } from "@/components/logout-button";
>  8 | import { navEntriesFor } from "@/features/subscription/navigation";
     | ^^^^^^^^^^^^^^^^^^^^^^^^^^^^^^^^^^^^^^^^^^^^^^^^^^^^^^^^^^^^^^^^^^^
   9 | import type { WorkspaceView } from "@/features/subscription/types";
  10 | import { cn } from "@/lib/utils";
  11 |

Import map: aliased to relative './src/features/subscription/navigation' inside of [project]/

Import traces:
  Client Component Browser:
    ./src/components/app-sidebar.tsx [Client Component Browser]
    ./src/features/subscription/components/DashboardShell.tsx [Client Component Browser]
    ./src/features/subscription/components/DashboardShell.tsx [Server Component]
    ./src/features/subscription/pages/DashboardPage.tsx [Server Component]
    ./src/app/dashboard/page.tsx [Server Component]

  Client Component SSR:
    ./src/components/app-sidebar.tsx [Client Component SSR]
    ./src/features/subscription/components/DashboardShell.tsx [Client Component SSR]
    ./src/features/subscription/components/DashboardShell.tsx [Server Component]
    ./src/features/subscription/pages/DashboardPage.tsx [Server Component]
    ./src/app/dashboard/page.tsx [Server Component]

https://nextjs.org/docs/messages/module-not-found @ http://localhost:3000/_next/static/chunks/node_modules_next_dist_05y3oi5z9mc_3._.js:995
[  614548ms] [ERROR] ./src/app/api/admin/stats/route.ts:4:1
Error: Module not found: Can't resolve '@/features/subscription/http'
  2 |
  3 | import { getPlatformStats } from "@/features/subscription/dal";
> 4 | import { errorResponse, requireApiAdmin } from "@/features/subscription/http";
    | ^^^^^^^^^^^^^^^^^^^^^^^^^^^^^^^^^^^^^^^^^^^^^^^^^^^^^^^^^^^^^^^^^^^^^^^^^^^^^^
  5 |
  6 | /**
  7 |  * PRD §11: the two counters the admin summary shows. The dashboard reads them

Import map: aliased to relative './src/features/subscription/http' inside of [project]/

https://nextjs.org/docs/messages/module-not-found @ http://localhost:3000/_next/static/chunks/node_modules_next_dist_05y3oi5z9mc_3._.js:995
[  614683ms] [ERROR] ./src/features/subscription/components/DashboardView.tsx:11:1
Error: Module not found: Can't resolve '../format'
   9 | import type { Workspace } from "../dal";
  10 | import type { SubscriptionStatus } from "@/generated/prisma/enums";
> 11 | import { formatDate, formatRupiah } from "../format";
     | ^^^^^^^^^^^^^^^^^^^^^^^^^^^^^^^^^^^^^^^^^^^^^^^^^^^^^
  12 | import { useCreateSubscription } from "../hooks/use-subscriptions";
  13 | import { useRenewSubscription } from "../hooks/use-renew-subscription";
  14 | import type {

Import traces:
  Client Component Browser:
    ./src/features/subscription/components/DashboardView.tsx [Client Component Browser]
    ./src/features/subscription/components/DashboardShell.tsx [Client Component Browser]
    ./src/features/subscription/components/DashboardShell.tsx [Server Component]
    ./src/features/subscription/pages/DashboardPage.tsx [Server Component]
    ./src/app/dashboard/page.tsx [Server Component]

  Client Component SSR:
    ./src/features/subscription/components/DashboardView.tsx [Client Component SSR]
    ./src/features/subscription/components/DashboardShell.tsx [Client Component SSR]
    ./src/features/subscription/components/DashboardShell.tsx [Server Component]
    ./src/features/subscription/pages/DashboardPage.tsx [Server Component]
    ./src/app/dashboard/page.tsx [Server Component]

https://nextjs.org/docs/messages/module-not-found @ http://localhost:3000/_next/static/chunks/node_modules_next_dist_05y3oi5z9mc_3._.js:995
[  614684ms] [ERROR] ./src/features/subscription/components/PaymentDetailCard.tsx:10:1
Error: Module not found: Can't resolve '../format'
   8 | import { Spinner } from "@/components/ui/spinner";
   9 | import { cn } from "@/lib/utils";
> 10 | import {
     | ^^^^^^^
> 11 |   formatDate,
     | ^^^^^^^^^^^^^
> 12 |   formatDateTime,
     | ^^^^^^^^^^^^^^^^^
> 13 |   formatDuration,
     | ^^^^^^^^^^^^^^^^^
> 14 |   formatRupiah,
     | ^^^^^^^^^^^^^^^
> 15 |   PAYMENT_STATUS_LABEL,
     | ^^^^^^^^^^^^^^^^^^^^^^^
> 16 |   SUBSCRIPTION_STATUS_LABEL,
     | ^^^^^^^^^^^^^^^^^^^^^^^^^^^^
> 17 | } from "../format";
     | ^^^^^^^^^^^^^^^^^^^
  18 | import {
  19 |   useApprovePayment,
  20 |   useRejectPayment,

Import traces:
  Client Component Browser:
    ./src/features/subscription/components/PaymentDetailCard.tsx [Client Component Browser]
    ./src/features/subscription/components/DashboardView.tsx [Client Component Browser]
    ./src/features/subscription/components/DashboardShell.tsx [Client Component Browser]
    ./src/features/subscription/components/DashboardShell.tsx [Server Component]
    ./src/features/subscription/pages/DashboardPage.tsx [Server Component]
    ./src/app/dashboard/page.tsx [Server Component]

  Client Component SSR:
    ./src/features/subscription/components/PaymentDetailCard.tsx [Client Component SSR]
    ./src/features/subscription/components/DashboardView.tsx [Client Component SSR]
    ./src/features/subscription/components/DashboardShell.tsx [Client Component SSR]
    ./src/features/subscription/components/DashboardShell.tsx [Server Component]
    ./src/features/subscription/pages/DashboardPage.tsx [Server Component]
    ./src/app/dashboard/page.tsx [Server Component]

https://nextjs.org/docs/messages/module-not-found @ http://localhost:3000/_next/static/chunks/node_modules_next_dist_05y3oi5z9mc_3._.js:995
[  614684ms] [ERROR] ./src/features/subscription/components/PaymentProofForm.tsx:10:1
Error: Module not found: Can't resolve '../format'
   8 | import { Spinner } from "@/components/ui/spinner";
   9 | import type { SubscriptionDTO } from "../types";
> 10 | import { PROOF_ACCEPT, PROOF_MAX_BYTES, formatRupiah } from "../format";
     | ^^^^^^^^^^^^^^^^^^^^^^^^^^^^^^^^^^^^^^^^^^^^^^^^^^^^^^^^^^^^^^^^^^^^^^^^
  11 | import { useSubmitPaymentProof } from "../hooks/use-submit-payment-proof";
  12 | import { PaymentStatusBadge, SubscriptionStatusBadge } from "./StatusBadge";
  13 |

Import traces:
  Client Component Browser:
    ./src/features/subscription/components/PaymentProofForm.tsx [Client Component Browser]
    ./src/features/subscription/components/SubscriptionCard.tsx [Client Component Browser]
    ./src/features/subscription/components/DashboardView.tsx [Client Component Browser]
    ./src/features/subscription/components/DashboardShell.tsx [Client Component Browser]
    ./src/features/subscription/components/DashboardShell.tsx [Server Component]
    ./src/features/subscription/pages/DashboardPage.tsx [Server Component]
    ./src/app/dashboard/page.tsx [Server Component]

  Client Component SSR:
    ./src/features/subscription/components/PaymentProofForm.tsx [Client Component SSR]
    ./src/features/subscription/components/SubscriptionCard.tsx [Client Component SSR]
    ./src/features/subscription/components/DashboardView.tsx [Client Component SSR]
    ./src/features/subscription/components/DashboardShell.tsx [Client Component SSR]
    ./src/features/subscription/components/DashboardShell.tsx [Server Component]
    ./src/features/subscription/pages/DashboardPage.tsx [Server Component]
    ./src/app/dashboard/page.tsx [Server Component]

https://nextjs.org/docs/messages/module-not-found @ http://localhost:3000/_next/static/chunks/node_modules_next_dist_05y3oi5z9mc_3._.js:995
[  614684ms] [ERROR] ./src/features/subscription/components/PlanCard.tsx:6:1
Error: Module not found: Can't resolve '../format'
  4 | import { Spinner } from "@/components/ui/spinner";
  5 | import type { SubscriptionStatus } from "@/generated/prisma/enums";
> 6 | import { formatDuration, formatRupiah } from "../format";
    | ^^^^^^^^^^^^^^^^^^^^^^^^^^^^^^^^^^^^^^^^^^^^^^^^^^^^^^^^^
  7 | import type { PlanDTO } from "../types";
  8 | import { SubscriptionStatusBadge } from "./StatusBadge";
  9 |

Import traces:
  Client Component Browser:
    ./src/features/subscription/components/PlanCard.tsx [Client Component Browser]
    ./src/features/subscription/components/DashboardView.tsx [Client Component Browser]
    ./src/features/subscription/components/DashboardShell.tsx [Client Component Browser]
    ./src/features/subscription/components/DashboardShell.tsx [Server Component]
    ./src/features/subscription/pages/DashboardPage.tsx [Server Component]
    ./src/app/dashboard/page.tsx [Server Component]

  Client Component SSR:
    ./src/features/subscription/components/PlanCard.tsx [Client Component SSR]
    ./src/features/subscription/components/DashboardView.tsx [Client Component SSR]
    ./src/features/subscription/components/DashboardShell.tsx [Client Component SSR]
    ./src/features/subscription/components/DashboardShell.tsx [Server Component]
    ./src/features/subscription/pages/DashboardPage.tsx [Server Component]
    ./src/app/dashboard/page.tsx [Server Component]

https://nextjs.org/docs/messages/module-not-found @ http://localhost:3000/_next/static/chunks/node_modules_next_dist_05y3oi5z9mc_3._.js:995
[  614684ms] [ERROR] ./src/features/subscription/components/StatusBadge.tsx:5:1
Error: Module not found: Can't resolve '../format'
   3 | import { Badge } from "@/components/ui/badge";
   4 | import { cn } from "@/lib/utils";
>  5 | import {
     | ^^^^^^^
>  6 |   PAYMENT_STATUS_LABEL,
     | ^^^^^^^^^^^^^^^^^^^^^^^
>  7 |   SUBSCRIPTION_STATUS_LABEL,
     | ^^^^^^^^^^^^^^^^^^^^^^^^^^^^
>  8 | } from "../format";
     | ^^^^^^^^^^^^^^^^^^^
   9 |
  10 | /** Warm palette tones, one per lifecycle status, matching the auth surface. */
  11 | const subscriptionTone: Record<SubscriptionStatus, string> = {

Import traces:
  Client Component Browser:
    ./src/features/subscription/components/StatusBadge.tsx [Client Component Browser]
    ./src/features/subscription/components/PlanCard.tsx [Client Component Browser]
    ./src/features/subscription/components/DashboardView.tsx [Client Component Browser]
    ./src/features/subscription/components/DashboardShell.tsx [Client Component Browser]
    ./src/features/subscription/components/DashboardShell.tsx [Server Component]
    ./src/features/subscription/pages/DashboardPage.tsx [Server Component]
    ./src/app/dashboard/page.tsx [Server Component]

  Client Component SSR:
    ./src/features/subscription/components/StatusBadge.tsx [Client Component SSR]
    ./src/features/subscription/components/PlanCard.tsx [Client Component SSR]
    ./src/features/subscription/components/DashboardView.tsx [Client Component SSR]
    ./src/features/subscription/components/DashboardShell.tsx [Client Component SSR]
    ./src/features/subscription/components/DashboardShell.tsx [Server Component]
    ./src/features/subscription/pages/DashboardPage.tsx [Server Component]
    ./src/app/dashboard/page.tsx [Server Component]

https://nextjs.org/docs/messages/module-not-found @ http://localhost:3000/_next/static/chunks/node_modules_next_dist_05y3oi5z9mc_3._.js:995
[  614684ms] [ERROR] ./src/features/subscription/components/SubscriptionCard.tsx:5:1
Error: Module not found: Can't resolve '../format'
   3 | import { Button } from "@/components/ui/button";
   4 | import type { SubscriptionStatus } from "@/generated/prisma/enums";
>  5 | import {
     | ^^^^^^^
>  6 |   formatDate,
     | ^^^^^^^^^^^^^
>  7 |   formatDuration,
     | ^^^^^^^^^^^^^^^^^
>  8 |   formatRupiah,
     | ^^^^^^^^^^^^^^^
>  9 |   PAYMENT_STATUS_LABEL,
     | ^^^^^^^^^^^^^^^^^^^^^^^
> 10 |   SUBSCRIPTION_STATUS_LABEL,
     | ^^^^^^^^^^^^^^^^^^^^^^^^^^^^
> 11 | } from "../format";
     | ^^^^^^^^^^^^^^^^^^^
  12 | import { useRenewSubscription } from "../hooks/use-renew-subscription";
  13 | import type { SubscriptionDTO } from "../types";
  14 | import { PaymentProofForm } from "./PaymentProofForm";

Import traces:
  Client Component Browser:
    ./src/features/subscription/components/SubscriptionCard.tsx [Client Component Browser]
    ./src/features/subscription/components/DashboardView.tsx [Client Component Browser]
    ./src/features/subscription/components/DashboardShell.tsx [Client Component Browser]
    ./src/features/subscription/components/DashboardShell.tsx [Server Component]
    ./src/features/subscription/pages/DashboardPage.tsx [Server Component]
    ./src/app/dashboard/page.tsx [Server Component]

  Client Component SSR:
    ./src/features/subscription/components/SubscriptionCard.tsx [Client Component SSR]
    ./src/features/subscription/components/DashboardView.tsx [Client Component SSR]
    ./src/features/subscription/components/DashboardShell.tsx [Client Component SSR]
    ./src/features/subscription/components/DashboardShell.tsx [Server Component]
    ./src/features/subscription/pages/DashboardPage.tsx [Server Component]
    ./src/app/dashboard/page.tsx [Server Component]

https://nextjs.org/docs/messages/module-not-found @ http://localhost:3000/_next/static/chunks/node_modules_next_dist_05y3oi5z9mc_3._.js:995
[  614684ms] [ERROR] ./src/features/subscription/dal.ts:6:1
Error: Module not found: Can't resolve './http'
  4 | } from "@/generated/prisma/enums";
  5 | import { prisma } from "@/lib/prisma";
> 6 | import { SubscriptionError } from "./http";
    | ^^^^^^^^^^^^^^^^^^^^^^^^^^^^^^^^^^^^^^^^^^^
  7 | import { computePeriod } from "./period";
  8 | import {
  9 |   adminPaymentInclude,

Import trace:
  Server Component:
    ./src/features/subscription/dal.ts
    ./src/features/subscription/pages/DashboardPage.tsx
    ./src/app/dashboard/page.tsx

https://nextjs.org/docs/messages/module-not-found @ http://localhost:3000/_next/static/chunks/node_modules_next_dist_05y3oi5z9mc_3._.js:995
[  614685ms] [ERROR] ./src/features/subscription/dal.ts:7:1
Error: Module not found: Can't resolve './period'
   5 | import { prisma } from "@/lib/prisma";
   6 | import { SubscriptionError } from "./http";
>  7 | import { computePeriod } from "./period";
     | ^^^^^^^^^^^^^^^^^^^^^^^^^^^^^^^^^^^^^^^^^
   8 | import {
   9 |   adminPaymentInclude,
  10 |   serializeAdminPayment,

Import trace:
  Server Component:
    ./src/features/subscription/dal.ts
    ./src/features/subscription/pages/DashboardPage.tsx
    ./src/app/dashboard/page.tsx

https://nextjs.org/docs/messages/module-not-found @ http://localhost:3000/_next/static/chunks/node_modules_next_dist_05y3oi5z9mc_3._.js:995
[  614685ms] [ERROR] ./src/components/app-sidebar.tsx:8:1
Error: Module not found: Can't resolve '@/features/subscription/navigation'
   6 |
   7 | import { LogoutButton } from "@/components/logout-button";
>  8 | import { navEntriesFor } from "@/features/subscription/navigation";
     | ^^^^^^^^^^^^^^^^^^^^^^^^^^^^^^^^^^^^^^^^^^^^^^^^^^^^^^^^^^^^^^^^^^^
   9 | import type { WorkspaceView } from "@/features/subscription/types";
  10 | import { cn } from "@/lib/utils";
  11 |

Import map: aliased to relative './src/features/subscription/navigation' inside of [project]/

Import traces:
  Client Component Browser:
    ./src/components/app-sidebar.tsx [Client Component Browser]
    ./src/features/subscription/components/DashboardShell.tsx [Client Component Browser]
    ./src/features/subscription/components/DashboardShell.tsx [Server Component]
    ./src/features/subscription/pages/DashboardPage.tsx [Server Component]
    ./src/app/dashboard/page.tsx [Server Component]

  Client Component SSR:
    ./src/components/app-sidebar.tsx [Client Component SSR]
    ./src/features/subscription/components/DashboardShell.tsx [Client Component SSR]
    ./src/features/subscription/components/DashboardShell.tsx [Server Component]
    ./src/features/subscription/pages/DashboardPage.tsx [Server Component]
    ./src/app/dashboard/page.tsx [Server Component]

https://nextjs.org/docs/messages/module-not-found @ http://localhost:3000/_next/static/chunks/node_modules_next_dist_05y3oi5z9mc_3._.js:995
[  614685ms] [ERROR] ./src/app/api/admin/stats/route.ts:4:1
Error: Module not found: Can't resolve '@/features/subscription/http'
  2 |
  3 | import { getPlatformStats } from "@/features/subscription/dal";
> 4 | import { errorResponse, requireApiAdmin } from "@/features/subscription/http";
    | ^^^^^^^^^^^^^^^^^^^^^^^^^^^^^^^^^^^^^^^^^^^^^^^^^^^^^^^^^^^^^^^^^^^^^^^^^^^^^^
  5 |
  6 | /**
  7 |  * PRD §11: the two counters the admin summary shows. The dashboard reads them

Import map: aliased to relative './src/features/subscription/http' inside of [project]/

https://nextjs.org/docs/messages/module-not-found @ http://localhost:3000/_next/static/chunks/node_modules_next_dist_05y3oi5z9mc_3._.js:995
[  614778ms] [ERROR] ./src/features/subscription/components/DashboardView.tsx:11:1
Error: Module not found: Can't resolve '../format'
   9 | import type { Workspace } from "../dal";
  10 | import type { SubscriptionStatus } from "@/generated/prisma/enums";
> 11 | import { formatDate, formatRupiah } from "../format";
     | ^^^^^^^^^^^^^^^^^^^^^^^^^^^^^^^^^^^^^^^^^^^^^^^^^^^^^
  12 | import { useCreateSubscription } from "../hooks/use-subscriptions";
  13 | import { useRenewSubscription } from "../hooks/use-renew-subscription";
  14 | import type {

Import traces:
  Client Component Browser:
    ./src/features/subscription/components/DashboardView.tsx [Client Component Browser]
    ./src/features/subscription/components/DashboardShell.tsx [Client Component Browser]
    ./src/features/subscription/components/DashboardShell.tsx [Server Component]
    ./src/features/subscription/pages/DashboardPage.tsx [Server Component]
    ./src/app/dashboard/page.tsx [Server Component]

  Client Component SSR:
    ./src/features/subscription/components/DashboardView.tsx [Client Component SSR]
    ./src/features/subscription/components/DashboardShell.tsx [Client Component SSR]
    ./src/features/subscription/components/DashboardShell.tsx [Server Component]
    ./src/features/subscription/pages/DashboardPage.tsx [Server Component]
    ./src/app/dashboard/page.tsx [Server Component]

https://nextjs.org/docs/messages/module-not-found @ http://localhost:3000/_next/static/chunks/node_modules_next_dist_05y3oi5z9mc_3._.js:995
[  614779ms] [ERROR] ./src/features/subscription/components/PaymentDetailCard.tsx:10:1
Error: Module not found: Can't resolve '../format'
   8 | import { Spinner } from "@/components/ui/spinner";
   9 | import { cn } from "@/lib/utils";
> 10 | import {
     | ^^^^^^^
> 11 |   formatDate,
     | ^^^^^^^^^^^^^
> 12 |   formatDateTime,
     | ^^^^^^^^^^^^^^^^^
> 13 |   formatDuration,
     | ^^^^^^^^^^^^^^^^^
> 14 |   formatRupiah,
     | ^^^^^^^^^^^^^^^
> 15 |   PAYMENT_STATUS_LABEL,
     | ^^^^^^^^^^^^^^^^^^^^^^^
> 16 |   SUBSCRIPTION_STATUS_LABEL,
     | ^^^^^^^^^^^^^^^^^^^^^^^^^^^^
> 17 | } from "../format";
     | ^^^^^^^^^^^^^^^^^^^
  18 | import {
  19 |   useApprovePayment,
  20 |   useRejectPayment,

Import traces:
  Client Component Browser:
    ./src/features/subscription/components/PaymentDetailCard.tsx [Client Component Browser]
    ./src/features/subscription/components/DashboardView.tsx [Client Component Browser]
    ./src/features/subscription/components/DashboardShell.tsx [Client Component Browser]
    ./src/features/subscription/components/DashboardShell.tsx [Server Component]
    ./src/features/subscription/pages/DashboardPage.tsx [Server Component]
    ./src/app/dashboard/page.tsx [Server Component]

  Client Component SSR:
    ./src/features/subscription/components/PaymentDetailCard.tsx [Client Component SSR]
    ./src/features/subscription/components/DashboardView.tsx [Client Component SSR]
    ./src/features/subscription/components/DashboardShell.tsx [Client Component SSR]
    ./src/features/subscription/components/DashboardShell.tsx [Server Component]
    ./src/features/subscription/pages/DashboardPage.tsx [Server Component]
    ./src/app/dashboard/page.tsx [Server Component]

https://nextjs.org/docs/messages/module-not-found @ http://localhost:3000/_next/static/chunks/node_modules_next_dist_05y3oi5z9mc_3._.js:995
[  614780ms] [ERROR] ./src/features/subscription/components/PaymentProofForm.tsx:10:1
Error: Module not found: Can't resolve '../format'
   8 | import { Spinner } from "@/components/ui/spinner";
   9 | import type { SubscriptionDTO } from "../types";
> 10 | import { PROOF_ACCEPT, PROOF_MAX_BYTES, formatRupiah } from "../format";
     | ^^^^^^^^^^^^^^^^^^^^^^^^^^^^^^^^^^^^^^^^^^^^^^^^^^^^^^^^^^^^^^^^^^^^^^^^
  11 | import { useSubmitPaymentProof } from "../hooks/use-submit-payment-proof";
  12 | import { PaymentStatusBadge, SubscriptionStatusBadge } from "./StatusBadge";
  13 |

Import traces:
  Client Component Browser:
    ./src/features/subscription/components/PaymentProofForm.tsx [Client Component Browser]
    ./src/features/subscription/components/SubscriptionCard.tsx [Client Component Browser]
    ./src/features/subscription/components/DashboardView.tsx [Client Component Browser]
    ./src/features/subscription/components/DashboardShell.tsx [Client Component Browser]
    ./src/features/subscription/components/DashboardShell.tsx [Server Component]
    ./src/features/subscription/pages/DashboardPage.tsx [Server Component]
    ./src/app/dashboard/page.tsx [Server Component]

  Client Component SSR:
    ./src/features/subscription/components/PaymentProofForm.tsx [Client Component SSR]
    ./src/features/subscription/components/SubscriptionCard.tsx [Client Component SSR]
    ./src/features/subscription/components/DashboardView.tsx [Client Component SSR]
    ./src/features/subscription/components/DashboardShell.tsx [Client Component SSR]
    ./src/features/subscription/components/DashboardShell.tsx [Server Component]
    ./src/features/subscription/pages/DashboardPage.tsx [Server Component]
    ./src/app/dashboard/page.tsx [Server Component]

https://nextjs.org/docs/messages/module-not-found @ http://localhost:3000/_next/static/chunks/node_modules_next_dist_05y3oi5z9mc_3._.js:995
[  614780ms] [ERROR] ./src/features/subscription/components/PlanCard.tsx:6:1
Error: Module not found: Can't resolve '../format'
  4 | import { Spinner } from "@/components/ui/spinner";
  5 | import type { SubscriptionStatus } from "@/generated/prisma/enums";
> 6 | import { formatDuration, formatRupiah } from "../format";
    | ^^^^^^^^^^^^^^^^^^^^^^^^^^^^^^^^^^^^^^^^^^^^^^^^^^^^^^^^^
  7 | import type { PlanDTO } from "../types";
  8 | import { SubscriptionStatusBadge } from "./StatusBadge";
  9 |

Import traces:
  Client Component Browser:
    ./src/features/subscription/components/PlanCard.tsx [Client Component Browser]
    ./src/features/subscription/components/DashboardView.tsx [Client Component Browser]
    ./src/features/subscription/components/DashboardShell.tsx [Client Component Browser]
    ./src/features/subscription/components/DashboardShell.tsx [Server Component]
    ./src/features/subscription/pages/DashboardPage.tsx [Server Component]
    ./src/app/dashboard/page.tsx [Server Component]

  Client Component SSR:
    ./src/features/subscription/components/PlanCard.tsx [Client Component SSR]
    ./src/features/subscription/components/DashboardView.tsx [Client Component SSR]
    ./src/features/subscription/components/DashboardShell.tsx [Client Component SSR]
    ./src/features/subscription/components/DashboardShell.tsx [Server Component]
    ./src/features/subscription/pages/DashboardPage.tsx [Server Component]
    ./src/app/dashboard/page.tsx [Server Component]

https://nextjs.org/docs/messages/module-not-found @ http://localhost:3000/_next/static/chunks/node_modules_next_dist_05y3oi5z9mc_3._.js:995
[  614780ms] [ERROR] ./src/features/subscription/components/StatusBadge.tsx:5:1
Error: Module not found: Can't resolve '../format'
   3 | import { Badge } from "@/components/ui/badge";
   4 | import { cn } from "@/lib/utils";
>  5 | import {
     | ^^^^^^^
>  6 |   PAYMENT_STATUS_LABEL,
     | ^^^^^^^^^^^^^^^^^^^^^^^
>  7 |   SUBSCRIPTION_STATUS_LABEL,
     | ^^^^^^^^^^^^^^^^^^^^^^^^^^^^
>  8 | } from "../format";
     | ^^^^^^^^^^^^^^^^^^^
   9 |
  10 | /** Warm palette tones, one per lifecycle status, matching the auth surface. */
  11 | const subscriptionTone: Record<SubscriptionStatus, string> = {

Import traces:
  Client Component Browser:
    ./src/features/subscription/components/StatusBadge.tsx [Client Component Browser]
    ./src/features/subscription/components/PlanCard.tsx [Client Component Browser]
    ./src/features/subscription/components/DashboardView.tsx [Client Component Browser]
    ./src/features/subscription/components/DashboardShell.tsx [Client Component Browser]
    ./src/features/subscription/components/DashboardShell.tsx [Server Component]
    ./src/features/subscription/pages/DashboardPage.tsx [Server Component]
    ./src/app/dashboard/page.tsx [Server Component]

  Client Component SSR:
    ./src/features/subscription/components/StatusBadge.tsx [Client Component SSR]
    ./src/features/subscription/components/PlanCard.tsx [Client Component SSR]
    ./src/features/subscription/components/DashboardView.tsx [Client Component SSR]
    ./src/features/subscription/components/DashboardShell.tsx [Client Component SSR]
    ./src/features/subscription/components/DashboardShell.tsx [Server Component]
    ./src/features/subscription/pages/DashboardPage.tsx [Server Component]
    ./src/app/dashboard/page.tsx [Server Component]

https://nextjs.org/docs/messages/module-not-found @ http://localhost:3000/_next/static/chunks/node_modules_next_dist_05y3oi5z9mc_3._.js:995
[  614780ms] [ERROR] ./src/features/subscription/components/SubscriptionCard.tsx:5:1
Error: Module not found: Can't resolve '../format'
   3 | import { Button } from "@/components/ui/button";
   4 | import type { SubscriptionStatus } from "@/generated/prisma/enums";
>  5 | import {
     | ^^^^^^^
>  6 |   formatDate,
     | ^^^^^^^^^^^^^
>  7 |   formatDuration,
     | ^^^^^^^^^^^^^^^^^
>  8 |   formatRupiah,
     | ^^^^^^^^^^^^^^^
>  9 |   PAYMENT_STATUS_LABEL,
     | ^^^^^^^^^^^^^^^^^^^^^^^
> 10 |   SUBSCRIPTION_STATUS_LABEL,
     | ^^^^^^^^^^^^^^^^^^^^^^^^^^^^
> 11 | } from "../format";
     | ^^^^^^^^^^^^^^^^^^^
  12 | import { useRenewSubscription } from "../hooks/use-renew-subscription";
  13 | import type { SubscriptionDTO } from "../types";
  14 | import { PaymentProofForm } from "./PaymentProofForm";

Import traces:
  Client Component Browser:
    ./src/features/subscription/components/SubscriptionCard.tsx [Client Component Browser]
    ./src/features/subscription/components/DashboardView.tsx [Client Component Browser]
    ./src/features/subscription/components/DashboardShell.tsx [Client Component Browser]
    ./src/features/subscription/components/DashboardShell.tsx [Server Component]
    ./src/features/subscription/pages/DashboardPage.tsx [Server Component]
    ./src/app/dashboard/page.tsx [Server Component]

  Client Component SSR:
    ./src/features/subscription/components/SubscriptionCard.tsx [Client Component SSR]
    ./src/features/subscription/components/DashboardView.tsx [Client Component SSR]
    ./src/features/subscription/components/DashboardShell.tsx [Client Component SSR]
    ./src/features/subscription/components/DashboardShell.tsx [Server Component]
    ./src/features/subscription/pages/DashboardPage.tsx [Server Component]
    ./src/app/dashboard/page.tsx [Server Component]

https://nextjs.org/docs/messages/module-not-found @ http://localhost:3000/_next/static/chunks/node_modules_next_dist_05y3oi5z9mc_3._.js:995
[  614781ms] [ERROR] ./src/features/subscription/dal.ts:6:1
Error: Module not found: Can't resolve './http'
  4 | } from "@/generated/prisma/enums";
  5 | import { prisma } from "@/lib/prisma";
> 6 | import { SubscriptionError } from "./http";
    | ^^^^^^^^^^^^^^^^^^^^^^^^^^^^^^^^^^^^^^^^^^^
  7 | import { computePeriod } from "./period";
  8 | import {
  9 |   adminPaymentInclude,

Import trace:
  Server Component:
    ./src/features/subscription/dal.ts
    ./src/features/subscription/pages/DashboardPage.tsx
    ./src/app/dashboard/page.tsx

https://nextjs.org/docs/messages/module-not-found @ http://localhost:3000/_next/static/chunks/node_modules_next_dist_05y3oi5z9mc_3._.js:995
[  614781ms] [ERROR] ./src/features/subscription/dal.ts:7:1
Error: Module not found: Can't resolve './period'
   5 | import { prisma } from "@/lib/prisma";
   6 | import { SubscriptionError } from "./http";
>  7 | import { computePeriod } from "./period";
     | ^^^^^^^^^^^^^^^^^^^^^^^^^^^^^^^^^^^^^^^^^
   8 | import {
   9 |   adminPaymentInclude,
  10 |   serializeAdminPayment,

Import trace:
  Server Component:
    ./src/features/subscription/dal.ts
    ./src/features/subscription/pages/DashboardPage.tsx
    ./src/app/dashboard/page.tsx

https://nextjs.org/docs/messages/module-not-found @ http://localhost:3000/_next/static/chunks/node_modules_next_dist_05y3oi5z9mc_3._.js:995
[  614781ms] [ERROR] ./src/components/app-sidebar.tsx:8:1
Error: Module not found: Can't resolve '@/features/subscription/navigation'
   6 |
   7 | import { LogoutButton } from "@/components/logout-button";
>  8 | import { navEntriesFor } from "@/features/subscription/navigation";
     | ^^^^^^^^^^^^^^^^^^^^^^^^^^^^^^^^^^^^^^^^^^^^^^^^^^^^^^^^^^^^^^^^^^^
   9 | import type { WorkspaceView } from "@/features/subscription/types";
  10 | import { cn } from "@/lib/utils";
  11 |

Import map: aliased to relative './src/features/subscription/navigation' inside of [project]/

Import traces:
  Client Component Browser:
    ./src/components/app-sidebar.tsx [Client Component Browser]
    ./src/features/subscription/components/DashboardShell.tsx [Client Component Browser]
    ./src/features/subscription/components/DashboardShell.tsx [Server Component]
    ./src/features/subscription/pages/DashboardPage.tsx [Server Component]
    ./src/app/dashboard/page.tsx [Server Component]

  Client Component SSR:
    ./src/components/app-sidebar.tsx [Client Component SSR]
    ./src/features/subscription/components/DashboardShell.tsx [Client Component SSR]
    ./src/features/subscription/components/DashboardShell.tsx [Server Component]
    ./src/features/subscription/pages/DashboardPage.tsx [Server Component]
    ./src/app/dashboard/page.tsx [Server Component]

https://nextjs.org/docs/messages/module-not-found @ http://localhost:3000/_next/static/chunks/node_modules_next_dist_05y3oi5z9mc_3._.js:995
[  614781ms] [ERROR] ./src/app/api/admin/stats/route.ts:4:1
Error: Module not found: Can't resolve '@/features/subscription/http'
  2 |
  3 | import { getPlatformStats } from "@/features/subscription/dal";
> 4 | import { errorResponse, requireApiAdmin } from "@/features/subscription/http";
    | ^^^^^^^^^^^^^^^^^^^^^^^^^^^^^^^^^^^^^^^^^^^^^^^^^^^^^^^^^^^^^^^^^^^^^^^^^^^^^^
  5 |
  6 | /**
  7 |  * PRD §11: the two counters the admin summary shows. The dashboard reads them

Import map: aliased to relative './src/features/subscription/http' inside of [project]/

https://nextjs.org/docs/messages/module-not-found @ http://localhost:3000/_next/static/chunks/node_modules_next_dist_05y3oi5z9mc_3._.js:995
[  614865ms] [ERROR] ./src/features/subscription/components/DashboardView.tsx:11:1
Error: Module not found: Can't resolve '../format'
   9 | import type { Workspace } from "../dal";
  10 | import type { SubscriptionStatus } from "@/generated/prisma/enums";
> 11 | import { formatDate, formatRupiah } from "../format";
     | ^^^^^^^^^^^^^^^^^^^^^^^^^^^^^^^^^^^^^^^^^^^^^^^^^^^^^
  12 | import { useCreateSubscription } from "../hooks/use-subscriptions";
  13 | import { useRenewSubscription } from "../hooks/use-renew-subscription";
  14 | import type {

Import traces:
  Client Component Browser:
    ./src/features/subscription/components/DashboardView.tsx [Client Component Browser]
    ./src/features/subscription/components/DashboardShell.tsx [Client Component Browser]
    ./src/features/subscription/components/DashboardShell.tsx [Server Component]
    ./src/features/subscription/pages/DashboardPage.tsx [Server Component]
    ./src/app/dashboard/page.tsx [Server Component]

  Client Component SSR:
    ./src/features/subscription/components/DashboardView.tsx [Client Component SSR]
    ./src/features/subscription/components/DashboardShell.tsx [Client Component SSR]
    ./src/features/subscription/components/DashboardShell.tsx [Server Component]
    ./src/features/subscription/pages/DashboardPage.tsx [Server Component]
    ./src/app/dashboard/page.tsx [Server Component]

https://nextjs.org/docs/messages/module-not-found @ http://localhost:3000/_next/static/chunks/node_modules_next_dist_05y3oi5z9mc_3._.js:995
[  614866ms] [ERROR] ./src/features/subscription/components/PaymentDetailCard.tsx:10:1
Error: Module not found: Can't resolve '../format'
   8 | import { Spinner } from "@/components/ui/spinner";
   9 | import { cn } from "@/lib/utils";
> 10 | import {
     | ^^^^^^^
> 11 |   formatDate,
     | ^^^^^^^^^^^^^
> 12 |   formatDateTime,
     | ^^^^^^^^^^^^^^^^^
> 13 |   formatDuration,
     | ^^^^^^^^^^^^^^^^^
> 14 |   formatRupiah,
     | ^^^^^^^^^^^^^^^
> 15 |   PAYMENT_STATUS_LABEL,
     | ^^^^^^^^^^^^^^^^^^^^^^^
> 16 |   SUBSCRIPTION_STATUS_LABEL,
     | ^^^^^^^^^^^^^^^^^^^^^^^^^^^^
> 17 | } from "../format";
     | ^^^^^^^^^^^^^^^^^^^
  18 | import {
  19 |   useApprovePayment,
  20 |   useRejectPayment,

Import traces:
  Client Component Browser:
    ./src/features/subscription/components/PaymentDetailCard.tsx [Client Component Browser]
    ./src/features/subscription/components/DashboardView.tsx [Client Component Browser]
    ./src/features/subscription/components/DashboardShell.tsx [Client Component Browser]
    ./src/features/subscription/components/DashboardShell.tsx [Server Component]
    ./src/features/subscription/pages/DashboardPage.tsx [Server Component]
    ./src/app/dashboard/page.tsx [Server Component]

  Client Component SSR:
    ./src/features/subscription/components/PaymentDetailCard.tsx [Client Component SSR]
    ./src/features/subscription/components/DashboardView.tsx [Client Component SSR]
    ./src/features/subscription/components/DashboardShell.tsx [Client Component SSR]
    ./src/features/subscription/components/DashboardShell.tsx [Server Component]
    ./src/features/subscription/pages/DashboardPage.tsx [Server Component]
    ./src/app/dashboard/page.tsx [Server Component]

https://nextjs.org/docs/messages/module-not-found @ http://localhost:3000/_next/static/chunks/node_modules_next_dist_05y3oi5z9mc_3._.js:995
[  614866ms] [ERROR] ./src/features/subscription/components/PaymentProofForm.tsx:10:1
Error: Module not found: Can't resolve '../format'
   8 | import { Spinner } from "@/components/ui/spinner";
   9 | import type { SubscriptionDTO } from "../types";
> 10 | import { PROOF_ACCEPT, PROOF_MAX_BYTES, formatRupiah } from "../format";
     | ^^^^^^^^^^^^^^^^^^^^^^^^^^^^^^^^^^^^^^^^^^^^^^^^^^^^^^^^^^^^^^^^^^^^^^^^
  11 | import { useSubmitPaymentProof } from "../hooks/use-submit-payment-proof";
  12 | import { PaymentStatusBadge, SubscriptionStatusBadge } from "./StatusBadge";
  13 |

Import traces:
  Client Component Browser:
    ./src/features/subscription/components/PaymentProofForm.tsx [Client Component Browser]
    ./src/features/subscription/components/SubscriptionCard.tsx [Client Component Browser]
    ./src/features/subscription/components/DashboardView.tsx [Client Component Browser]
    ./src/features/subscription/components/DashboardShell.tsx [Client Component Browser]
    ./src/features/subscription/components/DashboardShell.tsx [Server Component]
    ./src/features/subscription/pages/DashboardPage.tsx [Server Component]
    ./src/app/dashboard/page.tsx [Server Component]

  Client Component SSR:
    ./src/features/subscription/components/PaymentProofForm.tsx [Client Component SSR]
    ./src/features/subscription/components/SubscriptionCard.tsx [Client Component SSR]
    ./src/features/subscription/components/DashboardView.tsx [Client Component SSR]
    ./src/features/subscription/components/DashboardShell.tsx [Client Component SSR]
    ./src/features/subscription/components/DashboardShell.tsx [Server Component]
    ./src/features/subscription/pages/DashboardPage.tsx [Server Component]
    ./src/app/dashboard/page.tsx [Server Component]

https://nextjs.org/docs/messages/module-not-found @ http://localhost:3000/_next/static/chunks/node_modules_next_dist_05y3oi5z9mc_3._.js:995
[  614866ms] [ERROR] ./src/features/subscription/components/PlanCard.tsx:6:1
Error: Module not found: Can't resolve '../format'
  4 | import { Spinner } from "@/components/ui/spinner";
  5 | import type { SubscriptionStatus } from "@/generated/prisma/enums";
> 6 | import { formatDuration, formatRupiah } from "../format";
    | ^^^^^^^^^^^^^^^^^^^^^^^^^^^^^^^^^^^^^^^^^^^^^^^^^^^^^^^^^
  7 | import type { PlanDTO } from "../types";
  8 | import { SubscriptionStatusBadge } from "./StatusBadge";
  9 |

Import traces:
  Client Component Browser:
    ./src/features/subscription/components/PlanCard.tsx [Client Component Browser]
    ./src/features/subscription/components/DashboardView.tsx [Client Component Browser]
    ./src/features/subscription/components/DashboardShell.tsx [Client Component Browser]
    ./src/features/subscription/components/DashboardShell.tsx [Server Component]
    ./src/features/subscription/pages/DashboardPage.tsx [Server Component]
    ./src/app/dashboard/page.tsx [Server Component]

  Client Component SSR:
    ./src/features/subscription/components/PlanCard.tsx [Client Component SSR]
    ./src/features/subscription/components/DashboardView.tsx [Client Component SSR]
    ./src/features/subscription/components/DashboardShell.tsx [Client Component SSR]
    ./src/features/subscription/components/DashboardShell.tsx [Server Component]
    ./src/features/subscription/pages/DashboardPage.tsx [Server Component]
    ./src/app/dashboard/page.tsx [Server Component]

https://nextjs.org/docs/messages/module-not-found @ http://localhost:3000/_next/static/chunks/node_modules_next_dist_05y3oi5z9mc_3._.js:995
[  614866ms] [ERROR] ./src/features/subscription/components/StatusBadge.tsx:5:1
Error: Module not found: Can't resolve '../format'
   3 | import { Badge } from "@/components/ui/badge";
   4 | import { cn } from "@/lib/utils";
>  5 | import {
     | ^^^^^^^
>  6 |   PAYMENT_STATUS_LABEL,
     | ^^^^^^^^^^^^^^^^^^^^^^^
>  7 |   SUBSCRIPTION_STATUS_LABEL,
     | ^^^^^^^^^^^^^^^^^^^^^^^^^^^^
>  8 | } from "../format";
     | ^^^^^^^^^^^^^^^^^^^
   9 |
  10 | /** Warm palette tones, one per lifecycle status, matching the auth surface. */
  11 | const subscriptionTone: Record<SubscriptionStatus, string> = {

Import traces:
  Client Component Browser:
    ./src/features/subscription/components/StatusBadge.tsx [Client Component Browser]
    ./src/features/subscription/components/PlanCard.tsx [Client Component Browser]
    ./src/features/subscription/components/DashboardView.tsx [Client Component Browser]
    ./src/features/subscription/components/DashboardShell.tsx [Client Component Browser]
    ./src/features/subscription/components/DashboardShell.tsx [Server Component]
    ./src/features/subscription/pages/DashboardPage.tsx [Server Component]
    ./src/app/dashboard/page.tsx [Server Component]

  Client Component SSR:
    ./src/features/subscription/components/StatusBadge.tsx [Client Component SSR]
    ./src/features/subscription/components/PlanCard.tsx [Client Component SSR]
    ./src/features/subscription/components/DashboardView.tsx [Client Component SSR]
    ./src/features/subscription/components/DashboardShell.tsx [Client Component SSR]
    ./src/features/subscription/components/DashboardShell.tsx [Server Component]
    ./src/features/subscription/pages/DashboardPage.tsx [Server Component]
    ./src/app/dashboard/page.tsx [Server Component]

https://nextjs.org/docs/messages/module-not-found @ http://localhost:3000/_next/static/chunks/node_modules_next_dist_05y3oi5z9mc_3._.js:995
[  614866ms] [ERROR] ./src/features/subscription/components/SubscriptionCard.tsx:5:1
Error: Module not found: Can't resolve '../format'
   3 | import { Button } from "@/components/ui/button";
   4 | import type { SubscriptionStatus } from "@/generated/prisma/enums";
>  5 | import {
     | ^^^^^^^
>  6 |   formatDate,
     | ^^^^^^^^^^^^^
>  7 |   formatDuration,
     | ^^^^^^^^^^^^^^^^^
>  8 |   formatRupiah,
     | ^^^^^^^^^^^^^^^
>  9 |   PAYMENT_STATUS_LABEL,
     | ^^^^^^^^^^^^^^^^^^^^^^^
> 10 |   SUBSCRIPTION_STATUS_LABEL,
     | ^^^^^^^^^^^^^^^^^^^^^^^^^^^^
> 11 | } from "../format";
     | ^^^^^^^^^^^^^^^^^^^
  12 | import { useRenewSubscription } from "../hooks/use-renew-subscription";
  13 | import type { SubscriptionDTO } from "../types";
  14 | import { PaymentProofForm } from "./PaymentProofForm";

Import traces:
  Client Component Browser:
    ./src/features/subscription/components/SubscriptionCard.tsx [Client Component Browser]
    ./src/features/subscription/components/DashboardView.tsx [Client Component Browser]
    ./src/features/subscription/components/DashboardShell.tsx [Client Component Browser]
    ./src/features/subscription/components/DashboardShell.tsx [Server Component]
    ./src/features/subscription/pages/DashboardPage.tsx [Server Component]
    ./src/app/dashboard/page.tsx [Server Component]

  Client Component SSR:
    ./src/features/subscription/components/SubscriptionCard.tsx [Client Component SSR]
    ./src/features/subscription/components/DashboardView.tsx [Client Component SSR]
    ./src/features/subscription/components/DashboardShell.tsx [Client Component SSR]
    ./src/features/subscription/components/DashboardShell.tsx [Server Component]
    ./src/features/subscription/pages/DashboardPage.tsx [Server Component]
    ./src/app/dashboard/page.tsx [Server Component]

https://nextjs.org/docs/messages/module-not-found @ http://localhost:3000/_next/static/chunks/node_modules_next_dist_05y3oi5z9mc_3._.js:995
[  614866ms] [ERROR] ./src/features/subscription/dal.ts:6:1
Error: Module not found: Can't resolve './http'
  4 | } from "@/generated/prisma/enums";
  5 | import { prisma } from "@/lib/prisma";
> 6 | import { SubscriptionError } from "./http";
    | ^^^^^^^^^^^^^^^^^^^^^^^^^^^^^^^^^^^^^^^^^^^
  7 | import { computePeriod } from "./period";
  8 | import {
  9 |   adminPaymentInclude,

Import trace:
  Server Component:
    ./src/features/subscription/dal.ts
    ./src/features/subscription/pages/DashboardPage.tsx
    ./src/app/dashboard/page.tsx

https://nextjs.org/docs/messages/module-not-found @ http://localhost:3000/_next/static/chunks/node_modules_next_dist_05y3oi5z9mc_3._.js:995
[  614866ms] [ERROR] ./src/features/subscription/dal.ts:7:1
Error: Module not found: Can't resolve './period'
   5 | import { prisma } from "@/lib/prisma";
   6 | import { SubscriptionError } from "./http";
>  7 | import { computePeriod } from "./period";
     | ^^^^^^^^^^^^^^^^^^^^^^^^^^^^^^^^^^^^^^^^^
   8 | import {
   9 |   adminPaymentInclude,
  10 |   serializeAdminPayment,

Import trace:
  Server Component:
    ./src/features/subscription/dal.ts
    ./src/features/subscription/pages/DashboardPage.tsx
    ./src/app/dashboard/page.tsx

https://nextjs.org/docs/messages/module-not-found @ http://localhost:3000/_next/static/chunks/node_modules_next_dist_05y3oi5z9mc_3._.js:995
[  614866ms] [ERROR] ./src/components/app-sidebar.tsx:8:1
Error: Module not found: Can't resolve '@/features/subscription/navigation'
   6 |
   7 | import { LogoutButton } from "@/components/logout-button";
>  8 | import { navEntriesFor } from "@/features/subscription/navigation";
     | ^^^^^^^^^^^^^^^^^^^^^^^^^^^^^^^^^^^^^^^^^^^^^^^^^^^^^^^^^^^^^^^^^^^
   9 | import type { WorkspaceView } from "@/features/subscription/types";
  10 | import { cn } from "@/lib/utils";
  11 |

Import map: aliased to relative './src/features/subscription/navigation' inside of [project]/

Import traces:
  Client Component Browser:
    ./src/components/app-sidebar.tsx [Client Component Browser]
    ./src/features/subscription/components/DashboardShell.tsx [Client Component Browser]
    ./src/features/subscription/components/DashboardShell.tsx [Server Component]
    ./src/features/subscription/pages/DashboardPage.tsx [Server Component]
    ./src/app/dashboard/page.tsx [Server Component]

  Client Component SSR:
    ./src/components/app-sidebar.tsx [Client Component SSR]
    ./src/features/subscription/components/DashboardShell.tsx [Client Component SSR]
    ./src/features/subscription/components/DashboardShell.tsx [Server Component]
    ./src/features/subscription/pages/DashboardPage.tsx [Server Component]
    ./src/app/dashboard/page.tsx [Server Component]

https://nextjs.org/docs/messages/module-not-found @ http://localhost:3000/_next/static/chunks/node_modules_next_dist_05y3oi5z9mc_3._.js:995
[  614866ms] [ERROR] ./src/app/api/admin/stats/route.ts:4:1
Error: Module not found: Can't resolve '@/features/subscription/http'
  2 |
  3 | import { getPlatformStats } from "@/features/subscription/dal";
> 4 | import { errorResponse, requireApiAdmin } from "@/features/subscription/http";
    | ^^^^^^^^^^^^^^^^^^^^^^^^^^^^^^^^^^^^^^^^^^^^^^^^^^^^^^^^^^^^^^^^^^^^^^^^^^^^^^
  5 |
  6 | /**
  7 |  * PRD §11: the two counters the admin summary shows. The dashboard reads them

Import map: aliased to relative './src/features/subscription/http' inside of [project]/

https://nextjs.org/docs/messages/module-not-found @ http://localhost:3000/_next/static/chunks/node_modules_next_dist_05y3oi5z9mc_3._.js:995
[  614956ms] [ERROR] ./src/features/subscription/components/DashboardView.tsx:11:1
Error: Module not found: Can't resolve '../format'
   9 | import type { Workspace } from "../dal";
  10 | import type { SubscriptionStatus } from "@/generated/prisma/enums";
> 11 | import { formatDate, formatRupiah } from "../format";
     | ^^^^^^^^^^^^^^^^^^^^^^^^^^^^^^^^^^^^^^^^^^^^^^^^^^^^^
  12 | import { useCreateSubscription } from "../hooks/use-subscriptions";
  13 | import { useRenewSubscription } from "../hooks/use-renew-subscription";
  14 | import type {

Import traces:
  Client Component Browser:
    ./src/features/subscription/components/DashboardView.tsx [Client Component Browser]
    ./src/features/subscription/components/DashboardShell.tsx [Client Component Browser]
    ./src/features/subscription/components/DashboardShell.tsx [Server Component]
    ./src/features/subscription/pages/DashboardPage.tsx [Server Component]
    ./src/app/dashboard/page.tsx [Server Component]

  Client Component SSR:
    ./src/features/subscription/components/DashboardView.tsx [Client Component SSR]
    ./src/features/subscription/components/DashboardShell.tsx [Client Component SSR]
    ./src/features/subscription/components/DashboardShell.tsx [Server Component]
    ./src/features/subscription/pages/DashboardPage.tsx [Server Component]
    ./src/app/dashboard/page.tsx [Server Component]

https://nextjs.org/docs/messages/module-not-found @ http://localhost:3000/_next/static/chunks/node_modules_next_dist_05y3oi5z9mc_3._.js:995
[  614957ms] [ERROR] ./src/features/subscription/components/PaymentDetailCard.tsx:10:1
Error: Module not found: Can't resolve '../format'
   8 | import { Spinner } from "@/components/ui/spinner";
   9 | import { cn } from "@/lib/utils";
> 10 | import {
     | ^^^^^^^
> 11 |   formatDate,
     | ^^^^^^^^^^^^^
> 12 |   formatDateTime,
     | ^^^^^^^^^^^^^^^^^
> 13 |   formatDuration,
     | ^^^^^^^^^^^^^^^^^
> 14 |   formatRupiah,
     | ^^^^^^^^^^^^^^^
> 15 |   PAYMENT_STATUS_LABEL,
     | ^^^^^^^^^^^^^^^^^^^^^^^
> 16 |   SUBSCRIPTION_STATUS_LABEL,
     | ^^^^^^^^^^^^^^^^^^^^^^^^^^^^
> 17 | } from "../format";
     | ^^^^^^^^^^^^^^^^^^^
  18 | import {
  19 |   useApprovePayment,
  20 |   useRejectPayment,

Import traces:
  Client Component Browser:
    ./src/features/subscription/components/PaymentDetailCard.tsx [Client Component Browser]
    ./src/features/subscription/components/DashboardView.tsx [Client Component Browser]
    ./src/features/subscription/components/DashboardShell.tsx [Client Component Browser]
    ./src/features/subscription/components/DashboardShell.tsx [Server Component]
    ./src/features/subscription/pages/DashboardPage.tsx [Server Component]
    ./src/app/dashboard/page.tsx [Server Component]

  Client Component SSR:
    ./src/features/subscription/components/PaymentDetailCard.tsx [Client Component SSR]
    ./src/features/subscription/components/DashboardView.tsx [Client Component SSR]
    ./src/features/subscription/components/DashboardShell.tsx [Client Component SSR]
    ./src/features/subscription/components/DashboardShell.tsx [Server Component]
    ./src/features/subscription/pages/DashboardPage.tsx [Server Component]
    ./src/app/dashboard/page.tsx [Server Component]

https://nextjs.org/docs/messages/module-not-found @ http://localhost:3000/_next/static/chunks/node_modules_next_dist_05y3oi5z9mc_3._.js:995
[  614957ms] [ERROR] ./src/features/subscription/components/PaymentProofForm.tsx:10:1
Error: Module not found: Can't resolve '../format'
   8 | import { Spinner } from "@/components/ui/spinner";
   9 | import type { SubscriptionDTO } from "../types";
> 10 | import { PROOF_ACCEPT, PROOF_MAX_BYTES, formatRupiah } from "../format";
     | ^^^^^^^^^^^^^^^^^^^^^^^^^^^^^^^^^^^^^^^^^^^^^^^^^^^^^^^^^^^^^^^^^^^^^^^^
  11 | import { useSubmitPaymentProof } from "../hooks/use-submit-payment-proof";
  12 | import { PaymentStatusBadge, SubscriptionStatusBadge } from "./StatusBadge";
  13 |

Import traces:
  Client Component Browser:
    ./src/features/subscription/components/PaymentProofForm.tsx [Client Component Browser]
    ./src/features/subscription/components/SubscriptionCard.tsx [Client Component Browser]
    ./src/features/subscription/components/DashboardView.tsx [Client Component Browser]
    ./src/features/subscription/components/DashboardShell.tsx [Client Component Browser]
    ./src/features/subscription/components/DashboardShell.tsx [Server Component]
    ./src/features/subscription/pages/DashboardPage.tsx [Server Component]
    ./src/app/dashboard/page.tsx [Server Component]

  Client Component SSR:
    ./src/features/subscription/components/PaymentProofForm.tsx [Client Component SSR]
    ./src/features/subscription/components/SubscriptionCard.tsx [Client Component SSR]
    ./src/features/subscription/components/DashboardView.tsx [Client Component SSR]
    ./src/features/subscription/components/DashboardShell.tsx [Client Component SSR]
    ./src/features/subscription/components/DashboardShell.tsx [Server Component]
    ./src/features/subscription/pages/DashboardPage.tsx [Server Component]
    ./src/app/dashboard/page.tsx [Server Component]

https://nextjs.org/docs/messages/module-not-found @ http://localhost:3000/_next/static/chunks/node_modules_next_dist_05y3oi5z9mc_3._.js:995
[  614957ms] [ERROR] ./src/features/subscription/components/PlanCard.tsx:6:1
Error: Module not found: Can't resolve '../format'
  4 | import { Spinner } from "@/components/ui/spinner";
  5 | import type { SubscriptionStatus } from "@/generated/prisma/enums";
> 6 | import { formatDuration, formatRupiah } from "../format";
    | ^^^^^^^^^^^^^^^^^^^^^^^^^^^^^^^^^^^^^^^^^^^^^^^^^^^^^^^^^
  7 | import type { PlanDTO } from "../types";
  8 | import { SubscriptionStatusBadge } from "./StatusBadge";
  9 |

Import traces:
  Client Component Browser:
    ./src/features/subscription/components/PlanCard.tsx [Client Component Browser]
    ./src/features/subscription/components/DashboardView.tsx [Client Component Browser]
    ./src/features/subscription/components/DashboardShell.tsx [Client Component Browser]
    ./src/features/subscription/components/DashboardShell.tsx [Server Component]
    ./src/features/subscription/pages/DashboardPage.tsx [Server Component]
    ./src/app/dashboard/page.tsx [Server Component]

  Client Component SSR:
    ./src/features/subscription/components/PlanCard.tsx [Client Component SSR]
    ./src/features/subscription/components/DashboardView.tsx [Client Component SSR]
    ./src/features/subscription/components/DashboardShell.tsx [Client Component SSR]
    ./src/features/subscription/components/DashboardShell.tsx [Server Component]
    ./src/features/subscription/pages/DashboardPage.tsx [Server Component]
    ./src/app/dashboard/page.tsx [Server Component]

https://nextjs.org/docs/messages/module-not-found @ http://localhost:3000/_next/static/chunks/node_modules_next_dist_05y3oi5z9mc_3._.js:995
[  614957ms] [ERROR] ./src/features/subscription/components/StatusBadge.tsx:5:1
Error: Module not found: Can't resolve '../format'
   3 | import { Badge } from "@/components/ui/badge";
   4 | import { cn } from "@/lib/utils";
>  5 | import {
     | ^^^^^^^
>  6 |   PAYMENT_STATUS_LABEL,
     | ^^^^^^^^^^^^^^^^^^^^^^^
>  7 |   SUBSCRIPTION_STATUS_LABEL,
     | ^^^^^^^^^^^^^^^^^^^^^^^^^^^^
>  8 | } from "../format";
     | ^^^^^^^^^^^^^^^^^^^
   9 |
  10 | /** Warm palette tones, one per lifecycle status, matching the auth surface. */
  11 | const subscriptionTone: Record<SubscriptionStatus, string> = {

Import traces:
  Client Component Browser:
    ./src/features/subscription/components/StatusBadge.tsx [Client Component Browser]
    ./src/features/subscription/components/PlanCard.tsx [Client Component Browser]
    ./src/features/subscription/components/DashboardView.tsx [Client Component Browser]
    ./src/features/subscription/components/DashboardShell.tsx [Client Component Browser]
    ./src/features/subscription/components/DashboardShell.tsx [Server Component]
    ./src/features/subscription/pages/DashboardPage.tsx [Server Component]
    ./src/app/dashboard/page.tsx [Server Component]

  Client Component SSR:
    ./src/features/subscription/components/StatusBadge.tsx [Client Component SSR]
    ./src/features/subscription/components/PlanCard.tsx [Client Component SSR]
    ./src/features/subscription/components/DashboardView.tsx [Client Component SSR]
    ./src/features/subscription/components/DashboardShell.tsx [Client Component SSR]
    ./src/features/subscription/components/DashboardShell.tsx [Server Component]
    ./src/features/subscription/pages/DashboardPage.tsx [Server Component]
    ./src/app/dashboard/page.tsx [Server Component]

https://nextjs.org/docs/messages/module-not-found @ http://localhost:3000/_next/static/chunks/node_modules_next_dist_05y3oi5z9mc_3._.js:995
[  614957ms] [ERROR] ./src/features/subscription/components/SubscriptionCard.tsx:5:1
Error: Module not found: Can't resolve '../format'
   3 | import { Button } from "@/components/ui/button";
   4 | import type { SubscriptionStatus } from "@/generated/prisma/enums";
>  5 | import {
     | ^^^^^^^
>  6 |   formatDate,
     | ^^^^^^^^^^^^^
>  7 |   formatDuration,
     | ^^^^^^^^^^^^^^^^^
>  8 |   formatRupiah,
     | ^^^^^^^^^^^^^^^
>  9 |   PAYMENT_STATUS_LABEL,
     | ^^^^^^^^^^^^^^^^^^^^^^^
> 10 |   SUBSCRIPTION_STATUS_LABEL,
     | ^^^^^^^^^^^^^^^^^^^^^^^^^^^^
> 11 | } from "../format";
     | ^^^^^^^^^^^^^^^^^^^
  12 | import { useRenewSubscription } from "../hooks/use-renew-subscription";
  13 | import type { SubscriptionDTO } from "../types";
  14 | import { PaymentProofForm } from "./PaymentProofForm";

Import traces:
  Client Component Browser:
    ./src/features/subscription/components/SubscriptionCard.tsx [Client Component Browser]
    ./src/features/subscription/components/DashboardView.tsx [Client Component Browser]
    ./src/features/subscription/components/DashboardShell.tsx [Client Component Browser]
    ./src/features/subscription/components/DashboardShell.tsx [Server Component]
    ./src/features/subscription/pages/DashboardPage.tsx [Server Component]
    ./src/app/dashboard/page.tsx [Server Component]

  Client Component SSR:
    ./src/features/subscription/components/SubscriptionCard.tsx [Client Component SSR]
    ./src/features/subscription/components/DashboardView.tsx [Client Component SSR]
    ./src/features/subscription/components/DashboardShell.tsx [Client Component SSR]
    ./src/features/subscription/components/DashboardShell.tsx [Server Component]
    ./src/features/subscription/pages/DashboardPage.tsx [Server Component]
    ./src/app/dashboard/page.tsx [Server Component]

https://nextjs.org/docs/messages/module-not-found @ http://localhost:3000/_next/static/chunks/node_modules_next_dist_05y3oi5z9mc_3._.js:995
[  614957ms] [ERROR] ./src/features/subscription/dal.ts:6:1
Error: Module not found: Can't resolve './http'
  4 | } from "@/generated/prisma/enums";
  5 | import { prisma } from "@/lib/prisma";
> 6 | import { SubscriptionError } from "./http";
    | ^^^^^^^^^^^^^^^^^^^^^^^^^^^^^^^^^^^^^^^^^^^
  7 | import { computePeriod } from "./period";
  8 | import {
  9 |   adminPaymentInclude,

Import trace:
  Server Component:
    ./src/features/subscription/dal.ts
    ./src/features/subscription/pages/DashboardPage.tsx
    ./src/app/dashboard/page.tsx

https://nextjs.org/docs/messages/module-not-found @ http://localhost:3000/_next/static/chunks/node_modules_next_dist_05y3oi5z9mc_3._.js:995
[  614957ms] [ERROR] ./src/features/subscription/dal.ts:7:1
Error: Module not found: Can't resolve './period'
   5 | import { prisma } from "@/lib/prisma";
   6 | import { SubscriptionError } from "./http";
>  7 | import { computePeriod } from "./period";
     | ^^^^^^^^^^^^^^^^^^^^^^^^^^^^^^^^^^^^^^^^^
   8 | import {
   9 |   adminPaymentInclude,
  10 |   serializeAdminPayment,

Import trace:
  Server Component:
    ./src/features/subscription/dal.ts
    ./src/features/subscription/pages/DashboardPage.tsx
    ./src/app/dashboard/page.tsx

https://nextjs.org/docs/messages/module-not-found @ http://localhost:3000/_next/static/chunks/node_modules_next_dist_05y3oi5z9mc_3._.js:995
[  614957ms] [ERROR] ./src/components/app-sidebar.tsx:8:1
Error: Module not found: Can't resolve '@/features/subscription/navigation'
   6 |
   7 | import { LogoutButton } from "@/components/logout-button";
>  8 | import { navEntriesFor } from "@/features/subscription/navigation";
     | ^^^^^^^^^^^^^^^^^^^^^^^^^^^^^^^^^^^^^^^^^^^^^^^^^^^^^^^^^^^^^^^^^^^
   9 | import type { WorkspaceView } from "@/features/subscription/types";
  10 | import { cn } from "@/lib/utils";
  11 |

Import map: aliased to relative './src/features/subscription/navigation' inside of [project]/

Import traces:
  Client Component Browser:
    ./src/components/app-sidebar.tsx [Client Component Browser]
    ./src/features/subscription/components/DashboardShell.tsx [Client Component Browser]
    ./src/features/subscription/components/DashboardShell.tsx [Server Component]
    ./src/features/subscription/pages/DashboardPage.tsx [Server Component]
    ./src/app/dashboard/page.tsx [Server Component]

  Client Component SSR:
    ./src/components/app-sidebar.tsx [Client Component SSR]
    ./src/features/subscription/components/DashboardShell.tsx [Client Component SSR]
    ./src/features/subscription/components/DashboardShell.tsx [Server Component]
    ./src/features/subscription/pages/DashboardPage.tsx [Server Component]
    ./src/app/dashboard/page.tsx [Server Component]

https://nextjs.org/docs/messages/module-not-found @ http://localhost:3000/_next/static/chunks/node_modules_next_dist_05y3oi5z9mc_3._.js:995
[  614957ms] [ERROR] ./src/app/api/admin/stats/route.ts:4:1
Error: Module not found: Can't resolve '@/features/subscription/http'
  2 |
  3 | import { getPlatformStats } from "@/features/subscription/dal";
> 4 | import { errorResponse, requireApiAdmin } from "@/features/subscription/http";
    | ^^^^^^^^^^^^^^^^^^^^^^^^^^^^^^^^^^^^^^^^^^^^^^^^^^^^^^^^^^^^^^^^^^^^^^^^^^^^^^
  5 |
  6 | /**
  7 |  * PRD §11: the two counters the admin summary shows. The dashboard reads them

Import map: aliased to relative './src/features/subscription/http' inside of [project]/

https://nextjs.org/docs/messages/module-not-found @ http://localhost:3000/_next/static/chunks/node_modules_next_dist_05y3oi5z9mc_3._.js:995
[  615035ms] [ERROR] ./src/features/subscription/components/DashboardView.tsx:11:1
Error: Module not found: Can't resolve '../format'
   9 | import type { Workspace } from "../dal";
  10 | import type { SubscriptionStatus } from "@/generated/prisma/enums";
> 11 | import { formatDate, formatRupiah } from "../format";
     | ^^^^^^^^^^^^^^^^^^^^^^^^^^^^^^^^^^^^^^^^^^^^^^^^^^^^^
  12 | import { useCreateSubscription } from "../hooks/use-subscriptions";
  13 | import { useRenewSubscription } from "../hooks/use-renew-subscription";
  14 | import type {

Import traces:
  Client Component Browser:
    ./src/features/subscription/components/DashboardView.tsx [Client Component Browser]
    ./src/features/subscription/components/DashboardShell.tsx [Client Component Browser]
    ./src/features/subscription/components/DashboardShell.tsx [Server Component]
    ./src/features/subscription/pages/DashboardPage.tsx [Server Component]
    ./src/app/dashboard/page.tsx [Server Component]

  Client Component SSR:
    ./src/features/subscription/components/DashboardView.tsx [Client Component SSR]
    ./src/features/subscription/components/DashboardShell.tsx [Client Component SSR]
    ./src/features/subscription/components/DashboardShell.tsx [Server Component]
    ./src/features/subscription/pages/DashboardPage.tsx [Server Component]
    ./src/app/dashboard/page.tsx [Server Component]

https://nextjs.org/docs/messages/module-not-found @ http://localhost:3000/_next/static/chunks/node_modules_next_dist_05y3oi5z9mc_3._.js:995
[  615035ms] [ERROR] ./src/features/subscription/components/PaymentDetailCard.tsx:10:1
Error: Module not found: Can't resolve '../format'
   8 | import { Spinner } from "@/components/ui/spinner";
   9 | import { cn } from "@/lib/utils";
> 10 | import {
     | ^^^^^^^
> 11 |   formatDate,
     | ^^^^^^^^^^^^^
> 12 |   formatDateTime,
     | ^^^^^^^^^^^^^^^^^
> 13 |   formatDuration,
     | ^^^^^^^^^^^^^^^^^
> 14 |   formatRupiah,
     | ^^^^^^^^^^^^^^^
> 15 |   PAYMENT_STATUS_LABEL,
     | ^^^^^^^^^^^^^^^^^^^^^^^
> 16 |   SUBSCRIPTION_STATUS_LABEL,
     | ^^^^^^^^^^^^^^^^^^^^^^^^^^^^
> 17 | } from "../format";
     | ^^^^^^^^^^^^^^^^^^^
  18 | import {
  19 |   useApprovePayment,
  20 |   useRejectPayment,

Import traces:
  Client Component Browser:
    ./src/features/subscription/components/PaymentDetailCard.tsx [Client Component Browser]
    ./src/features/subscription/components/DashboardView.tsx [Client Component Browser]
    ./src/features/subscription/components/DashboardShell.tsx [Client Component Browser]
    ./src/features/subscription/components/DashboardShell.tsx [Server Component]
    ./src/features/subscription/pages/DashboardPage.tsx [Server Component]
    ./src/app/dashboard/page.tsx [Server Component]

  Client Component SSR:
    ./src/features/subscription/components/PaymentDetailCard.tsx [Client Component SSR]
    ./src/features/subscription/components/DashboardView.tsx [Client Component SSR]
    ./src/features/subscription/components/DashboardShell.tsx [Client Component SSR]
    ./src/features/subscription/components/DashboardShell.tsx [Server Component]
    ./src/features/subscription/pages/DashboardPage.tsx [Server Component]
    ./src/app/dashboard/page.tsx [Server Component]

https://nextjs.org/docs/messages/module-not-found @ http://localhost:3000/_next/static/chunks/node_modules_next_dist_05y3oi5z9mc_3._.js:995
[  615036ms] [ERROR] ./src/features/subscription/components/PaymentProofForm.tsx:10:1
Error: Module not found: Can't resolve '../format'
   8 | import { Spinner } from "@/components/ui/spinner";
   9 | import type { SubscriptionDTO } from "../types";
> 10 | import { PROOF_ACCEPT, PROOF_MAX_BYTES, formatRupiah } from "../format";
     | ^^^^^^^^^^^^^^^^^^^^^^^^^^^^^^^^^^^^^^^^^^^^^^^^^^^^^^^^^^^^^^^^^^^^^^^^
  11 | import { useSubmitPaymentProof } from "../hooks/use-submit-payment-proof";
  12 | import { PaymentStatusBadge, SubscriptionStatusBadge } from "./StatusBadge";
  13 |

Import traces:
  Client Component Browser:
    ./src/features/subscription/components/PaymentProofForm.tsx [Client Component Browser]
    ./src/features/subscription/components/SubscriptionCard.tsx [Client Component Browser]
    ./src/features/subscription/components/DashboardView.tsx [Client Component Browser]
    ./src/features/subscription/components/DashboardShell.tsx [Client Component Browser]
    ./src/features/subscription/components/DashboardShell.tsx [Server Component]
    ./src/features/subscription/pages/DashboardPage.tsx [Server Component]
    ./src/app/dashboard/page.tsx [Server Component]

  Client Component SSR:
    ./src/features/subscription/components/PaymentProofForm.tsx [Client Component SSR]
    ./src/features/subscription/components/SubscriptionCard.tsx [Client Component SSR]
    ./src/features/subscription/components/DashboardView.tsx [Client Component SSR]
    ./src/features/subscription/components/DashboardShell.tsx [Client Component SSR]
    ./src/features/subscription/components/DashboardShell.tsx [Server Component]
    ./src/features/subscription/pages/DashboardPage.tsx [Server Component]
    ./src/app/dashboard/page.tsx [Server Component]

https://nextjs.org/docs/messages/module-not-found @ http://localhost:3000/_next/static/chunks/node_modules_next_dist_05y3oi5z9mc_3._.js:995
[  615036ms] [ERROR] ./src/features/subscription/components/PlanCard.tsx:6:1
Error: Module not found: Can't resolve '../format'
  4 | import { Spinner } from "@/components/ui/spinner";
  5 | import type { SubscriptionStatus } from "@/generated/prisma/enums";
> 6 | import { formatDuration, formatRupiah } from "../format";
    | ^^^^^^^^^^^^^^^^^^^^^^^^^^^^^^^^^^^^^^^^^^^^^^^^^^^^^^^^^
  7 | import type { PlanDTO } from "../types";
  8 | import { SubscriptionStatusBadge } from "./StatusBadge";
  9 |

Import traces:
  Client Component Browser:
    ./src/features/subscription/components/PlanCard.tsx [Client Component Browser]
    ./src/features/subscription/components/DashboardView.tsx [Client Component Browser]
    ./src/features/subscription/components/DashboardShell.tsx [Client Component Browser]
    ./src/features/subscription/components/DashboardShell.tsx [Server Component]
    ./src/features/subscription/pages/DashboardPage.tsx [Server Component]
    ./src/app/dashboard/page.tsx [Server Component]

  Client Component SSR:
    ./src/features/subscription/components/PlanCard.tsx [Client Component SSR]
    ./src/features/subscription/components/DashboardView.tsx [Client Component SSR]
    ./src/features/subscription/components/DashboardShell.tsx [Client Component SSR]
    ./src/features/subscription/components/DashboardShell.tsx [Server Component]
    ./src/features/subscription/pages/DashboardPage.tsx [Server Component]
    ./src/app/dashboard/page.tsx [Server Component]

https://nextjs.org/docs/messages/module-not-found @ http://localhost:3000/_next/static/chunks/node_modules_next_dist_05y3oi5z9mc_3._.js:995
[  615036ms] [ERROR] ./src/features/subscription/components/StatusBadge.tsx:5:1
Error: Module not found: Can't resolve '../format'
   3 | import { Badge } from "@/components/ui/badge";
   4 | import { cn } from "@/lib/utils";
>  5 | import {
     | ^^^^^^^
>  6 |   PAYMENT_STATUS_LABEL,
     | ^^^^^^^^^^^^^^^^^^^^^^^
>  7 |   SUBSCRIPTION_STATUS_LABEL,
     | ^^^^^^^^^^^^^^^^^^^^^^^^^^^^
>  8 | } from "../format";
     | ^^^^^^^^^^^^^^^^^^^
   9 |
  10 | /** Warm palette tones, one per lifecycle status, matching the auth surface. */
  11 | const subscriptionTone: Record<SubscriptionStatus, string> = {

Import traces:
  Client Component Browser:
    ./src/features/subscription/components/StatusBadge.tsx [Client Component Browser]
    ./src/features/subscription/components/PlanCard.tsx [Client Component Browser]
    ./src/features/subscription/components/DashboardView.tsx [Client Component Browser]
    ./src/features/subscription/components/DashboardShell.tsx [Client Component Browser]
    ./src/features/subscription/components/DashboardShell.tsx [Server Component]
    ./src/features/subscription/pages/DashboardPage.tsx [Server Component]
    ./src/app/dashboard/page.tsx [Server Component]

  Client Component SSR:
    ./src/features/subscription/components/StatusBadge.tsx [Client Component SSR]
    ./src/features/subscription/components/PlanCard.tsx [Client Component SSR]
    ./src/features/subscription/components/DashboardView.tsx [Client Component SSR]
    ./src/features/subscription/components/DashboardShell.tsx [Client Component SSR]
    ./src/features/subscription/components/DashboardShell.tsx [Server Component]
    ./src/features/subscription/pages/DashboardPage.tsx [Server Component]
    ./src/app/dashboard/page.tsx [Server Component]

https://nextjs.org/docs/messages/module-not-found @ http://localhost:3000/_next/static/chunks/node_modules_next_dist_05y3oi5z9mc_3._.js:995
[  615036ms] [ERROR] ./src/features/subscription/components/SubscriptionCard.tsx:5:1
Error: Module not found: Can't resolve '../format'
   3 | import { Button } from "@/components/ui/button";
   4 | import type { SubscriptionStatus } from "@/generated/prisma/enums";
>  5 | import {
     | ^^^^^^^
>  6 |   formatDate,
     | ^^^^^^^^^^^^^
>  7 |   formatDuration,
     | ^^^^^^^^^^^^^^^^^
>  8 |   formatRupiah,
     | ^^^^^^^^^^^^^^^
>  9 |   PAYMENT_STATUS_LABEL,
     | ^^^^^^^^^^^^^^^^^^^^^^^
> 10 |   SUBSCRIPTION_STATUS_LABEL,
     | ^^^^^^^^^^^^^^^^^^^^^^^^^^^^
> 11 | } from "../format";
     | ^^^^^^^^^^^^^^^^^^^
  12 | import { useRenewSubscription } from "../hooks/use-renew-subscription";
  13 | import type { SubscriptionDTO } from "../types";
  14 | import { PaymentProofForm } from "./PaymentProofForm";

Import traces:
  Client Component Browser:
    ./src/features/subscription/components/SubscriptionCard.tsx [Client Component Browser]
    ./src/features/subscription/components/DashboardView.tsx [Client Component Browser]
    ./src/features/subscription/components/DashboardShell.tsx [Client Component Browser]
    ./src/features/subscription/components/DashboardShell.tsx [Server Component]
    ./src/features/subscription/pages/DashboardPage.tsx [Server Component]
    ./src/app/dashboard/page.tsx [Server Component]

  Client Component SSR:
    ./src/features/subscription/components/SubscriptionCard.tsx [Client Component SSR]
    ./src/features/subscription/components/DashboardView.tsx [Client Component SSR]
    ./src/features/subscription/components/DashboardShell.tsx [Client Component SSR]
    ./src/features/subscription/components/DashboardShell.tsx [Server Component]
    ./src/features/subscription/pages/DashboardPage.tsx [Server Component]
    ./src/app/dashboard/page.tsx [Server Component]

https://nextjs.org/docs/messages/module-not-found @ http://localhost:3000/_next/static/chunks/node_modules_next_dist_05y3oi5z9mc_3._.js:995
[  615036ms] [ERROR] ./src/features/subscription/dal.ts:6:1
Error: Module not found: Can't resolve './http'
  4 | } from "@/generated/prisma/enums";
  5 | import { prisma } from "@/lib/prisma";
> 6 | import { SubscriptionError } from "./http";
    | ^^^^^^^^^^^^^^^^^^^^^^^^^^^^^^^^^^^^^^^^^^^
  7 | import { computePeriod } from "./period";
  8 | import {
  9 |   adminPaymentInclude,

Import trace:
  Server Component:
    ./src/features/subscription/dal.ts
    ./src/features/subscription/pages/DashboardPage.tsx
    ./src/app/dashboard/page.tsx

https://nextjs.org/docs/messages/module-not-found @ http://localhost:3000/_next/static/chunks/node_modules_next_dist_05y3oi5z9mc_3._.js:995
[  615036ms] [ERROR] ./src/features/subscription/dal.ts:7:1
Error: Module not found: Can't resolve './period'
   5 | import { prisma } from "@/lib/prisma";
   6 | import { SubscriptionError } from "./http";
>  7 | import { computePeriod } from "./period";
     | ^^^^^^^^^^^^^^^^^^^^^^^^^^^^^^^^^^^^^^^^^
   8 | import {
   9 |   adminPaymentInclude,
  10 |   serializeAdminPayment,

Import trace:
  Server Component:
    ./src/features/subscription/dal.ts
    ./src/features/subscription/pages/DashboardPage.tsx
    ./src/app/dashboard/page.tsx

https://nextjs.org/docs/messages/module-not-found @ http://localhost:3000/_next/static/chunks/node_modules_next_dist_05y3oi5z9mc_3._.js:995
[  615036ms] [ERROR] ./src/components/app-sidebar.tsx:8:1
Error: Module not found: Can't resolve '@/features/subscription/navigation'
   6 |
   7 | import { LogoutButton } from "@/components/logout-button";
>  8 | import { navEntriesFor } from "@/features/subscription/navigation";
     | ^^^^^^^^^^^^^^^^^^^^^^^^^^^^^^^^^^^^^^^^^^^^^^^^^^^^^^^^^^^^^^^^^^^
   9 | import type { WorkspaceView } from "@/features/subscription/types";
  10 | import { cn } from "@/lib/utils";
  11 |

Import map: aliased to relative './src/features/subscription/navigation' inside of [project]/

Import traces:
  Client Component Browser:
    ./src/components/app-sidebar.tsx [Client Component Browser]
    ./src/features/subscription/components/DashboardShell.tsx [Client Component Browser]
    ./src/features/subscription/components/DashboardShell.tsx [Server Component]
    ./src/features/subscription/pages/DashboardPage.tsx [Server Component]
    ./src/app/dashboard/page.tsx [Server Component]

  Client Component SSR:
    ./src/components/app-sidebar.tsx [Client Component SSR]
    ./src/features/subscription/components/DashboardShell.tsx [Client Component SSR]
    ./src/features/subscription/components/DashboardShell.tsx [Server Component]
    ./src/features/subscription/pages/DashboardPage.tsx [Server Component]
    ./src/app/dashboard/page.tsx [Server Component]

https://nextjs.org/docs/messages/module-not-found @ http://localhost:3000/_next/static/chunks/node_modules_next_dist_05y3oi5z9mc_3._.js:995
[  615036ms] [ERROR] ./src/app/api/admin/stats/route.ts:4:1
Error: Module not found: Can't resolve '@/features/subscription/http'
  2 |
  3 | import { getPlatformStats } from "@/features/subscription/dal";
> 4 | import { errorResponse, requireApiAdmin } from "@/features/subscription/http";
    | ^^^^^^^^^^^^^^^^^^^^^^^^^^^^^^^^^^^^^^^^^^^^^^^^^^^^^^^^^^^^^^^^^^^^^^^^^^^^^^
  5 |
  6 | /**
  7 |  * PRD §11: the two counters the admin summary shows. The dashboard reads them

Import map: aliased to relative './src/features/subscription/http' inside of [project]/

https://nextjs.org/docs/messages/module-not-found @ http://localhost:3000/_next/static/chunks/node_modules_next_dist_05y3oi5z9mc_3._.js:995
[  615287ms] [LOG] [Fast Refresh] rebuilding @ http://localhost:3000/_next/static/chunks/node_modules_next_dist_05y3oi5z9mc_3._.js:719
[  615631ms] [LOG] [Fast Refresh] done in 407ms @ http://localhost:3000/_next/static/chunks/node_modules_next_dist_05y3oi5z9mc_3._.js:719
[  615727ms] [LOG] [Fast Refresh] done in 407ms @ http://localhost:3000/_next/static/chunks/node_modules_next_dist_05y3oi5z9mc_3._.js:719
[  615812ms] [LOG] [Fast Refresh] done in 407ms @ http://localhost:3000/_next/static/chunks/node_modules_next_dist_05y3oi5z9mc_3._.js:719
[  615856ms] [LOG] [Fast Refresh] done in 407ms @ http://localhost:3000/_next/static/chunks/node_modules_next_dist_05y3oi5z9mc_3._.js:719
[  615894ms] [LOG] [Fast Refresh] done in 407ms @ http://localhost:3000/_next/static/chunks/node_modules_next_dist_05y3oi5z9mc_3._.js:719
[  615964ms] [LOG] [Fast Refresh] done in 407ms @ http://localhost:3000/_next/static/chunks/node_modules_next_dist_05y3oi5z9mc_3._.js:719
[  616033ms] [LOG] [Fast Refresh] done in 407ms @ http://localhost:3000/_next/static/chunks/node_modules_next_dist_05y3oi5z9mc_3._.js:719
[  616108ms] [LOG] [Fast Refresh] done in 407ms @ http://localhost:3000/_next/static/chunks/node_modules_next_dist_05y3oi5z9mc_3._.js:719
[  616181ms] [LOG] [Fast Refresh] done in 407ms @ http://localhost:3000/_next/static/chunks/node_modules_next_dist_05y3oi5z9mc_3._.js:719
[  616251ms] [LOG] [Fast Refresh] done in 407ms @ http://localhost:3000/_next/static/chunks/node_modules_next_dist_05y3oi5z9mc_3._.js:719
[  616319ms] [LOG] [Fast Refresh] done in 407ms @ http://localhost:3000/_next/static/chunks/node_modules_next_dist_05y3oi5z9mc_3._.js:719
[  616389ms] [LOG] [Fast Refresh] done in 407ms @ http://localhost:3000/_next/static/chunks/node_modules_next_dist_05y3oi5z9mc_3._.js:719
[  616462ms] [LOG] [Fast Refresh] done in 407ms @ http://localhost:3000/_next/static/chunks/node_modules_next_dist_05y3oi5z9mc_3._.js:719
[  616551ms] [LOG] [Fast Refresh] done in 407ms @ http://localhost:3000/_next/static/chunks/node_modules_next_dist_05y3oi5z9mc_3._.js:719
[  616623ms] [LOG] [Fast Refresh] done in 407ms @ http://localhost:3000/_next/static/chunks/node_modules_next_dist_05y3oi5z9mc_3._.js:719
[  616693ms] [LOG] [Fast Refresh] done in 407ms @ http://localhost:3000/_next/static/chunks/node_modules_next_dist_05y3oi5z9mc_3._.js:719
[  616762ms] [LOG] [Fast Refresh] done in 407ms @ http://localhost:3000/_next/static/chunks/node_modules_next_dist_05y3oi5z9mc_3._.js:719
[  616834ms] [LOG] [Fast Refresh] done in 407ms @ http://localhost:3000/_next/static/chunks/node_modules_next_dist_05y3oi5z9mc_3._.js:719
[  616906ms] [LOG] [Fast Refresh] done in 407ms @ http://localhost:3000/_next/static/chunks/node_modules_next_dist_05y3oi5z9mc_3._.js:719
[  616973ms] [LOG] [Fast Refresh] done in 407ms @ http://localhost:3000/_next/static/chunks/node_modules_next_dist_05y3oi5z9mc_3._.js:719
[  617039ms] [LOG] [Fast Refresh] done in 407ms @ http://localhost:3000/_next/static/chunks/node_modules_next_dist_05y3oi5z9mc_3._.js:719
[  617109ms] [LOG] [Fast Refresh] done in 407ms @ http://localhost:3000/_next/static/chunks/node_modules_next_dist_05y3oi5z9mc_3._.js:719
[  617181ms] [LOG] [Fast Refresh] done in 407ms @ http://localhost:3000/_next/static/chunks/node_modules_next_dist_05y3oi5z9mc_3._.js:719
[  617255ms] [LOG] [Fast Refresh] done in 407ms @ http://localhost:3000/_next/static/chunks/node_modules_next_dist_05y3oi5z9mc_3._.js:719
[  617333ms] [LOG] [Fast Refresh] done in 407ms @ http://localhost:3000/_next/static/chunks/node_modules_next_dist_05y3oi5z9mc_3._.js:719
[  617409ms] [LOG] [Fast Refresh] done in 407ms @ http://localhost:3000/_next/static/chunks/node_modules_next_dist_05y3oi5z9mc_3._.js:719
[  617485ms] [LOG] [Fast Refresh] done in 407ms @ http://localhost:3000/_next/static/chunks/node_modules_next_dist_05y3oi5z9mc_3._.js:719
[  617557ms] [LOG] [Fast Refresh] done in 407ms @ http://localhost:3000/_next/static/chunks/node_modules_next_dist_05y3oi5z9mc_3._.js:719
[  617629ms] [LOG] [Fast Refresh] done in 407ms @ http://localhost:3000/_next/static/chunks/node_modules_next_dist_05y3oi5z9mc_3._.js:719
[  617701ms] [LOG] [Fast Refresh] done in 407ms @ http://localhost:3000/_next/static/chunks/node_modules_next_dist_05y3oi5z9mc_3._.js:719
[  617778ms] [LOG] [Fast Refresh] done in 407ms @ http://localhost:3000/_next/static/chunks/node_modules_next_dist_05y3oi5z9mc_3._.js:719
[  617852ms] [LOG] [Fast Refresh] done in 407ms @ http://localhost:3000/_next/static/chunks/node_modules_next_dist_05y3oi5z9mc_3._.js:719
[  617926ms] [LOG] [Fast Refresh] done in 407ms @ http://localhost:3000/_next/static/chunks/node_modules_next_dist_05y3oi5z9mc_3._.js:719
[  618002ms] [LOG] [Fast Refresh] done in 407ms @ http://localhost:3000/_next/static/chunks/node_modules_next_dist_05y3oi5z9mc_3._.js:719
[  618081ms] [LOG] [Fast Refresh] done in 407ms @ http://localhost:3000/_next/static/chunks/node_modules_next_dist_05y3oi5z9mc_3._.js:719
[  618157ms] [LOG] [Fast Refresh] done in 407ms @ http://localhost:3000/_next/static/chunks/node_modules_next_dist_05y3oi5z9mc_3._.js:719
[  618228ms] [LOG] [Fast Refresh] done in 407ms @ http://localhost:3000/_next/static/chunks/node_modules_next_dist_05y3oi5z9mc_3._.js:719
[  618296ms] [LOG] [Fast Refresh] done in 407ms @ http://localhost:3000/_next/static/chunks/node_modules_next_dist_05y3oi5z9mc_3._.js:719
[  618365ms] [LOG] [Fast Refresh] done in 407ms @ http://localhost:3000/_next/static/chunks/node_modules_next_dist_05y3oi5z9mc_3._.js:719
[  618439ms] [LOG] [Fast Refresh] done in 407ms @ http://localhost:3000/_next/static/chunks/node_modules_next_dist_05y3oi5z9mc_3._.js:719
[  618514ms] [LOG] [Fast Refresh] done in 407ms @ http://localhost:3000/_next/static/chunks/node_modules_next_dist_05y3oi5z9mc_3._.js:719
[  618580ms] [LOG] [Fast Refresh] done in 407ms @ http://localhost:3000/_next/static/chunks/node_modules_next_dist_05y3oi5z9mc_3._.js:719
[  618648ms] [LOG] [Fast Refresh] done in 407ms @ http://localhost:3000/_next/static/chunks/node_modules_next_dist_05y3oi5z9mc_3._.js:719
[  618717ms] [LOG] [Fast Refresh] done in 407ms @ http://localhost:3000/_next/static/chunks/node_modules_next_dist_05y3oi5z9mc_3._.js:719
[  618786ms] [LOG] [Fast Refresh] done in 407ms @ http://localhost:3000/_next/static/chunks/node_modules_next_dist_05y3oi5z9mc_3._.js:719
[  618856ms] [LOG] [Fast Refresh] done in 407ms @ http://localhost:3000/_next/static/chunks/node_modules_next_dist_05y3oi5z9mc_3._.js:719
[  618924ms] [LOG] [Fast Refresh] done in 407ms @ http://localhost:3000/_next/static/chunks/node_modules_next_dist_05y3oi5z9mc_3._.js:719
[  618994ms] [LOG] [Fast Refresh] done in 407ms @ http://localhost:3000/_next/static/chunks/node_modules_next_dist_05y3oi5z9mc_3._.js:719
[  619066ms] [LOG] [Fast Refresh] done in 407ms @ http://localhost:3000/_next/static/chunks/node_modules_next_dist_05y3oi5z9mc_3._.js:719
[  619138ms] [LOG] [Fast Refresh] done in 407ms @ http://localhost:3000/_next/static/chunks/node_modules_next_dist_05y3oi5z9mc_3._.js:719
[  619214ms] [LOG] [Fast Refresh] done in 407ms @ http://localhost:3000/_next/static/chunks/node_modules_next_dist_05y3oi5z9mc_3._.js:719
[  619289ms] [LOG] [Fast Refresh] done in 407ms @ http://localhost:3000/_next/static/chunks/node_modules_next_dist_05y3oi5z9mc_3._.js:719
[  619362ms] [LOG] [Fast Refresh] done in 407ms @ http://localhost:3000/_next/static/chunks/node_modules_next_dist_05y3oi5z9mc_3._.js:719
[  619443ms] [LOG] [Fast Refresh] done in 407ms @ http://localhost:3000/_next/static/chunks/node_modules_next_dist_05y3oi5z9mc_3._.js:719
[  619517ms] [LOG] [Fast Refresh] done in 407ms @ http://localhost:3000/_next/static/chunks/node_modules_next_dist_05y3oi5z9mc_3._.js:719
[  619590ms] [LOG] [Fast Refresh] done in 407ms @ http://localhost:3000/_next/static/chunks/node_modules_next_dist_05y3oi5z9mc_3._.js:719
[  619658ms] [LOG] [Fast Refresh] done in 407ms @ http://localhost:3000/_next/static/chunks/node_modules_next_dist_05y3oi5z9mc_3._.js:719
[  619727ms] [LOG] [Fast Refresh] done in 407ms @ http://localhost:3000/_next/static/chunks/node_modules_next_dist_05y3oi5z9mc_3._.js:719
[  619797ms] [LOG] [Fast Refresh] done in 407ms @ http://localhost:3000/_next/static/chunks/node_modules_next_dist_05y3oi5z9mc_3._.js:719
[  619863ms] [LOG] [Fast Refresh] done in 407ms @ http://localhost:3000/_next/static/chunks/node_modules_next_dist_05y3oi5z9mc_3._.js:719
[  619930ms] [LOG] [Fast Refresh] done in 407ms @ http://localhost:3000/_next/static/chunks/node_modules_next_dist_05y3oi5z9mc_3._.js:719
[  619999ms] [LOG] [Fast Refresh] done in 407ms @ http://localhost:3000/_next/static/chunks/node_modules_next_dist_05y3oi5z9mc_3._.js:719
[  620070ms] [LOG] [Fast Refresh] done in 407ms @ http://localhost:3000/_next/static/chunks/node_modules_next_dist_05y3oi5z9mc_3._.js:719
[  620138ms] [LOG] [Fast Refresh] done in 407ms @ http://localhost:3000/_next/static/chunks/node_modules_next_dist_05y3oi5z9mc_3._.js:719
[  620208ms] [LOG] [Fast Refresh] done in 407ms @ http://localhost:3000/_next/static/chunks/node_modules_next_dist_05y3oi5z9mc_3._.js:719
[  620279ms] [LOG] [Fast Refresh] done in 407ms @ http://localhost:3000/_next/static/chunks/node_modules_next_dist_05y3oi5z9mc_3._.js:719
[  620351ms] [LOG] [Fast Refresh] done in 407ms @ http://localhost:3000/_next/static/chunks/node_modules_next_dist_05y3oi5z9mc_3._.js:719
[  620425ms] [LOG] [Fast Refresh] done in 407ms @ http://localhost:3000/_next/static/chunks/node_modules_next_dist_05y3oi5z9mc_3._.js:719
[  620502ms] [LOG] [Fast Refresh] done in 407ms @ http://localhost:3000/_next/static/chunks/node_modules_next_dist_05y3oi5z9mc_3._.js:719
[  620579ms] [LOG] [Fast Refresh] done in 407ms @ http://localhost:3000/_next/static/chunks/node_modules_next_dist_05y3oi5z9mc_3._.js:719
[  620651ms] [LOG] [Fast Refresh] done in 407ms @ http://localhost:3000/_next/static/chunks/node_modules_next_dist_05y3oi5z9mc_3._.js:719
[  620726ms] [LOG] [Fast Refresh] done in 407ms @ http://localhost:3000/_next/static/chunks/node_modules_next_dist_05y3oi5z9mc_3._.js:719
[  620803ms] [LOG] [Fast Refresh] done in 407ms @ http://localhost:3000/_next/static/chunks/node_modules_next_dist_05y3oi5z9mc_3._.js:719
[  620885ms] [LOG] [Fast Refresh] done in 407ms @ http://localhost:3000/_next/static/chunks/node_modules_next_dist_05y3oi5z9mc_3._.js:719
[  620968ms] [LOG] [Fast Refresh] done in 407ms @ http://localhost:3000/_next/static/chunks/node_modules_next_dist_05y3oi5z9mc_3._.js:719
[  621045ms] [LOG] [Fast Refresh] done in 407ms @ http://localhost:3000/_next/static/chunks/node_modules_next_dist_05y3oi5z9mc_3._.js:719
[  621128ms] [LOG] [Fast Refresh] done in 407ms @ http://localhost:3000/_next/static/chunks/node_modules_next_dist_05y3oi5z9mc_3._.js:719
[  621208ms] [LOG] [Fast Refresh] done in 407ms @ http://localhost:3000/_next/static/chunks/node_modules_next_dist_05y3oi5z9mc_3._.js:719
[  621282ms] [LOG] [Fast Refresh] done in 407ms @ http://localhost:3000/_next/static/chunks/node_modules_next_dist_05y3oi5z9mc_3._.js:719
[  621353ms] [LOG] [Fast Refresh] done in 407ms @ http://localhost:3000/_next/static/chunks/node_modules_next_dist_05y3oi5z9mc_3._.js:719
[  621459ms] [LOG] [Fast Refresh] done in 407ms @ http://localhost:3000/_next/static/chunks/node_modules_next_dist_05y3oi5z9mc_3._.js:719
[  621530ms] [LOG] [Fast Refresh] done in 407ms @ http://localhost:3000/_next/static/chunks/node_modules_next_dist_05y3oi5z9mc_3._.js:719
[  621599ms] [LOG] [Fast Refresh] done in 407ms @ http://localhost:3000/_next/static/chunks/node_modules_next_dist_05y3oi5z9mc_3._.js:719
[  621668ms] [LOG] [Fast Refresh] done in 407ms @ http://localhost:3000/_next/static/chunks/node_modules_next_dist_05y3oi5z9mc_3._.js:719
[  621737ms] [LOG] [Fast Refresh] done in 407ms @ http://localhost:3000/_next/static/chunks/node_modules_next_dist_05y3oi5z9mc_3._.js:719
[  621805ms] [LOG] [Fast Refresh] done in 407ms @ http://localhost:3000/_next/static/chunks/node_modules_next_dist_05y3oi5z9mc_3._.js:719
[  621874ms] [LOG] [Fast Refresh] done in 407ms @ http://localhost:3000/_next/static/chunks/node_modules_next_dist_05y3oi5z9mc_3._.js:719
[  621943ms] [LOG] [Fast Refresh] done in 407ms @ http://localhost:3000/_next/static/chunks/node_modules_next_dist_05y3oi5z9mc_3._.js:719
[  622014ms] [LOG] [Fast Refresh] done in 407ms @ http://localhost:3000/_next/static/chunks/node_modules_next_dist_05y3oi5z9mc_3._.js:719
[  622089ms] [LOG] [Fast Refresh] done in 407ms @ http://localhost:3000/_next/static/chunks/node_modules_next_dist_05y3oi5z9mc_3._.js:719
[  622164ms] [LOG] [Fast Refresh] done in 407ms @ http://localhost:3000/_next/static/chunks/node_modules_next_dist_05y3oi5z9mc_3._.js:719
[  622242ms] [LOG] [Fast Refresh] done in 407ms @ http://localhost:3000/_next/static/chunks/node_modules_next_dist_05y3oi5z9mc_3._.js:719
[  622320ms] [LOG] [Fast Refresh] done in 407ms @ http://localhost:3000/_next/static/chunks/node_modules_next_dist_05y3oi5z9mc_3._.js:719
[  622397ms] [LOG] [Fast Refresh] done in 407ms @ http://localhost:3000/_next/static/chunks/node_modules_next_dist_05y3oi5z9mc_3._.js:719
[  622474ms] [LOG] [Fast Refresh] done in 407ms @ http://localhost:3000/_next/static/chunks/node_modules_next_dist_05y3oi5z9mc_3._.js:719
[  622554ms] [LOG] [Fast Refresh] done in 407ms @ http://localhost:3000/_next/static/chunks/node_modules_next_dist_05y3oi5z9mc_3._.js:719
[  622629ms] [LOG] [Fast Refresh] done in 407ms @ http://localhost:3000/_next/static/chunks/node_modules_next_dist_05y3oi5z9mc_3._.js:719
[  622699ms] [LOG] [Fast Refresh] done in 407ms @ http://localhost:3000/_next/static/chunks/node_modules_next_dist_05y3oi5z9mc_3._.js:719
[  622780ms] [LOG] [Fast Refresh] done in 407ms @ http://localhost:3000/_next/static/chunks/node_modules_next_dist_05y3oi5z9mc_3._.js:719
[  622857ms] [LOG] [Fast Refresh] done in 407ms @ http://localhost:3000/_next/static/chunks/node_modules_next_dist_05y3oi5z9mc_3._.js:719
[  622936ms] [LOG] [Fast Refresh] done in 407ms @ http://localhost:3000/_next/static/chunks/node_modules_next_dist_05y3oi5z9mc_3._.js:719
[  623006ms] [LOG] [Fast Refresh] done in 407ms @ http://localhost:3000/_next/static/chunks/node_modules_next_dist_05y3oi5z9mc_3._.js:719
[  623076ms] [LOG] [Fast Refresh] done in 407ms @ http://localhost:3000/_next/static/chunks/node_modules_next_dist_05y3oi5z9mc_3._.js:719
[  623146ms] [LOG] [Fast Refresh] done in 407ms @ http://localhost:3000/_next/static/chunks/node_modules_next_dist_05y3oi5z9mc_3._.js:719
[  623216ms] [LOG] [Fast Refresh] done in 407ms @ http://localhost:3000/_next/static/chunks/node_modules_next_dist_05y3oi5z9mc_3._.js:719
[  623286ms] [LOG] [Fast Refresh] done in 407ms @ http://localhost:3000/_next/static/chunks/node_modules_next_dist_05y3oi5z9mc_3._.js:719
[  623356ms] [LOG] [Fast Refresh] done in 407ms @ http://localhost:3000/_next/static/chunks/node_modules_next_dist_05y3oi5z9mc_3._.js:719
[  623427ms] [LOG] [Fast Refresh] done in 407ms @ http://localhost:3000/_next/static/chunks/node_modules_next_dist_05y3oi5z9mc_3._.js:719
[  623496ms] [LOG] [Fast Refresh] done in 407ms @ http://localhost:3000/_next/static/chunks/node_modules_next_dist_05y3oi5z9mc_3._.js:719
[  623564ms] [LOG] [Fast Refresh] done in 407ms @ http://localhost:3000/_next/static/chunks/node_modules_next_dist_05y3oi5z9mc_3._.js:719
[  623632ms] [LOG] [Fast Refresh] done in 407ms @ http://localhost:3000/_next/static/chunks/node_modules_next_dist_05y3oi5z9mc_3._.js:719
[  623703ms] [LOG] [Fast Refresh] done in 407ms @ http://localhost:3000/_next/static/chunks/node_modules_next_dist_05y3oi5z9mc_3._.js:719
[  623776ms] [LOG] [Fast Refresh] done in 407ms @ http://localhost:3000/_next/static/chunks/node_modules_next_dist_05y3oi5z9mc_3._.js:719
[  623845ms] [LOG] [Fast Refresh] done in 407ms @ http://localhost:3000/_next/static/chunks/node_modules_next_dist_05y3oi5z9mc_3._.js:719
[  623914ms] [LOG] [Fast Refresh] done in 407ms @ http://localhost:3000/_next/static/chunks/node_modules_next_dist_05y3oi5z9mc_3._.js:719
[  623985ms] [LOG] [Fast Refresh] done in 407ms @ http://localhost:3000/_next/static/chunks/node_modules_next_dist_05y3oi5z9mc_3._.js:719
[  624059ms] [LOG] [Fast Refresh] done in 407ms @ http://localhost:3000/_next/static/chunks/node_modules_next_dist_05y3oi5z9mc_3._.js:719
[  624135ms] [LOG] [Fast Refresh] done in 407ms @ http://localhost:3000/_next/static/chunks/node_modules_next_dist_05y3oi5z9mc_3._.js:719
[  624204ms] [LOG] [Fast Refresh] done in 407ms @ http://localhost:3000/_next/static/chunks/node_modules_next_dist_05y3oi5z9mc_3._.js:719
[  624272ms] [LOG] [Fast Refresh] done in 407ms @ http://localhost:3000/_next/static/chunks/node_modules_next_dist_05y3oi5z9mc_3._.js:719
[  624345ms] [LOG] [Fast Refresh] done in 407ms @ http://localhost:3000/_next/static/chunks/node_modules_next_dist_05y3oi5z9mc_3._.js:719
[  624409ms] [LOG] [Fast Refresh] done in 407ms @ http://localhost:3000/_next/static/chunks/node_modules_next_dist_05y3oi5z9mc_3._.js:719
[  624471ms] [LOG] [Fast Refresh] done in 407ms @ http://localhost:3000/_next/static/chunks/node_modules_next_dist_05y3oi5z9mc_3._.js:719
[  624542ms] [LOG] [Fast Refresh] done in 407ms @ http://localhost:3000/_next/static/chunks/node_modules_next_dist_05y3oi5z9mc_3._.js:719
[  624613ms] [LOG] [Fast Refresh] done in 407ms @ http://localhost:3000/_next/static/chunks/node_modules_next_dist_05y3oi5z9mc_3._.js:719
[  624681ms] [LOG] [Fast Refresh] done in 407ms @ http://localhost:3000/_next/static/chunks/node_modules_next_dist_05y3oi5z9mc_3._.js:719
[  624750ms] [LOG] [Fast Refresh] done in 407ms @ http://localhost:3000/_next/static/chunks/node_modules_next_dist_05y3oi5z9mc_3._.js:719
[  624820ms] [LOG] [Fast Refresh] done in 407ms @ http://localhost:3000/_next/static/chunks/node_modules_next_dist_05y3oi5z9mc_3._.js:719
[  624891ms] [LOG] [Fast Refresh] done in 407ms @ http://localhost:3000/_next/static/chunks/node_modules_next_dist_05y3oi5z9mc_3._.js:719
[  624964ms] [LOG] [Fast Refresh] done in 407ms @ http://localhost:3000/_next/static/chunks/node_modules_next_dist_05y3oi5z9mc_3._.js:719
[  625036ms] [LOG] [Fast Refresh] done in 407ms @ http://localhost:3000/_next/static/chunks/node_modules_next_dist_05y3oi5z9mc_3._.js:719
[  625108ms] [LOG] [Fast Refresh] done in 407ms @ http://localhost:3000/_next/static/chunks/node_modules_next_dist_05y3oi5z9mc_3._.js:719
[  625178ms] [LOG] [Fast Refresh] done in 407ms @ http://localhost:3000/_next/static/chunks/node_modules_next_dist_05y3oi5z9mc_3._.js:719
[  625249ms] [LOG] [Fast Refresh] done in 407ms @ http://localhost:3000/_next/static/chunks/node_modules_next_dist_05y3oi5z9mc_3._.js:719
[  625322ms] [LOG] [Fast Refresh] done in 407ms @ http://localhost:3000/_next/static/chunks/node_modules_next_dist_05y3oi5z9mc_3._.js:719
[  625394ms] [LOG] [Fast Refresh] done in 407ms @ http://localhost:3000/_next/static/chunks/node_modules_next_dist_05y3oi5z9mc_3._.js:719
[  625465ms] [LOG] [Fast Refresh] done in 407ms @ http://localhost:3000/_next/static/chunks/node_modules_next_dist_05y3oi5z9mc_3._.js:719
[  625538ms] [LOG] [Fast Refresh] done in 407ms @ http://localhost:3000/_next/static/chunks/node_modules_next_dist_05y3oi5z9mc_3._.js:719
[  625612ms] [LOG] [Fast Refresh] done in 407ms @ http://localhost:3000/_next/static/chunks/node_modules_next_dist_05y3oi5z9mc_3._.js:719
[  625685ms] [LOG] [Fast Refresh] done in 407ms @ http://localhost:3000/_next/static/chunks/node_modules_next_dist_05y3oi5z9mc_3._.js:719
[  625759ms] [LOG] [Fast Refresh] done in 407ms @ http://localhost:3000/_next/static/chunks/node_modules_next_dist_05y3oi5z9mc_3._.js:719
[  625836ms] [LOG] [Fast Refresh] done in 407ms @ http://localhost:3000/_next/static/chunks/node_modules_next_dist_05y3oi5z9mc_3._.js:719
[  625918ms] [LOG] [Fast Refresh] done in 407ms @ http://localhost:3000/_next/static/chunks/node_modules_next_dist_05y3oi5z9mc_3._.js:719
[  625999ms] [LOG] [Fast Refresh] done in 407ms @ http://localhost:3000/_next/static/chunks/node_modules_next_dist_05y3oi5z9mc_3._.js:719
[  626074ms] [LOG] [Fast Refresh] done in 407ms @ http://localhost:3000/_next/static/chunks/node_modules_next_dist_05y3oi5z9mc_3._.js:719
[  626155ms] [LOG] [Fast Refresh] done in 407ms @ http://localhost:3000/_next/static/chunks/node_modules_next_dist_05y3oi5z9mc_3._.js:719
[  626232ms] [LOG] [Fast Refresh] done in 407ms @ http://localhost:3000/_next/static/chunks/node_modules_next_dist_05y3oi5z9mc_3._.js:719
[  626308ms] [LOG] [Fast Refresh] done in 407ms @ http://localhost:3000/_next/static/chunks/node_modules_next_dist_05y3oi5z9mc_3._.js:719
[  626385ms] [LOG] [Fast Refresh] done in 407ms @ http://localhost:3000/_next/static/chunks/node_modules_next_dist_05y3oi5z9mc_3._.js:719
[  626462ms] [LOG] [Fast Refresh] done in 407ms @ http://localhost:3000/_next/static/chunks/node_modules_next_dist_05y3oi5z9mc_3._.js:719
[  626539ms] [LOG] [Fast Refresh] done in 407ms @ http://localhost:3000/_next/static/chunks/node_modules_next_dist_05y3oi5z9mc_3._.js:719
[  626616ms] [LOG] [Fast Refresh] done in 407ms @ http://localhost:3000/_next/static/chunks/node_modules_next_dist_05y3oi5z9mc_3._.js:719
[  626694ms] [LOG] [Fast Refresh] done in 407ms @ http://localhost:3000/_next/static/chunks/node_modules_next_dist_05y3oi5z9mc_3._.js:719
[  626774ms] [LOG] [Fast Refresh] done in 407ms @ http://localhost:3000/_next/static/chunks/node_modules_next_dist_05y3oi5z9mc_3._.js:719
[  626855ms] [LOG] [Fast Refresh] done in 407ms @ http://localhost:3000/_next/static/chunks/node_modules_next_dist_05y3oi5z9mc_3._.js:719
[  626939ms] [LOG] [Fast Refresh] done in 407ms @ http://localhost:3000/_next/static/chunks/node_modules_next_dist_05y3oi5z9mc_3._.js:719
[  627021ms] [LOG] [Fast Refresh] done in 407ms @ http://localhost:3000/_next/static/chunks/node_modules_next_dist_05y3oi5z9mc_3._.js:719
[  627104ms] [LOG] [Fast Refresh] done in 407ms @ http://localhost:3000/_next/static/chunks/node_modules_next_dist_05y3oi5z9mc_3._.js:719
[  627188ms] [LOG] [Fast Refresh] done in 407ms @ http://localhost:3000/_next/static/chunks/node_modules_next_dist_05y3oi5z9mc_3._.js:719
[  627268ms] [LOG] [Fast Refresh] done in 407ms @ http://localhost:3000/_next/static/chunks/node_modules_next_dist_05y3oi5z9mc_3._.js:719
[  627345ms] [LOG] [Fast Refresh] done in 407ms @ http://localhost:3000/_next/static/chunks/node_modules_next_dist_05y3oi5z9mc_3._.js:719
[  627422ms] [LOG] [Fast Refresh] done in 407ms @ http://localhost:3000/_next/static/chunks/node_modules_next_dist_05y3oi5z9mc_3._.js:719
[  627501ms] [LOG] [Fast Refresh] done in 407ms @ http://localhost:3000/_next/static/chunks/node_modules_next_dist_05y3oi5z9mc_3._.js:719
[  627582ms] [LOG] [Fast Refresh] done in 407ms @ http://localhost:3000/_next/static/chunks/node_modules_next_dist_05y3oi5z9mc_3._.js:719
[  627659ms] [LOG] [Fast Refresh] done in 407ms @ http://localhost:3000/_next/static/chunks/node_modules_next_dist_05y3oi5z9mc_3._.js:719
[  627736ms] [LOG] [Fast Refresh] done in 407ms @ http://localhost:3000/_next/static/chunks/node_modules_next_dist_05y3oi5z9mc_3._.js:719
[  627815ms] [LOG] [Fast Refresh] done in 407ms @ http://localhost:3000/_next/static/chunks/node_modules_next_dist_05y3oi5z9mc_3._.js:719
[  627896ms] [LOG] [Fast Refresh] done in 407ms @ http://localhost:3000/_next/static/chunks/node_modules_next_dist_05y3oi5z9mc_3._.js:719
[  627976ms] [LOG] [Fast Refresh] done in 407ms @ http://localhost:3000/_next/static/chunks/node_modules_next_dist_05y3oi5z9mc_3._.js:719
[  628057ms] [LOG] [Fast Refresh] done in 407ms @ http://localhost:3000/_next/static/chunks/node_modules_next_dist_05y3oi5z9mc_3._.js:719
[  628139ms] [LOG] [Fast Refresh] done in 407ms @ http://localhost:3000/_next/static/chunks/node_modules_next_dist_05y3oi5z9mc_3._.js:719
[  628224ms] [LOG] [Fast Refresh] done in 407ms @ http://localhost:3000/_next/static/chunks/node_modules_next_dist_05y3oi5z9mc_3._.js:719
[  628307ms] [LOG] [Fast Refresh] done in 407ms @ http://localhost:3000/_next/static/chunks/node_modules_next_dist_05y3oi5z9mc_3._.js:719
[  628387ms] [LOG] [Fast Refresh] done in 407ms @ http://localhost:3000/_next/static/chunks/node_modules_next_dist_05y3oi5z9mc_3._.js:719
[  628458ms] [LOG] [Fast Refresh] done in 407ms @ http://localhost:3000/_next/static/chunks/node_modules_next_dist_05y3oi5z9mc_3._.js:719
[  628526ms] [LOG] [Fast Refresh] done in 407ms @ http://localhost:3000/_next/static/chunks/node_modules_next_dist_05y3oi5z9mc_3._.js:719
[  628595ms] [LOG] [Fast Refresh] done in 407ms @ http://localhost:3000/_next/static/chunks/node_modules_next_dist_05y3oi5z9mc_3._.js:719
[  628664ms] [LOG] [Fast Refresh] done in 407ms @ http://localhost:3000/_next/static/chunks/node_modules_next_dist_05y3oi5z9mc_3._.js:719
[  628736ms] [LOG] [Fast Refresh] done in 407ms @ http://localhost:3000/_next/static/chunks/node_modules_next_dist_05y3oi5z9mc_3._.js:719
[  628810ms] [LOG] [Fast Refresh] done in 407ms @ http://localhost:3000/_next/static/chunks/node_modules_next_dist_05y3oi5z9mc_3._.js:719
[  628884ms] [LOG] [Fast Refresh] done in 407ms @ http://localhost:3000/_next/static/chunks/node_modules_next_dist_05y3oi5z9mc_3._.js:719
[  628961ms] [LOG] [Fast Refresh] done in 407ms @ http://localhost:3000/_next/static/chunks/node_modules_next_dist_05y3oi5z9mc_3._.js:719
[  629033ms] [LOG] [Fast Refresh] done in 407ms @ http://localhost:3000/_next/static/chunks/node_modules_next_dist_05y3oi5z9mc_3._.js:719
[  629102ms] [LOG] [Fast Refresh] done in 407ms @ http://localhost:3000/_next/static/chunks/node_modules_next_dist_05y3oi5z9mc_3._.js:719
[  629172ms] [LOG] [Fast Refresh] done in 407ms @ http://localhost:3000/_next/static/chunks/node_modules_next_dist_05y3oi5z9mc_3._.js:719
[  629243ms] [LOG] [Fast Refresh] done in 407ms @ http://localhost:3000/_next/static/chunks/node_modules_next_dist_05y3oi5z9mc_3._.js:719
[  629312ms] [LOG] [Fast Refresh] done in 407ms @ http://localhost:3000/_next/static/chunks/node_modules_next_dist_05y3oi5z9mc_3._.js:719
[  629382ms] [LOG] [Fast Refresh] done in 407ms @ http://localhost:3000/_next/static/chunks/node_modules_next_dist_05y3oi5z9mc_3._.js:719
[  629454ms] [LOG] [Fast Refresh] done in 407ms @ http://localhost:3000/_next/static/chunks/node_modules_next_dist_05y3oi5z9mc_3._.js:719
[  629526ms] [LOG] [Fast Refresh] done in 407ms @ http://localhost:3000/_next/static/chunks/node_modules_next_dist_05y3oi5z9mc_3._.js:719
[  629599ms] [LOG] [Fast Refresh] done in 407ms @ http://localhost:3000/_next/static/chunks/node_modules_next_dist_05y3oi5z9mc_3._.js:719
[  629668ms] [LOG] [Fast Refresh] done in 407ms @ http://localhost:3000/_next/static/chunks/node_modules_next_dist_05y3oi5z9mc_3._.js:719
[  629737ms] [LOG] [Fast Refresh] done in 407ms @ http://localhost:3000/_next/static/chunks/node_modules_next_dist_05y3oi5z9mc_3._.js:719
[  629808ms] [LOG] [Fast Refresh] done in 407ms @ http://localhost:3000/_next/static/chunks/node_modules_next_dist_05y3oi5z9mc_3._.js:719
[  629876ms] [LOG] [Fast Refresh] done in 407ms @ http://localhost:3000/_next/static/chunks/node_modules_next_dist_05y3oi5z9mc_3._.js:719
[  629945ms] [LOG] [Fast Refresh] done in 407ms @ http://localhost:3000/_next/static/chunks/node_modules_next_dist_05y3oi5z9mc_3._.js:719
[  630015ms] [LOG] [Fast Refresh] done in 407ms @ http://localhost:3000/_next/static/chunks/node_modules_next_dist_05y3oi5z9mc_3._.js:719
[  630084ms] [LOG] [Fast Refresh] done in 407ms @ http://localhost:3000/_next/static/chunks/node_modules_next_dist_05y3oi5z9mc_3._.js:719
[  630152ms] [LOG] [Fast Refresh] done in 407ms @ http://localhost:3000/_next/static/chunks/node_modules_next_dist_05y3oi5z9mc_3._.js:719
[  630221ms] [LOG] [Fast Refresh] done in 407ms @ http://localhost:3000/_next/static/chunks/node_modules_next_dist_05y3oi5z9mc_3._.js:719
[  630288ms] [LOG] [Fast Refresh] done in 407ms @ http://localhost:3000/_next/static/chunks/node_modules_next_dist_05y3oi5z9mc_3._.js:719
[  630357ms] [LOG] [Fast Refresh] done in 407ms @ http://localhost:3000/_next/static/chunks/node_modules_next_dist_05y3oi5z9mc_3._.js:719
[  630424ms] [LOG] [Fast Refresh] done in 407ms @ http://localhost:3000/_next/static/chunks/node_modules_next_dist_05y3oi5z9mc_3._.js:719
[  630496ms] [LOG] [Fast Refresh] done in 407ms @ http://localhost:3000/_next/static/chunks/node_modules_next_dist_05y3oi5z9mc_3._.js:719
[  630566ms] [LOG] [Fast Refresh] done in 407ms @ http://localhost:3000/_next/static/chunks/node_modules_next_dist_05y3oi5z9mc_3._.js:719
[  630638ms] [LOG] [Fast Refresh] done in 407ms @ http://localhost:3000/_next/static/chunks/node_modules_next_dist_05y3oi5z9mc_3._.js:719
[  630711ms] [LOG] [Fast Refresh] done in 407ms @ http://localhost:3000/_next/static/chunks/node_modules_next_dist_05y3oi5z9mc_3._.js:719
[  630784ms] [LOG] [Fast Refresh] done in 407ms @ http://localhost:3000/_next/static/chunks/node_modules_next_dist_05y3oi5z9mc_3._.js:719
[  630859ms] [LOG] [Fast Refresh] done in 407ms @ http://localhost:3000/_next/static/chunks/node_modules_next_dist_05y3oi5z9mc_3._.js:719
[  630932ms] [LOG] [Fast Refresh] done in 407ms @ http://localhost:3000/_next/static/chunks/node_modules_next_dist_05y3oi5z9mc_3._.js:719
[  631003ms] [LOG] [Fast Refresh] done in 407ms @ http://localhost:3000/_next/static/chunks/node_modules_next_dist_05y3oi5z9mc_3._.js:719
[  631073ms] [LOG] [Fast Refresh] done in 407ms @ http://localhost:3000/_next/static/chunks/node_modules_next_dist_05y3oi5z9mc_3._.js:719
[  631140ms] [LOG] [Fast Refresh] done in 407ms @ http://localhost:3000/_next/static/chunks/node_modules_next_dist_05y3oi5z9mc_3._.js:719
[  631210ms] [LOG] [Fast Refresh] done in 407ms @ http://localhost:3000/_next/static/chunks/node_modules_next_dist_05y3oi5z9mc_3._.js:719
[  631280ms] [LOG] [Fast Refresh] done in 407ms @ http://localhost:3000/_next/static/chunks/node_modules_next_dist_05y3oi5z9mc_3._.js:719
[  631347ms] [LOG] [Fast Refresh] done in 407ms @ http://localhost:3000/_next/static/chunks/node_modules_next_dist_05y3oi5z9mc_3._.js:719
[  631416ms] [LOG] [Fast Refresh] done in 407ms @ http://localhost:3000/_next/static/chunks/node_modules_next_dist_05y3oi5z9mc_3._.js:719
[  631485ms] [LOG] [Fast Refresh] done in 407ms @ http://localhost:3000/_next/static/chunks/node_modules_next_dist_05y3oi5z9mc_3._.js:719
[  631555ms] [LOG] [Fast Refresh] done in 407ms @ http://localhost:3000/_next/static/chunks/node_modules_next_dist_05y3oi5z9mc_3._.js:719
[  631624ms] [LOG] [Fast Refresh] done in 407ms @ http://localhost:3000/_next/static/chunks/node_modules_next_dist_05y3oi5z9mc_3._.js:719
[  631694ms] [LOG] [Fast Refresh] done in 407ms @ http://localhost:3000/_next/static/chunks/node_modules_next_dist_05y3oi5z9mc_3._.js:719
[  631765ms] [LOG] [Fast Refresh] done in 407ms @ http://localhost:3000/_next/static/chunks/node_modules_next_dist_05y3oi5z9mc_3._.js:719
[  631837ms] [LOG] [Fast Refresh] done in 407ms @ http://localhost:3000/_next/static/chunks/node_modules_next_dist_05y3oi5z9mc_3._.js:719
[  631908ms] [LOG] [Fast Refresh] done in 407ms @ http://localhost:3000/_next/static/chunks/node_modules_next_dist_05y3oi5z9mc_3._.js:719
[  631981ms] [LOG] [Fast Refresh] done in 407ms @ http://localhost:3000/_next/static/chunks/node_modules_next_dist_05y3oi5z9mc_3._.js:719
[  632053ms] [LOG] [Fast Refresh] done in 407ms @ http://localhost:3000/_next/static/chunks/node_modules_next_dist_05y3oi5z9mc_3._.js:719
[  632121ms] [LOG] [Fast Refresh] done in 407ms @ http://localhost:3000/_next/static/chunks/node_modules_next_dist_05y3oi5z9mc_3._.js:719
[  632191ms] [LOG] [Fast Refresh] done in 407ms @ http://localhost:3000/_next/static/chunks/node_modules_next_dist_05y3oi5z9mc_3._.js:719
[  632261ms] [LOG] [Fast Refresh] done in 407ms @ http://localhost:3000/_next/static/chunks/node_modules_next_dist_05y3oi5z9mc_3._.js:719
[  632333ms] [LOG] [Fast Refresh] done in 407ms @ http://localhost:3000/_next/static/chunks/node_modules_next_dist_05y3oi5z9mc_3._.js:719
[  632401ms] [LOG] [Fast Refresh] done in 407ms @ http://localhost:3000/_next/static/chunks/node_modules_next_dist_05y3oi5z9mc_3._.js:719
[  632470ms] [LOG] [Fast Refresh] done in 407ms @ http://localhost:3000/_next/static/chunks/node_modules_next_dist_05y3oi5z9mc_3._.js:719
[  632542ms] [LOG] [Fast Refresh] done in 407ms @ http://localhost:3000/_next/static/chunks/node_modules_next_dist_05y3oi5z9mc_3._.js:719
[  632614ms] [LOG] [Fast Refresh] done in 407ms @ http://localhost:3000/_next/static/chunks/node_modules_next_dist_05y3oi5z9mc_3._.js:719
[  632684ms] [LOG] [Fast Refresh] done in 407ms @ http://localhost:3000/_next/static/chunks/node_modules_next_dist_05y3oi5z9mc_3._.js:719
[  632756ms] [LOG] [Fast Refresh] done in 407ms @ http://localhost:3000/_next/static/chunks/node_modules_next_dist_05y3oi5z9mc_3._.js:719
[  632830ms] [LOG] [Fast Refresh] done in 407ms @ http://localhost:3000/_next/static/chunks/node_modules_next_dist_05y3oi5z9mc_3._.js:719
[  632899ms] [LOG] [Fast Refresh] done in 407ms @ http://localhost:3000/_next/static/chunks/node_modules_next_dist_05y3oi5z9mc_3._.js:719
[  632967ms] [LOG] [Fast Refresh] done in 407ms @ http://localhost:3000/_next/static/chunks/node_modules_next_dist_05y3oi5z9mc_3._.js:719
[  633036ms] [LOG] [Fast Refresh] done in 407ms @ http://localhost:3000/_next/static/chunks/node_modules_next_dist_05y3oi5z9mc_3._.js:719
[  633105ms] [LOG] [Fast Refresh] done in 407ms @ http://localhost:3000/_next/static/chunks/node_modules_next_dist_05y3oi5z9mc_3._.js:719
[  633175ms] [LOG] [Fast Refresh] done in 407ms @ http://localhost:3000/_next/static/chunks/node_modules_next_dist_05y3oi5z9mc_3._.js:719
[  633245ms] [LOG] [Fast Refresh] done in 407ms @ http://localhost:3000/_next/static/chunks/node_modules_next_dist_05y3oi5z9mc_3._.js:719
[  633315ms] [LOG] [Fast Refresh] done in 407ms @ http://localhost:3000/_next/static/chunks/node_modules_next_dist_05y3oi5z9mc_3._.js:719
[  633385ms] [LOG] [Fast Refresh] done in 407ms @ http://localhost:3000/_next/static/chunks/node_modules_next_dist_05y3oi5z9mc_3._.js:719
[  633457ms] [LOG] [Fast Refresh] done in 407ms @ http://localhost:3000/_next/static/chunks/node_modules_next_dist_05y3oi5z9mc_3._.js:719
[  633529ms] [LOG] [Fast Refresh] done in 407ms @ http://localhost:3000/_next/static/chunks/node_modules_next_dist_05y3oi5z9mc_3._.js:719
[  633603ms] [LOG] [Fast Refresh] done in 407ms @ http://localhost:3000/_next/static/chunks/node_modules_next_dist_05y3oi5z9mc_3._.js:719
[  633678ms] [LOG] [Fast Refresh] done in 407ms @ http://localhost:3000/_next/static/chunks/node_modules_next_dist_05y3oi5z9mc_3._.js:719
[  633753ms] [LOG] [Fast Refresh] done in 407ms @ http://localhost:3000/_next/static/chunks/node_modules_next_dist_05y3oi5z9mc_3._.js:719
[  633830ms] [LOG] [Fast Refresh] done in 407ms @ http://localhost:3000/_next/static/chunks/node_modules_next_dist_05y3oi5z9mc_3._.js:719
[  633910ms] [LOG] [Fast Refresh] done in 407ms @ http://localhost:3000/_next/static/chunks/node_modules_next_dist_05y3oi5z9mc_3._.js:719
[  633990ms] [LOG] [Fast Refresh] done in 407ms @ http://localhost:3000/_next/static/chunks/node_modules_next_dist_05y3oi5z9mc_3._.js:719
[  634069ms] [LOG] [Fast Refresh] done in 407ms @ http://localhost:3000/_next/static/chunks/node_modules_next_dist_05y3oi5z9mc_3._.js:719
[  634149ms] [LOG] [Fast Refresh] done in 407ms @ http://localhost:3000/_next/static/chunks/node_modules_next_dist_05y3oi5z9mc_3._.js:719
[  634230ms] [LOG] [Fast Refresh] done in 407ms @ http://localhost:3000/_next/static/chunks/node_modules_next_dist_05y3oi5z9mc_3._.js:719
[  634311ms] [LOG] [Fast Refresh] done in 407ms @ http://localhost:3000/_next/static/chunks/node_modules_next_dist_05y3oi5z9mc_3._.js:719
[  634392ms] [LOG] [Fast Refresh] done in 407ms @ http://localhost:3000/_next/static/chunks/node_modules_next_dist_05y3oi5z9mc_3._.js:719
[  634467ms] [LOG] [Fast Refresh] done in 407ms @ http://localhost:3000/_next/static/chunks/node_modules_next_dist_05y3oi5z9mc_3._.js:719
[  634543ms] [LOG] [Fast Refresh] done in 407ms @ http://localhost:3000/_next/static/chunks/node_modules_next_dist_05y3oi5z9mc_3._.js:719
[  634620ms] [LOG] [Fast Refresh] done in 407ms @ http://localhost:3000/_next/static/chunks/node_modules_next_dist_05y3oi5z9mc_3._.js:719
[  634699ms] [LOG] [Fast Refresh] done in 407ms @ http://localhost:3000/_next/static/chunks/node_modules_next_dist_05y3oi5z9mc_3._.js:719
[  634770ms] [LOG] [Fast Refresh] done in 407ms @ http://localhost:3000/_next/static/chunks/node_modules_next_dist_05y3oi5z9mc_3._.js:719
[  634842ms] [LOG] [Fast Refresh] done in 407ms @ http://localhost:3000/_next/static/chunks/node_modules_next_dist_05y3oi5z9mc_3._.js:719
[  634911ms] [LOG] [Fast Refresh] done in 407ms @ http://localhost:3000/_next/static/chunks/node_modules_next_dist_05y3oi5z9mc_3._.js:719
[  634981ms] [LOG] [Fast Refresh] done in 407ms @ http://localhost:3000/_next/static/chunks/node_modules_next_dist_05y3oi5z9mc_3._.js:719
[  635054ms] [LOG] [Fast Refresh] done in 407ms @ http://localhost:3000/_next/static/chunks/node_modules_next_dist_05y3oi5z9mc_3._.js:719
[  635128ms] [LOG] [Fast Refresh] done in 407ms @ http://localhost:3000/_next/static/chunks/node_modules_next_dist_05y3oi5z9mc_3._.js:719
[  635202ms] [LOG] [Fast Refresh] done in 407ms @ http://localhost:3000/_next/static/chunks/node_modules_next_dist_05y3oi5z9mc_3._.js:719
[  635278ms] [LOG] [Fast Refresh] done in 407ms @ http://localhost:3000/_next/static/chunks/node_modules_next_dist_05y3oi5z9mc_3._.js:719
[  635355ms] [LOG] [Fast Refresh] done in 407ms @ http://localhost:3000/_next/static/chunks/node_modules_next_dist_05y3oi5z9mc_3._.js:719
[  635437ms] [LOG] [Fast Refresh] done in 407ms @ http://localhost:3000/_next/static/chunks/node_modules_next_dist_05y3oi5z9mc_3._.js:719
[  635518ms] [LOG] [Fast Refresh] done in 407ms @ http://localhost:3000/_next/static/chunks/node_modules_next_dist_05y3oi5z9mc_3._.js:719
[  635599ms] [LOG] [Fast Refresh] done in 407ms @ http://localhost:3000/_next/static/chunks/node_modules_next_dist_05y3oi5z9mc_3._.js:719
[  635679ms] [LOG] [Fast Refresh] done in 407ms @ http://localhost:3000/_next/static/chunks/node_modules_next_dist_05y3oi5z9mc_3._.js:719
[  635759ms] [LOG] [Fast Refresh] done in 407ms @ http://localhost:3000/_next/static/chunks/node_modules_next_dist_05y3oi5z9mc_3._.js:719
[  635841ms] [LOG] [Fast Refresh] done in 407ms @ http://localhost:3000/_next/static/chunks/node_modules_next_dist_05y3oi5z9mc_3._.js:719
[  635924ms] [LOG] [Fast Refresh] done in 407ms @ http://localhost:3000/_next/static/chunks/node_modules_next_dist_05y3oi5z9mc_3._.js:719
[  636006ms] [LOG] [Fast Refresh] done in 407ms @ http://localhost:3000/_next/static/chunks/node_modules_next_dist_05y3oi5z9mc_3._.js:719
[  636089ms] [LOG] [Fast Refresh] done in 407ms @ http://localhost:3000/_next/static/chunks/node_modules_next_dist_05y3oi5z9mc_3._.js:719
[  636172ms] [LOG] [Fast Refresh] done in 407ms @ http://localhost:3000/_next/static/chunks/node_modules_next_dist_05y3oi5z9mc_3._.js:719
[  636255ms] [LOG] [Fast Refresh] done in 407ms @ http://localhost:3000/_next/static/chunks/node_modules_next_dist_05y3oi5z9mc_3._.js:719
[  636337ms] [LOG] [Fast Refresh] done in 407ms @ http://localhost:3000/_next/static/chunks/node_modules_next_dist_05y3oi5z9mc_3._.js:719
[  636420ms] [LOG] [Fast Refresh] done in 407ms @ http://localhost:3000/_next/static/chunks/node_modules_next_dist_05y3oi5z9mc_3._.js:719
[  636504ms] [LOG] [Fast Refresh] done in 407ms @ http://localhost:3000/_next/static/chunks/node_modules_next_dist_05y3oi5z9mc_3._.js:719
[  636587ms] [LOG] [Fast Refresh] done in 407ms @ http://localhost:3000/_next/static/chunks/node_modules_next_dist_05y3oi5z9mc_3._.js:719
[  636669ms] [LOG] [Fast Refresh] done in 407ms @ http://localhost:3000/_next/static/chunks/node_modules_next_dist_05y3oi5z9mc_3._.js:719
[  636753ms] [LOG] [Fast Refresh] done in 407ms @ http://localhost:3000/_next/static/chunks/node_modules_next_dist_05y3oi5z9mc_3._.js:719
[  636833ms] [LOG] [Fast Refresh] done in 407ms @ http://localhost:3000/_next/static/chunks/node_modules_next_dist_05y3oi5z9mc_3._.js:719
[  636909ms] [LOG] [Fast Refresh] done in 407ms @ http://localhost:3000/_next/static/chunks/node_modules_next_dist_05y3oi5z9mc_3._.js:719
[  636987ms] [LOG] [Fast Refresh] done in 407ms @ http://localhost:3000/_next/static/chunks/node_modules_next_dist_05y3oi5z9mc_3._.js:719
[  637067ms] [LOG] [Fast Refresh] done in 407ms @ http://localhost:3000/_next/static/chunks/node_modules_next_dist_05y3oi5z9mc_3._.js:719
[  637149ms] [LOG] [Fast Refresh] done in 407ms @ http://localhost:3000/_next/static/chunks/node_modules_next_dist_05y3oi5z9mc_3._.js:719
[  637225ms] [LOG] [Fast Refresh] done in 407ms @ http://localhost:3000/_next/static/chunks/node_modules_next_dist_05y3oi5z9mc_3._.js:719
[  637299ms] [LOG] [Fast Refresh] done in 407ms @ http://localhost:3000/_next/static/chunks/node_modules_next_dist_05y3oi5z9mc_3._.js:719
[  637371ms] [LOG] [Fast Refresh] done in 407ms @ http://localhost:3000/_next/static/chunks/node_modules_next_dist_05y3oi5z9mc_3._.js:719
[  637447ms] [LOG] [Fast Refresh] done in 407ms @ http://localhost:3000/_next/static/chunks/node_modules_next_dist_05y3oi5z9mc_3._.js:719
[  637521ms] [LOG] [Fast Refresh] done in 407ms @ http://localhost:3000/_next/static/chunks/node_modules_next_dist_05y3oi5z9mc_3._.js:719
[  637596ms] [LOG] [Fast Refresh] done in 407ms @ http://localhost:3000/_next/static/chunks/node_modules_next_dist_05y3oi5z9mc_3._.js:719
[  637670ms] [LOG] [Fast Refresh] done in 407ms @ http://localhost:3000/_next/static/chunks/node_modules_next_dist_05y3oi5z9mc_3._.js:719
[  637744ms] [LOG] [Fast Refresh] done in 407ms @ http://localhost:3000/_next/static/chunks/node_modules_next_dist_05y3oi5z9mc_3._.js:719
[  637820ms] [LOG] [Fast Refresh] done in 407ms @ http://localhost:3000/_next/static/chunks/node_modules_next_dist_05y3oi5z9mc_3._.js:719
[  637895ms] [LOG] [Fast Refresh] done in 407ms @ http://localhost:3000/_next/static/chunks/node_modules_next_dist_05y3oi5z9mc_3._.js:719
[  637973ms] [LOG] [Fast Refresh] done in 407ms @ http://localhost:3000/_next/static/chunks/node_modules_next_dist_05y3oi5z9mc_3._.js:719
[  638050ms] [LOG] [Fast Refresh] done in 407ms @ http://localhost:3000/_next/static/chunks/node_modules_next_dist_05y3oi5z9mc_3._.js:719
[  638129ms] [LOG] [Fast Refresh] done in 407ms @ http://localhost:3000/_next/static/chunks/node_modules_next_dist_05y3oi5z9mc_3._.js:719
[  638205ms] [LOG] [Fast Refresh] done in 407ms @ http://localhost:3000/_next/static/chunks/node_modules_next_dist_05y3oi5z9mc_3._.js:719
[  638284ms] [LOG] [Fast Refresh] done in 407ms @ http://localhost:3000/_next/static/chunks/node_modules_next_dist_05y3oi5z9mc_3._.js:719
[  638363ms] [LOG] [Fast Refresh] done in 407ms @ http://localhost:3000/_next/static/chunks/node_modules_next_dist_05y3oi5z9mc_3._.js:719
[  638432ms] [LOG] [Fast Refresh] done in 407ms @ http://localhost:3000/_next/static/chunks/node_modules_next_dist_05y3oi5z9mc_3._.js:719
[  638501ms] [LOG] [Fast Refresh] done in 407ms @ http://localhost:3000/_next/static/chunks/node_modules_next_dist_05y3oi5z9mc_3._.js:719
[  638570ms] [LOG] [Fast Refresh] done in 407ms @ http://localhost:3000/_next/static/chunks/node_modules_next_dist_05y3oi5z9mc_3._.js:719
[  638640ms] [LOG] [Fast Refresh] done in 407ms @ http://localhost:3000/_next/static/chunks/node_modules_next_dist_05y3oi5z9mc_3._.js:719
[  638709ms] [LOG] [Fast Refresh] done in 407ms @ http://localhost:3000/_next/static/chunks/node_modules_next_dist_05y3oi5z9mc_3._.js:719
[  638778ms] [LOG] [Fast Refresh] done in 407ms @ http://localhost:3000/_next/static/chunks/node_modules_next_dist_05y3oi5z9mc_3._.js:719
[  638847ms] [LOG] [Fast Refresh] done in 407ms @ http://localhost:3000/_next/static/chunks/node_modules_next_dist_05y3oi5z9mc_3._.js:719
[  638914ms] [LOG] [Fast Refresh] done in 407ms @ http://localhost:3000/_next/static/chunks/node_modules_next_dist_05y3oi5z9mc_3._.js:719
[  638982ms] [LOG] [Fast Refresh] done in 407ms @ http://localhost:3000/_next/static/chunks/node_modules_next_dist_05y3oi5z9mc_3._.js:719
[  639049ms] [LOG] [Fast Refresh] done in 407ms @ http://localhost:3000/_next/static/chunks/node_modules_next_dist_05y3oi5z9mc_3._.js:719
[  639118ms] [LOG] [Fast Refresh] done in 407ms @ http://localhost:3000/_next/static/chunks/node_modules_next_dist_05y3oi5z9mc_3._.js:719
[  639186ms] [LOG] [Fast Refresh] done in 407ms @ http://localhost:3000/_next/static/chunks/node_modules_next_dist_05y3oi5z9mc_3._.js:719
[  639255ms] [LOG] [Fast Refresh] done in 407ms @ http://localhost:3000/_next/static/chunks/node_modules_next_dist_05y3oi5z9mc_3._.js:719
[  639324ms] [LOG] [Fast Refresh] done in 407ms @ http://localhost:3000/_next/static/chunks/node_modules_next_dist_05y3oi5z9mc_3._.js:719
[  639393ms] [LOG] [Fast Refresh] done in 407ms @ http://localhost:3000/_next/static/chunks/node_modules_next_dist_05y3oi5z9mc_3._.js:719
[  639462ms] [LOG] [Fast Refresh] done in 407ms @ http://localhost:3000/_next/static/chunks/node_modules_next_dist_05y3oi5z9mc_3._.js:719
[  639530ms] [LOG] [Fast Refresh] done in 407ms @ http://localhost:3000/_next/static/chunks/node_modules_next_dist_05y3oi5z9mc_3._.js:719
[  639598ms] [LOG] [Fast Refresh] done in 407ms @ http://localhost:3000/_next/static/chunks/node_modules_next_dist_05y3oi5z9mc_3._.js:719
[  639664ms] [LOG] [Fast Refresh] done in 407ms @ http://localhost:3000/_next/static/chunks/node_modules_next_dist_05y3oi5z9mc_3._.js:719
[  639733ms] [LOG] [Fast Refresh] done in 407ms @ http://localhost:3000/_next/static/chunks/node_modules_next_dist_05y3oi5z9mc_3._.js:719
[  639804ms] [LOG] [Fast Refresh] done in 407ms @ http://localhost:3000/_next/static/chunks/node_modules_next_dist_05y3oi5z9mc_3._.js:719
[  639875ms] [LOG] [Fast Refresh] done in 407ms @ http://localhost:3000/_next/static/chunks/node_modules_next_dist_05y3oi5z9mc_3._.js:719
[  639944ms] [LOG] [Fast Refresh] done in 407ms @ http://localhost:3000/_next/static/chunks/node_modules_next_dist_05y3oi5z9mc_3._.js:719
[  640015ms] [LOG] [Fast Refresh] done in 407ms @ http://localhost:3000/_next/static/chunks/node_modules_next_dist_05y3oi5z9mc_3._.js:719
[  640081ms] [LOG] [Fast Refresh] done in 407ms @ http://localhost:3000/_next/static/chunks/node_modules_next_dist_05y3oi5z9mc_3._.js:719
[  640147ms] [LOG] [Fast Refresh] done in 407ms @ http://localhost:3000/_next/static/chunks/node_modules_next_dist_05y3oi5z9mc_3._.js:719
[  640215ms] [LOG] [Fast Refresh] done in 407ms @ http://localhost:3000/_next/static/chunks/node_modules_next_dist_05y3oi5z9mc_3._.js:719
[  640284ms] [LOG] [Fast Refresh] done in 407ms @ http://localhost:3000/_next/static/chunks/node_modules_next_dist_05y3oi5z9mc_3._.js:719
[  640357ms] [LOG] [Fast Refresh] done in 407ms @ http://localhost:3000/_next/static/chunks/node_modules_next_dist_05y3oi5z9mc_3._.js:719
[  640429ms] [LOG] [Fast Refresh] done in 407ms @ http://localhost:3000/_next/static/chunks/node_modules_next_dist_05y3oi5z9mc_3._.js:719
[  640502ms] [LOG] [Fast Refresh] done in 407ms @ http://localhost:3000/_next/static/chunks/node_modules_next_dist_05y3oi5z9mc_3._.js:719
[  640578ms] [LOG] [Fast Refresh] done in 407ms @ http://localhost:3000/_next/static/chunks/node_modules_next_dist_05y3oi5z9mc_3._.js:719
[  640658ms] [LOG] [Fast Refresh] done in 407ms @ http://localhost:3000/_next/static/chunks/node_modules_next_dist_05y3oi5z9mc_3._.js:719
[  640734ms] [LOG] [Fast Refresh] done in 407ms @ http://localhost:3000/_next/static/chunks/node_modules_next_dist_05y3oi5z9mc_3._.js:719
[  640809ms] [LOG] [Fast Refresh] done in 407ms @ http://localhost:3000/_next/static/chunks/node_modules_next_dist_05y3oi5z9mc_3._.js:719
[  640884ms] [LOG] [Fast Refresh] done in 407ms @ http://localhost:3000/_next/static/chunks/node_modules_next_dist_05y3oi5z9mc_3._.js:719
[  640961ms] [LOG] [Fast Refresh] done in 407ms @ http://localhost:3000/_next/static/chunks/node_modules_next_dist_05y3oi5z9mc_3._.js:719
[  641039ms] [LOG] [Fast Refresh] done in 407ms @ http://localhost:3000/_next/static/chunks/node_modules_next_dist_05y3oi5z9mc_3._.js:719
[  641116ms] [LOG] [Fast Refresh] done in 407ms @ http://localhost:3000/_next/static/chunks/node_modules_next_dist_05y3oi5z9mc_3._.js:719
[  641194ms] [LOG] [Fast Refresh] done in 407ms @ http://localhost:3000/_next/static/chunks/node_modules_next_dist_05y3oi5z9mc_3._.js:719
[  641270ms] [LOG] [Fast Refresh] done in 407ms @ http://localhost:3000/_next/static/chunks/node_modules_next_dist_05y3oi5z9mc_3._.js:719
[  641350ms] [LOG] [Fast Refresh] done in 407ms @ http://localhost:3000/_next/static/chunks/node_modules_next_dist_05y3oi5z9mc_3._.js:719
[  641429ms] [LOG] [Fast Refresh] done in 407ms @ http://localhost:3000/_next/static/chunks/node_modules_next_dist_05y3oi5z9mc_3._.js:719
[  641511ms] [LOG] [Fast Refresh] done in 407ms @ http://localhost:3000/_next/static/chunks/node_modules_next_dist_05y3oi5z9mc_3._.js:719
[  641591ms] [LOG] [Fast Refresh] done in 407ms @ http://localhost:3000/_next/static/chunks/node_modules_next_dist_05y3oi5z9mc_3._.js:719
[  641671ms] [LOG] [Fast Refresh] done in 407ms @ http://localhost:3000/_next/static/chunks/node_modules_next_dist_05y3oi5z9mc_3._.js:719
[  641749ms] [LOG] [Fast Refresh] done in 407ms @ http://localhost:3000/_next/static/chunks/node_modules_next_dist_05y3oi5z9mc_3._.js:719
[  641830ms] [LOG] [Fast Refresh] done in 407ms @ http://localhost:3000/_next/static/chunks/node_modules_next_dist_05y3oi5z9mc_3._.js:719
[  641912ms] [LOG] [Fast Refresh] done in 407ms @ http://localhost:3000/_next/static/chunks/node_modules_next_dist_05y3oi5z9mc_3._.js:719
[  641994ms] [LOG] [Fast Refresh] done in 407ms @ http://localhost:3000/_next/static/chunks/node_modules_next_dist_05y3oi5z9mc_3._.js:719
[  642091ms] [LOG] [Fast Refresh] done in 407ms @ http://localhost:3000/_next/static/chunks/node_modules_next_dist_05y3oi5z9mc_3._.js:719
[  642160ms] [LOG] [Fast Refresh] done in 407ms @ http://localhost:3000/_next/static/chunks/node_modules_next_dist_05y3oi5z9mc_3._.js:719
[  642231ms] [LOG] [Fast Refresh] done in 407ms @ http://localhost:3000/_next/static/chunks/node_modules_next_dist_05y3oi5z9mc_3._.js:719
[  642301ms] [LOG] [Fast Refresh] done in 407ms @ http://localhost:3000/_next/static/chunks/node_modules_next_dist_05y3oi5z9mc_3._.js:719
[  642375ms] [LOG] [Fast Refresh] done in 407ms @ http://localhost:3000/_next/static/chunks/node_modules_next_dist_05y3oi5z9mc_3._.js:719
[  642449ms] [LOG] [Fast Refresh] done in 407ms @ http://localhost:3000/_next/static/chunks/node_modules_next_dist_05y3oi5z9mc_3._.js:719
[  642518ms] [LOG] [Fast Refresh] done in 407ms @ http://localhost:3000/_next/static/chunks/node_modules_next_dist_05y3oi5z9mc_3._.js:719
[  642589ms] [LOG] [Fast Refresh] done in 407ms @ http://localhost:3000/_next/static/chunks/node_modules_next_dist_05y3oi5z9mc_3._.js:719
[  642659ms] [LOG] [Fast Refresh] done in 407ms @ http://localhost:3000/_next/static/chunks/node_modules_next_dist_05y3oi5z9mc_3._.js:719
[  642731ms] [LOG] [Fast Refresh] done in 407ms @ http://localhost:3000/_next/static/chunks/node_modules_next_dist_05y3oi5z9mc_3._.js:719
[  642804ms] [LOG] [Fast Refresh] done in 407ms @ http://localhost:3000/_next/static/chunks/node_modules_next_dist_05y3oi5z9mc_3._.js:719
[  642879ms] [LOG] [Fast Refresh] done in 407ms @ http://localhost:3000/_next/static/chunks/node_modules_next_dist_05y3oi5z9mc_3._.js:719
[  642952ms] [LOG] [Fast Refresh] done in 407ms @ http://localhost:3000/_next/static/chunks/node_modules_next_dist_05y3oi5z9mc_3._.js:719
[  643024ms] [LOG] [Fast Refresh] done in 407ms @ http://localhost:3000/_next/static/chunks/node_modules_next_dist_05y3oi5z9mc_3._.js:719
[  643094ms] [LOG] [Fast Refresh] done in 407ms @ http://localhost:3000/_next/static/chunks/node_modules_next_dist_05y3oi5z9mc_3._.js:719
[  643165ms] [LOG] [Fast Refresh] done in 407ms @ http://localhost:3000/_next/static/chunks/node_modules_next_dist_05y3oi5z9mc_3._.js:719
[  643238ms] [LOG] [Fast Refresh] done in 407ms @ http://localhost:3000/_next/static/chunks/node_modules_next_dist_05y3oi5z9mc_3._.js:719
[  643312ms] [LOG] [Fast Refresh] done in 407ms @ http://localhost:3000/_next/static/chunks/node_modules_next_dist_05y3oi5z9mc_3._.js:719
[  643384ms] [LOG] [Fast Refresh] done in 407ms @ http://localhost:3000/_next/static/chunks/node_modules_next_dist_05y3oi5z9mc_3._.js:719
[  643450ms] [LOG] [Fast Refresh] done in 407ms @ http://localhost:3000/_next/static/chunks/node_modules_next_dist_05y3oi5z9mc_3._.js:719
[  643519ms] [LOG] [Fast Refresh] done in 407ms @ http://localhost:3000/_next/static/chunks/node_modules_next_dist_05y3oi5z9mc_3._.js:719
[  643589ms] [LOG] [Fast Refresh] done in 407ms @ http://localhost:3000/_next/static/chunks/node_modules_next_dist_05y3oi5z9mc_3._.js:719
[  643658ms] [LOG] [Fast Refresh] done in 407ms @ http://localhost:3000/_next/static/chunks/node_modules_next_dist_05y3oi5z9mc_3._.js:719
[  643730ms] [LOG] [Fast Refresh] done in 407ms @ http://localhost:3000/_next/static/chunks/node_modules_next_dist_05y3oi5z9mc_3._.js:719
[  643800ms] [LOG] [Fast Refresh] done in 407ms @ http://localhost:3000/_next/static/chunks/node_modules_next_dist_05y3oi5z9mc_3._.js:719
[  643871ms] [LOG] [Fast Refresh] done in 407ms @ http://localhost:3000/_next/static/chunks/node_modules_next_dist_05y3oi5z9mc_3._.js:719
[  643944ms] [LOG] [Fast Refresh] done in 407ms @ http://localhost:3000/_next/static/chunks/node_modules_next_dist_05y3oi5z9mc_3._.js:719
[  644017ms] [LOG] [Fast Refresh] done in 407ms @ http://localhost:3000/_next/static/chunks/node_modules_next_dist_05y3oi5z9mc_3._.js:719
[  644093ms] [LOG] [Fast Refresh] done in 407ms @ http://localhost:3000/_next/static/chunks/node_modules_next_dist_05y3oi5z9mc_3._.js:719
[  644170ms] [LOG] [Fast Refresh] done in 407ms @ http://localhost:3000/_next/static/chunks/node_modules_next_dist_05y3oi5z9mc_3._.js:719
[  644247ms] [LOG] [Fast Refresh] done in 407ms @ http://localhost:3000/_next/static/chunks/node_modules_next_dist_05y3oi5z9mc_3._.js:719
[  644336ms] [LOG] [Fast Refresh] done in 407ms @ http://localhost:3000/_next/static/chunks/node_modules_next_dist_05y3oi5z9mc_3._.js:719
[  644413ms] [LOG] [Fast Refresh] done in 407ms @ http://localhost:3000/_next/static/chunks/node_modules_next_dist_05y3oi5z9mc_3._.js:719
[  644492ms] [LOG] [Fast Refresh] done in 407ms @ http://localhost:3000/_next/static/chunks/node_modules_next_dist_05y3oi5z9mc_3._.js:719
[  644573ms] [LOG] [Fast Refresh] done in 407ms @ http://localhost:3000/_next/static/chunks/node_modules_next_dist_05y3oi5z9mc_3._.js:719
[  644652ms] [LOG] [Fast Refresh] done in 407ms @ http://localhost:3000/_next/static/chunks/node_modules_next_dist_05y3oi5z9mc_3._.js:719
[  644725ms] [LOG] [Fast Refresh] done in 407ms @ http://localhost:3000/_next/static/chunks/node_modules_next_dist_05y3oi5z9mc_3._.js:719
[  644798ms] [LOG] [Fast Refresh] done in 407ms @ http://localhost:3000/_next/static/chunks/node_modules_next_dist_05y3oi5z9mc_3._.js:719
[  644869ms] [LOG] [Fast Refresh] done in 407ms @ http://localhost:3000/_next/static/chunks/node_modules_next_dist_05y3oi5z9mc_3._.js:719
[  644939ms] [LOG] [Fast Refresh] done in 407ms @ http://localhost:3000/_next/static/chunks/node_modules_next_dist_05y3oi5z9mc_3._.js:719
[  645009ms] [LOG] [Fast Refresh] done in 407ms @ http://localhost:3000/_next/static/chunks/node_modules_next_dist_05y3oi5z9mc_3._.js:719
[  645081ms] [LOG] [Fast Refresh] done in 407ms @ http://localhost:3000/_next/static/chunks/node_modules_next_dist_05y3oi5z9mc_3._.js:719
[  645151ms] [LOG] [Fast Refresh] done in 407ms @ http://localhost:3000/_next/static/chunks/node_modules_next_dist_05y3oi5z9mc_3._.js:719
[  645222ms] [LOG] [Fast Refresh] done in 407ms @ http://localhost:3000/_next/static/chunks/node_modules_next_dist_05y3oi5z9mc_3._.js:719
[  645294ms] [LOG] [Fast Refresh] done in 407ms @ http://localhost:3000/_next/static/chunks/node_modules_next_dist_05y3oi5z9mc_3._.js:719
[  645366ms] [LOG] [Fast Refresh] done in 407ms @ http://localhost:3000/_next/static/chunks/node_modules_next_dist_05y3oi5z9mc_3._.js:719
[  645435ms] [LOG] [Fast Refresh] done in 407ms @ http://localhost:3000/_next/static/chunks/node_modules_next_dist_05y3oi5z9mc_3._.js:719
[  645504ms] [LOG] [Fast Refresh] done in 407ms @ http://localhost:3000/_next/static/chunks/node_modules_next_dist_05y3oi5z9mc_3._.js:719
[  645571ms] [LOG] [Fast Refresh] done in 407ms @ http://localhost:3000/_next/static/chunks/node_modules_next_dist_05y3oi5z9mc_3._.js:719
[  645640ms] [LOG] [Fast Refresh] done in 407ms @ http://localhost:3000/_next/static/chunks/node_modules_next_dist_05y3oi5z9mc_3._.js:719
[  645710ms] [LOG] [Fast Refresh] done in 407ms @ http://localhost:3000/_next/static/chunks/node_modules_next_dist_05y3oi5z9mc_3._.js:719
[  645782ms] [LOG] [Fast Refresh] done in 407ms @ http://localhost:3000/_next/static/chunks/node_modules_next_dist_05y3oi5z9mc_3._.js:719
[  645856ms] [LOG] [Fast Refresh] done in 407ms @ http://localhost:3000/_next/static/chunks/node_modules_next_dist_05y3oi5z9mc_3._.js:719
[  645930ms] [LOG] [Fast Refresh] done in 407ms @ http://localhost:3000/_next/static/chunks/node_modules_next_dist_05y3oi5z9mc_3._.js:719
[  646008ms] [LOG] [Fast Refresh] done in 407ms @ http://localhost:3000/_next/static/chunks/node_modules_next_dist_05y3oi5z9mc_3._.js:719
[  646088ms] [LOG] [Fast Refresh] done in 407ms @ http://localhost:3000/_next/static/chunks/node_modules_next_dist_05y3oi5z9mc_3._.js:719
[  646166ms] [LOG] [Fast Refresh] done in 407ms @ http://localhost:3000/_next/static/chunks/node_modules_next_dist_05y3oi5z9mc_3._.js:719
[  646236ms] [LOG] [Fast Refresh] done in 407ms @ http://localhost:3000/_next/static/chunks/node_modules_next_dist_05y3oi5z9mc_3._.js:719
[  646305ms] [LOG] [Fast Refresh] done in 407ms @ http://localhost:3000/_next/static/chunks/node_modules_next_dist_05y3oi5z9mc_3._.js:719
[  646373ms] [LOG] [Fast Refresh] done in 407ms @ http://localhost:3000/_next/static/chunks/node_modules_next_dist_05y3oi5z9mc_3._.js:719
[  646442ms] [LOG] [Fast Refresh] done in 407ms @ http://localhost:3000/_next/static/chunks/node_modules_next_dist_05y3oi5z9mc_3._.js:719
[  646514ms] [LOG] [Fast Refresh] done in 407ms @ http://localhost:3000/_next/static/chunks/node_modules_next_dist_05y3oi5z9mc_3._.js:719
[  646584ms] [LOG] [Fast Refresh] done in 407ms @ http://localhost:3000/_next/static/chunks/node_modules_next_dist_05y3oi5z9mc_3._.js:719
[  646656ms] [LOG] [Fast Refresh] done in 407ms @ http://localhost:3000/_next/static/chunks/node_modules_next_dist_05y3oi5z9mc_3._.js:719
[  646728ms] [LOG] [Fast Refresh] done in 407ms @ http://localhost:3000/_next/static/chunks/node_modules_next_dist_05y3oi5z9mc_3._.js:719
[  646803ms] [LOG] [Fast Refresh] done in 407ms @ http://localhost:3000/_next/static/chunks/node_modules_next_dist_05y3oi5z9mc_3._.js:719
[  646883ms] [LOG] [Fast Refresh] done in 407ms @ http://localhost:3000/_next/static/chunks/node_modules_next_dist_05y3oi5z9mc_3._.js:719
[  646964ms] [LOG] [Fast Refresh] done in 407ms @ http://localhost:3000/_next/static/chunks/node_modules_next_dist_05y3oi5z9mc_3._.js:719
[  647039ms] [LOG] [Fast Refresh] done in 407ms @ http://localhost:3000/_next/static/chunks/node_modules_next_dist_05y3oi5z9mc_3._.js:719
[  647121ms] [LOG] [Fast Refresh] done in 407ms @ http://localhost:3000/_next/static/chunks/node_modules_next_dist_05y3oi5z9mc_3._.js:719
[  647204ms] [LOG] [Fast Refresh] done in 407ms @ http://localhost:3000/_next/static/chunks/node_modules_next_dist_05y3oi5z9mc_3._.js:719
[  647288ms] [LOG] [Fast Refresh] done in 407ms @ http://localhost:3000/_next/static/chunks/node_modules_next_dist_05y3oi5z9mc_3._.js:719
[  647360ms] [LOG] [Fast Refresh] done in 407ms @ http://localhost:3000/_next/static/chunks/node_modules_next_dist_05y3oi5z9mc_3._.js:719
[  647434ms] [LOG] [Fast Refresh] done in 407ms @ http://localhost:3000/_next/static/chunks/node_modules_next_dist_05y3oi5z9mc_3._.js:719
[  647510ms] [LOG] [Fast Refresh] done in 407ms @ http://localhost:3000/_next/static/chunks/node_modules_next_dist_05y3oi5z9mc_3._.js:719
[  647588ms] [LOG] [Fast Refresh] done in 407ms @ http://localhost:3000/_next/static/chunks/node_modules_next_dist_05y3oi5z9mc_3._.js:719
[  647660ms] [LOG] [Fast Refresh] done in 407ms @ http://localhost:3000/_next/static/chunks/node_modules_next_dist_05y3oi5z9mc_3._.js:719
[  647733ms] [LOG] [Fast Refresh] done in 407ms @ http://localhost:3000/_next/static/chunks/node_modules_next_dist_05y3oi5z9mc_3._.js:719
[  647808ms] [LOG] [Fast Refresh] done in 407ms @ http://localhost:3000/_next/static/chunks/node_modules_next_dist_05y3oi5z9mc_3._.js:719
[  647879ms] [LOG] [Fast Refresh] done in 407ms @ http://localhost:3000/_next/static/chunks/node_modules_next_dist_05y3oi5z9mc_3._.js:719
[  647958ms] [LOG] [Fast Refresh] done in 407ms @ http://localhost:3000/_next/static/chunks/node_modules_next_dist_05y3oi5z9mc_3._.js:719
[  648036ms] [LOG] [Fast Refresh] done in 407ms @ http://localhost:3000/_next/static/chunks/node_modules_next_dist_05y3oi5z9mc_3._.js:719
[  648113ms] [LOG] [Fast Refresh] done in 407ms @ http://localhost:3000/_next/static/chunks/node_modules_next_dist_05y3oi5z9mc_3._.js:719
[  648189ms] [LOG] [Fast Refresh] done in 407ms @ http://localhost:3000/_next/static/chunks/node_modules_next_dist_05y3oi5z9mc_3._.js:719
[  648266ms] [LOG] [Fast Refresh] done in 407ms @ http://localhost:3000/_next/static/chunks/node_modules_next_dist_05y3oi5z9mc_3._.js:719
[  648340ms] [LOG] [Fast Refresh] done in 407ms @ http://localhost:3000/_next/static/chunks/node_modules_next_dist_05y3oi5z9mc_3._.js:719
[  648415ms] [LOG] [Fast Refresh] done in 407ms @ http://localhost:3000/_next/static/chunks/node_modules_next_dist_05y3oi5z9mc_3._.js:719
[  648489ms] [LOG] [Fast Refresh] done in 407ms @ http://localhost:3000/_next/static/chunks/node_modules_next_dist_05y3oi5z9mc_3._.js:719
[  648562ms] [LOG] [Fast Refresh] done in 407ms @ http://localhost:3000/_next/static/chunks/node_modules_next_dist_05y3oi5z9mc_3._.js:719
[  648636ms] [LOG] [Fast Refresh] done in 407ms @ http://localhost:3000/_next/static/chunks/node_modules_next_dist_05y3oi5z9mc_3._.js:719
[  648710ms] [LOG] [Fast Refresh] done in 407ms @ http://localhost:3000/_next/static/chunks/node_modules_next_dist_05y3oi5z9mc_3._.js:719
[  648786ms] [LOG] [Fast Refresh] done in 407ms @ http://localhost:3000/_next/static/chunks/node_modules_next_dist_05y3oi5z9mc_3._.js:719
[  648863ms] [LOG] [Fast Refresh] done in 407ms @ http://localhost:3000/_next/static/chunks/node_modules_next_dist_05y3oi5z9mc_3._.js:719
[  648937ms] [LOG] [Fast Refresh] done in 407ms @ http://localhost:3000/_next/static/chunks/node_modules_next_dist_05y3oi5z9mc_3._.js:719
[  649008ms] [LOG] [Fast Refresh] done in 407ms @ http://localhost:3000/_next/static/chunks/node_modules_next_dist_05y3oi5z9mc_3._.js:719
[  649078ms] [LOG] [Fast Refresh] done in 407ms @ http://localhost:3000/_next/static/chunks/node_modules_next_dist_05y3oi5z9mc_3._.js:719
[  649147ms] [LOG] [Fast Refresh] done in 407ms @ http://localhost:3000/_next/static/chunks/node_modules_next_dist_05y3oi5z9mc_3._.js:719
[  649217ms] [LOG] [Fast Refresh] done in 407ms @ http://localhost:3000/_next/static/chunks/node_modules_next_dist_05y3oi5z9mc_3._.js:719
[  649287ms] [LOG] [Fast Refresh] done in 407ms @ http://localhost:3000/_next/static/chunks/node_modules_next_dist_05y3oi5z9mc_3._.js:719
[  649358ms] [LOG] [Fast Refresh] done in 407ms @ http://localhost:3000/_next/static/chunks/node_modules_next_dist_05y3oi5z9mc_3._.js:719
[  649426ms] [LOG] [Fast Refresh] done in 407ms @ http://localhost:3000/_next/static/chunks/node_modules_next_dist_05y3oi5z9mc_3._.js:719
[  649494ms] [LOG] [Fast Refresh] done in 407ms @ http://localhost:3000/_next/static/chunks/node_modules_next_dist_05y3oi5z9mc_3._.js:719
[  649564ms] [LOG] [Fast Refresh] done in 407ms @ http://localhost:3000/_next/static/chunks/node_modules_next_dist_05y3oi5z9mc_3._.js:719
[  649638ms] [LOG] [Fast Refresh] done in 407ms @ http://localhost:3000/_next/static/chunks/node_modules_next_dist_05y3oi5z9mc_3._.js:719
[  649711ms] [LOG] [Fast Refresh] done in 407ms @ http://localhost:3000/_next/static/chunks/node_modules_next_dist_05y3oi5z9mc_3._.js:719
[  649780ms] [LOG] [Fast Refresh] done in 407ms @ http://localhost:3000/_next/static/chunks/node_modules_next_dist_05y3oi5z9mc_3._.js:719
[  649849ms] [LOG] [Fast Refresh] done in 407ms @ http://localhost:3000/_next/static/chunks/node_modules_next_dist_05y3oi5z9mc_3._.js:719
[  649917ms] [LOG] [Fast Refresh] done in 407ms @ http://localhost:3000/_next/static/chunks/node_modules_next_dist_05y3oi5z9mc_3._.js:719
[  649985ms] [LOG] [Fast Refresh] done in 407ms @ http://localhost:3000/_next/static/chunks/node_modules_next_dist_05y3oi5z9mc_3._.js:719
[  650053ms] [LOG] [Fast Refresh] done in 407ms @ http://localhost:3000/_next/static/chunks/node_modules_next_dist_05y3oi5z9mc_3._.js:719
[  650126ms] [LOG] [Fast Refresh] done in 407ms @ http://localhost:3000/_next/static/chunks/node_modules_next_dist_05y3oi5z9mc_3._.js:719
[  650198ms] [LOG] [Fast Refresh] done in 407ms @ http://localhost:3000/_next/static/chunks/node_modules_next_dist_05y3oi5z9mc_3._.js:719
[  650274ms] [LOG] [Fast Refresh] done in 407ms @ http://localhost:3000/_next/static/chunks/node_modules_next_dist_05y3oi5z9mc_3._.js:719
[  650343ms] [LOG] [Fast Refresh] done in 407ms @ http://localhost:3000/_next/static/chunks/node_modules_next_dist_05y3oi5z9mc_3._.js:719
[  650414ms] [LOG] [Fast Refresh] done in 407ms @ http://localhost:3000/_next/static/chunks/node_modules_next_dist_05y3oi5z9mc_3._.js:719
[  650493ms] [LOG] [Fast Refresh] done in 407ms @ http://localhost:3000/_next/static/chunks/node_modules_next_dist_05y3oi5z9mc_3._.js:719
[  650575ms] [LOG] [Fast Refresh] done in 407ms @ http://localhost:3000/_next/static/chunks/node_modules_next_dist_05y3oi5z9mc_3._.js:719
[  650657ms] [LOG] [Fast Refresh] done in 407ms @ http://localhost:3000/_next/static/chunks/node_modules_next_dist_05y3oi5z9mc_3._.js:719
[  650736ms] [LOG] [Fast Refresh] done in 407ms @ http://localhost:3000/_next/static/chunks/node_modules_next_dist_05y3oi5z9mc_3._.js:719
[  650818ms] [LOG] [Fast Refresh] done in 407ms @ http://localhost:3000/_next/static/chunks/node_modules_next_dist_05y3oi5z9mc_3._.js:719
[  650902ms] [LOG] [Fast Refresh] done in 407ms @ http://localhost:3000/_next/static/chunks/node_modules_next_dist_05y3oi5z9mc_3._.js:719
[  650984ms] [LOG] [Fast Refresh] done in 407ms @ http://localhost:3000/_next/static/chunks/node_modules_next_dist_05y3oi5z9mc_3._.js:719
[  651066ms] [LOG] [Fast Refresh] done in 407ms @ http://localhost:3000/_next/static/chunks/node_modules_next_dist_05y3oi5z9mc_3._.js:719
[  651144ms] [LOG] [Fast Refresh] done in 407ms @ http://localhost:3000/_next/static/chunks/node_modules_next_dist_05y3oi5z9mc_3._.js:719
[  651227ms] [LOG] [Fast Refresh] done in 407ms @ http://localhost:3000/_next/static/chunks/node_modules_next_dist_05y3oi5z9mc_3._.js:719
[  651298ms] [LOG] [Fast Refresh] done in 407ms @ http://localhost:3000/_next/static/chunks/node_modules_next_dist_05y3oi5z9mc_3._.js:719
[  651380ms] [LOG] [Fast Refresh] done in 407ms @ http://localhost:3000/_next/static/chunks/node_modules_next_dist_05y3oi5z9mc_3._.js:719
[  651484ms] [LOG] [Fast Refresh] done in 407ms @ http://localhost:3000/_next/static/chunks/node_modules_next_dist_05y3oi5z9mc_3._.js:719
[  651554ms] [LOG] [Fast Refresh] done in 407ms @ http://localhost:3000/_next/static/chunks/node_modules_next_dist_05y3oi5z9mc_3._.js:719
[  651624ms] [LOG] [Fast Refresh] done in 407ms @ http://localhost:3000/_next/static/chunks/node_modules_next_dist_05y3oi5z9mc_3._.js:719
[  651696ms] [LOG] [Fast Refresh] done in 407ms @ http://localhost:3000/_next/static/chunks/node_modules_next_dist_05y3oi5z9mc_3._.js:719
[  651767ms] [LOG] [Fast Refresh] done in 407ms @ http://localhost:3000/_next/static/chunks/node_modules_next_dist_05y3oi5z9mc_3._.js:719
[  651840ms] [LOG] [Fast Refresh] done in 407ms @ http://localhost:3000/_next/static/chunks/node_modules_next_dist_05y3oi5z9mc_3._.js:719
[  651913ms] [LOG] [Fast Refresh] done in 407ms @ http://localhost:3000/_next/static/chunks/node_modules_next_dist_05y3oi5z9mc_3._.js:719
[  651981ms] [LOG] [Fast Refresh] done in 407ms @ http://localhost:3000/_next/static/chunks/node_modules_next_dist_05y3oi5z9mc_3._.js:719
[  652051ms] [LOG] [Fast Refresh] done in 407ms @ http://localhost:3000/_next/static/chunks/node_modules_next_dist_05y3oi5z9mc_3._.js:719
[  652122ms] [LOG] [Fast Refresh] done in 407ms @ http://localhost:3000/_next/static/chunks/node_modules_next_dist_05y3oi5z9mc_3._.js:719
[  652197ms] [LOG] [Fast Refresh] done in 407ms @ http://localhost:3000/_next/static/chunks/node_modules_next_dist_05y3oi5z9mc_3._.js:719
[  652274ms] [LOG] [Fast Refresh] done in 407ms @ http://localhost:3000/_next/static/chunks/node_modules_next_dist_05y3oi5z9mc_3._.js:719
[  652351ms] [LOG] [Fast Refresh] done in 407ms @ http://localhost:3000/_next/static/chunks/node_modules_next_dist_05y3oi5z9mc_3._.js:719
[  652425ms] [LOG] [Fast Refresh] done in 407ms @ http://localhost:3000/_next/static/chunks/node_modules_next_dist_05y3oi5z9mc_3._.js:719
[  652496ms] [LOG] [Fast Refresh] done in 407ms @ http://localhost:3000/_next/static/chunks/node_modules_next_dist_05y3oi5z9mc_3._.js:719
[  652566ms] [LOG] [Fast Refresh] done in 407ms @ http://localhost:3000/_next/static/chunks/node_modules_next_dist_05y3oi5z9mc_3._.js:719
[  652633ms] [LOG] [Fast Refresh] done in 407ms @ http://localhost:3000/_next/static/chunks/node_modules_next_dist_05y3oi5z9mc_3._.js:719
[  652709ms] [LOG] [Fast Refresh] done in 407ms @ http://localhost:3000/_next/static/chunks/node_modules_next_dist_05y3oi5z9mc_3._.js:719
[  652779ms] [LOG] [Fast Refresh] done in 407ms @ http://localhost:3000/_next/static/chunks/node_modules_next_dist_05y3oi5z9mc_3._.js:719
[  652848ms] [LOG] [Fast Refresh] done in 407ms @ http://localhost:3000/_next/static/chunks/node_modules_next_dist_05y3oi5z9mc_3._.js:719
[  652918ms] [LOG] [Fast Refresh] done in 407ms @ http://localhost:3000/_next/static/chunks/node_modules_next_dist_05y3oi5z9mc_3._.js:719
[  652993ms] [LOG] [Fast Refresh] done in 407ms @ http://localhost:3000/_next/static/chunks/node_modules_next_dist_05y3oi5z9mc_3._.js:719
[  653066ms] [LOG] [Fast Refresh] done in 407ms @ http://localhost:3000/_next/static/chunks/node_modules_next_dist_05y3oi5z9mc_3._.js:719
[  653135ms] [LOG] [Fast Refresh] done in 407ms @ http://localhost:3000/_next/static/chunks/node_modules_next_dist_05y3oi5z9mc_3._.js:719
[  653205ms] [LOG] [Fast Refresh] done in 407ms @ http://localhost:3000/_next/static/chunks/node_modules_next_dist_05y3oi5z9mc_3._.js:719
[  653277ms] [LOG] [Fast Refresh] done in 407ms @ http://localhost:3000/_next/static/chunks/node_modules_next_dist_05y3oi5z9mc_3._.js:719
[  653348ms] [LOG] [Fast Refresh] done in 407ms @ http://localhost:3000/_next/static/chunks/node_modules_next_dist_05y3oi5z9mc_3._.js:719
[  653417ms] [LOG] [Fast Refresh] done in 407ms @ http://localhost:3000/_next/static/chunks/node_modules_next_dist_05y3oi5z9mc_3._.js:719
[  653491ms] [LOG] [Fast Refresh] done in 407ms @ http://localhost:3000/_next/static/chunks/node_modules_next_dist_05y3oi5z9mc_3._.js:719
[  653566ms] [LOG] [Fast Refresh] done in 407ms @ http://localhost:3000/_next/static/chunks/node_modules_next_dist_05y3oi5z9mc_3._.js:719
[  653643ms] [LOG] [Fast Refresh] done in 407ms @ http://localhost:3000/_next/static/chunks/node_modules_next_dist_05y3oi5z9mc_3._.js:719
[  653714ms] [LOG] [Fast Refresh] done in 407ms @ http://localhost:3000/_next/static/chunks/node_modules_next_dist_05y3oi5z9mc_3._.js:719
[  653786ms] [LOG] [Fast Refresh] done in 407ms @ http://localhost:3000/_next/static/chunks/node_modules_next_dist_05y3oi5z9mc_3._.js:719
[  653860ms] [LOG] [Fast Refresh] done in 407ms @ http://localhost:3000/_next/static/chunks/node_modules_next_dist_05y3oi5z9mc_3._.js:719
[  653935ms] [LOG] [Fast Refresh] done in 407ms @ http://localhost:3000/_next/static/chunks/node_modules_next_dist_05y3oi5z9mc_3._.js:719
[  654012ms] [LOG] [Fast Refresh] done in 407ms @ http://localhost:3000/_next/static/chunks/node_modules_next_dist_05y3oi5z9mc_3._.js:719
[  654086ms] [LOG] [Fast Refresh] done in 407ms @ http://localhost:3000/_next/static/chunks/node_modules_next_dist_05y3oi5z9mc_3._.js:719
[  654161ms] [LOG] [Fast Refresh] done in 407ms @ http://localhost:3000/_next/static/chunks/node_modules_next_dist_05y3oi5z9mc_3._.js:719
[  654240ms] [LOG] [Fast Refresh] done in 407ms @ http://localhost:3000/_next/static/chunks/node_modules_next_dist_05y3oi5z9mc_3._.js:719
[  654318ms] [LOG] [Fast Refresh] done in 407ms @ http://localhost:3000/_next/static/chunks/node_modules_next_dist_05y3oi5z9mc_3._.js:719
[  654399ms] [LOG] [Fast Refresh] done in 407ms @ http://localhost:3000/_next/static/chunks/node_modules_next_dist_05y3oi5z9mc_3._.js:719
[  654479ms] [LOG] [Fast Refresh] done in 407ms @ http://localhost:3000/_next/static/chunks/node_modules_next_dist_05y3oi5z9mc_3._.js:719
[  654562ms] [LOG] [Fast Refresh] done in 407ms @ http://localhost:3000/_next/static/chunks/node_modules_next_dist_05y3oi5z9mc_3._.js:719
[  654648ms] [LOG] [Fast Refresh] done in 407ms @ http://localhost:3000/_next/static/chunks/node_modules_next_dist_05y3oi5z9mc_3._.js:719
[  654722ms] [LOG] [Fast Refresh] done in 407ms @ http://localhost:3000/_next/static/chunks/node_modules_next_dist_05y3oi5z9mc_3._.js:719
[  654803ms] [LOG] [Fast Refresh] done in 407ms @ http://localhost:3000/_next/static/chunks/node_modules_next_dist_05y3oi5z9mc_3._.js:719
[  654918ms] [LOG] [Fast Refresh] done in 407ms @ http://localhost:3000/_next/static/chunks/node_modules_next_dist_05y3oi5z9mc_3._.js:719
[  654987ms] [LOG] [Fast Refresh] done in 407ms @ http://localhost:3000/_next/static/chunks/node_modules_next_dist_05y3oi5z9mc_3._.js:719
[  655056ms] [LOG] [Fast Refresh] done in 407ms @ http://localhost:3000/_next/static/chunks/node_modules_next_dist_05y3oi5z9mc_3._.js:719
[  655126ms] [LOG] [Fast Refresh] done in 407ms @ http://localhost:3000/_next/static/chunks/node_modules_next_dist_05y3oi5z9mc_3._.js:719
[  655203ms] [LOG] [Fast Refresh] done in 407ms @ http://localhost:3000/_next/static/chunks/node_modules_next_dist_05y3oi5z9mc_3._.js:719
[  655271ms] [LOG] [Fast Refresh] done in 407ms @ http://localhost:3000/_next/static/chunks/node_modules_next_dist_05y3oi5z9mc_3._.js:719
[  655343ms] [LOG] [Fast Refresh] done in 407ms @ http://localhost:3000/_next/static/chunks/node_modules_next_dist_05y3oi5z9mc_3._.js:719
[  655413ms] [LOG] [Fast Refresh] done in 407ms @ http://localhost:3000/_next/static/chunks/node_modules_next_dist_05y3oi5z9mc_3._.js:719
[  655484ms] [LOG] [Fast Refresh] done in 407ms @ http://localhost:3000/_next/static/chunks/node_modules_next_dist_05y3oi5z9mc_3._.js:719
[  655556ms] [LOG] [Fast Refresh] done in 407ms @ http://localhost:3000/_next/static/chunks/node_modules_next_dist_05y3oi5z9mc_3._.js:719
[  655630ms] [LOG] [Fast Refresh] done in 407ms @ http://localhost:3000/_next/static/chunks/node_modules_next_dist_05y3oi5z9mc_3._.js:719
[  655706ms] [LOG] [Fast Refresh] done in 407ms @ http://localhost:3000/_next/static/chunks/node_modules_next_dist_05y3oi5z9mc_3._.js:719
[  655780ms] [LOG] [Fast Refresh] done in 407ms @ http://localhost:3000/_next/static/chunks/node_modules_next_dist_05y3oi5z9mc_3._.js:719
[  655853ms] [LOG] [Fast Refresh] done in 407ms @ http://localhost:3000/_next/static/chunks/node_modules_next_dist_05y3oi5z9mc_3._.js:719
[  655927ms] [LOG] [Fast Refresh] done in 407ms @ http://localhost:3000/_next/static/chunks/node_modules_next_dist_05y3oi5z9mc_3._.js:719
[  656002ms] [LOG] [Fast Refresh] done in 407ms @ http://localhost:3000/_next/static/chunks/node_modules_next_dist_05y3oi5z9mc_3._.js:719
[  656078ms] [LOG] [Fast Refresh] done in 407ms @ http://localhost:3000/_next/static/chunks/node_modules_next_dist_05y3oi5z9mc_3._.js:719
[  656157ms] [LOG] [Fast Refresh] done in 407ms @ http://localhost:3000/_next/static/chunks/node_modules_next_dist_05y3oi5z9mc_3._.js:719
[  656240ms] [LOG] [Fast Refresh] done in 407ms @ http://localhost:3000/_next/static/chunks/node_modules_next_dist_05y3oi5z9mc_3._.js:719
[  656320ms] [LOG] [Fast Refresh] done in 407ms @ http://localhost:3000/_next/static/chunks/node_modules_next_dist_05y3oi5z9mc_3._.js:719
[  656400ms] [LOG] [Fast Refresh] done in 407ms @ http://localhost:3000/_next/static/chunks/node_modules_next_dist_05y3oi5z9mc_3._.js:719
[  656481ms] [LOG] [Fast Refresh] done in 407ms @ http://localhost:3000/_next/static/chunks/node_modules_next_dist_05y3oi5z9mc_3._.js:719
[  656565ms] [LOG] [Fast Refresh] done in 407ms @ http://localhost:3000/_next/static/chunks/node_modules_next_dist_05y3oi5z9mc_3._.js:719
[  656649ms] [LOG] [Fast Refresh] done in 407ms @ http://localhost:3000/_next/static/chunks/node_modules_next_dist_05y3oi5z9mc_3._.js:719
[  656723ms] [LOG] [Fast Refresh] done in 407ms @ http://localhost:3000/_next/static/chunks/node_modules_next_dist_05y3oi5z9mc_3._.js:719
[  656798ms] [LOG] [Fast Refresh] done in 407ms @ http://localhost:3000/_next/static/chunks/node_modules_next_dist_05y3oi5z9mc_3._.js:719
[  656875ms] [LOG] [Fast Refresh] done in 407ms @ http://localhost:3000/_next/static/chunks/node_modules_next_dist_05y3oi5z9mc_3._.js:719
[  656953ms] [LOG] [Fast Refresh] done in 407ms @ http://localhost:3000/_next/static/chunks/node_modules_next_dist_05y3oi5z9mc_3._.js:719
[  657033ms] [LOG] [Fast Refresh] done in 407ms @ http://localhost:3000/_next/static/chunks/node_modules_next_dist_05y3oi5z9mc_3._.js:719
[  657113ms] [LOG] [Fast Refresh] done in 407ms @ http://localhost:3000/_next/static/chunks/node_modules_next_dist_05y3oi5z9mc_3._.js:719
[  657194ms] [LOG] [Fast Refresh] done in 407ms @ http://localhost:3000/_next/static/chunks/node_modules_next_dist_05y3oi5z9mc_3._.js:719
[  657269ms] [LOG] [Fast Refresh] done in 407ms @ http://localhost:3000/_next/static/chunks/node_modules_next_dist_05y3oi5z9mc_3._.js:719
[  657340ms] [LOG] [Fast Refresh] done in 407ms @ http://localhost:3000/_next/static/chunks/node_modules_next_dist_05y3oi5z9mc_3._.js:719
[  657410ms] [LOG] [Fast Refresh] done in 407ms @ http://localhost:3000/_next/static/chunks/node_modules_next_dist_05y3oi5z9mc_3._.js:719
[  657479ms] [LOG] [Fast Refresh] done in 407ms @ http://localhost:3000/_next/static/chunks/node_modules_next_dist_05y3oi5z9mc_3._.js:719
[  657550ms] [LOG] [Fast Refresh] done in 407ms @ http://localhost:3000/_next/static/chunks/node_modules_next_dist_05y3oi5z9mc_3._.js:719
[  657624ms] [LOG] [Fast Refresh] done in 407ms @ http://localhost:3000/_next/static/chunks/node_modules_next_dist_05y3oi5z9mc_3._.js:719
[  657694ms] [LOG] [Fast Refresh] done in 407ms @ http://localhost:3000/_next/static/chunks/node_modules_next_dist_05y3oi5z9mc_3._.js:719
[  657765ms] [LOG] [Fast Refresh] done in 407ms @ http://localhost:3000/_next/static/chunks/node_modules_next_dist_05y3oi5z9mc_3._.js:719
[  657837ms] [LOG] [Fast Refresh] done in 407ms @ http://localhost:3000/_next/static/chunks/node_modules_next_dist_05y3oi5z9mc_3._.js:719
[  657911ms] [LOG] [Fast Refresh] done in 407ms @ http://localhost:3000/_next/static/chunks/node_modules_next_dist_05y3oi5z9mc_3._.js:719
[  657986ms] [LOG] [Fast Refresh] done in 407ms @ http://localhost:3000/_next/static/chunks/node_modules_next_dist_05y3oi5z9mc_3._.js:719
[  658058ms] [LOG] [Fast Refresh] done in 407ms @ http://localhost:3000/_next/static/chunks/node_modules_next_dist_05y3oi5z9mc_3._.js:719
[  658127ms] [LOG] [Fast Refresh] done in 407ms @ http://localhost:3000/_next/static/chunks/node_modules_next_dist_05y3oi5z9mc_3._.js:719
[  658195ms] [LOG] [Fast Refresh] done in 407ms @ http://localhost:3000/_next/static/chunks/node_modules_next_dist_05y3oi5z9mc_3._.js:719
[  658265ms] [LOG] [Fast Refresh] done in 407ms @ http://localhost:3000/_next/static/chunks/node_modules_next_dist_05y3oi5z9mc_3._.js:719
[  658336ms] [LOG] [Fast Refresh] done in 407ms @ http://localhost:3000/_next/static/chunks/node_modules_next_dist_05y3oi5z9mc_3._.js:719
[  658405ms] [LOG] [Fast Refresh] done in 407ms @ http://localhost:3000/_next/static/chunks/node_modules_next_dist_05y3oi5z9mc_3._.js:719
[  658476ms] [LOG] [Fast Refresh] done in 407ms @ http://localhost:3000/_next/static/chunks/node_modules_next_dist_05y3oi5z9mc_3._.js:719
[  658546ms] [LOG] [Fast Refresh] done in 407ms @ http://localhost:3000/_next/static/chunks/node_modules_next_dist_05y3oi5z9mc_3._.js:719
[  658618ms] [LOG] [Fast Refresh] done in 407ms @ http://localhost:3000/_next/static/chunks/node_modules_next_dist_05y3oi5z9mc_3._.js:719
[  658690ms] [LOG] [Fast Refresh] done in 407ms @ http://localhost:3000/_next/static/chunks/node_modules_next_dist_05y3oi5z9mc_3._.js:719
[  658762ms] [LOG] [Fast Refresh] done in 407ms @ http://localhost:3000/_next/static/chunks/node_modules_next_dist_05y3oi5z9mc_3._.js:719
[  658834ms] [LOG] [Fast Refresh] done in 407ms @ http://localhost:3000/_next/static/chunks/node_modules_next_dist_05y3oi5z9mc_3._.js:719
[  658907ms] [LOG] [Fast Refresh] done in 407ms @ http://localhost:3000/_next/static/chunks/node_modules_next_dist_05y3oi5z9mc_3._.js:719
[  658979ms] [LOG] [Fast Refresh] done in 407ms @ http://localhost:3000/_next/static/chunks/node_modules_next_dist_05y3oi5z9mc_3._.js:719
[  659052ms] [LOG] [Fast Refresh] done in 407ms @ http://localhost:3000/_next/static/chunks/node_modules_next_dist_05y3oi5z9mc_3._.js:719
[  659126ms] [LOG] [Fast Refresh] done in 407ms @ http://localhost:3000/_next/static/chunks/node_modules_next_dist_05y3oi5z9mc_3._.js:719
[  659201ms] [LOG] [Fast Refresh] done in 407ms @ http://localhost:3000/_next/static/chunks/node_modules_next_dist_05y3oi5z9mc_3._.js:719
[  659277ms] [LOG] [Fast Refresh] done in 407ms @ http://localhost:3000/_next/static/chunks/node_modules_next_dist_05y3oi5z9mc_3._.js:719
[  659356ms] [LOG] [Fast Refresh] done in 407ms @ http://localhost:3000/_next/static/chunks/node_modules_next_dist_05y3oi5z9mc_3._.js:719
[  659439ms] [LOG] [Fast Refresh] done in 407ms @ http://localhost:3000/_next/static/chunks/node_modules_next_dist_05y3oi5z9mc_3._.js:719
[  659521ms] [LOG] [Fast Refresh] done in 407ms @ http://localhost:3000/_next/static/chunks/node_modules_next_dist_05y3oi5z9mc_3._.js:719
[  659594ms] [LOG] [Fast Refresh] done in 407ms @ http://localhost:3000/_next/static/chunks/node_modules_next_dist_05y3oi5z9mc_3._.js:719
[  659676ms] [LOG] [Fast Refresh] done in 407ms @ http://localhost:3000/_next/static/chunks/node_modules_next_dist_05y3oi5z9mc_3._.js:719
[  659754ms] [LOG] [Fast Refresh] done in 407ms @ http://localhost:3000/_next/static/chunks/node_modules_next_dist_05y3oi5z9mc_3._.js:719
[  659835ms] [LOG] [Fast Refresh] done in 407ms @ http://localhost:3000/_next/static/chunks/node_modules_next_dist_05y3oi5z9mc_3._.js:719
[  659915ms] [LOG] [Fast Refresh] done in 407ms @ http://localhost:3000/_next/static/chunks/node_modules_next_dist_05y3oi5z9mc_3._.js:719
[  659997ms] [LOG] [Fast Refresh] done in 407ms @ http://localhost:3000/_next/static/chunks/node_modules_next_dist_05y3oi5z9mc_3._.js:719
[  660079ms] [LOG] [Fast Refresh] done in 407ms @ http://localhost:3000/_next/static/chunks/node_modules_next_dist_05y3oi5z9mc_3._.js:719
[  660161ms] [LOG] [Fast Refresh] done in 407ms @ http://localhost:3000/_next/static/chunks/node_modules_next_dist_05y3oi5z9mc_3._.js:719
[  660243ms] [LOG] [Fast Refresh] done in 407ms @ http://localhost:3000/_next/static/chunks/node_modules_next_dist_05y3oi5z9mc_3._.js:719
[  660324ms] [LOG] [Fast Refresh] done in 407ms @ http://localhost:3000/_next/static/chunks/node_modules_next_dist_05y3oi5z9mc_3._.js:719
[  660405ms] [LOG] [Fast Refresh] done in 407ms @ http://localhost:3000/_next/static/chunks/node_modules_next_dist_05y3oi5z9mc_3._.js:719
[  660487ms] [LOG] [Fast Refresh] done in 407ms @ http://localhost:3000/_next/static/chunks/node_modules_next_dist_05y3oi5z9mc_3._.js:719
[  660560ms] [LOG] [Fast Refresh] done in 407ms @ http://localhost:3000/_next/static/chunks/node_modules_next_dist_05y3oi5z9mc_3._.js:719
[  660630ms] [LOG] [Fast Refresh] done in 407ms @ http://localhost:3000/_next/static/chunks/node_modules_next_dist_05y3oi5z9mc_3._.js:719
[  660698ms] [LOG] [Fast Refresh] done in 407ms @ http://localhost:3000/_next/static/chunks/node_modules_next_dist_05y3oi5z9mc_3._.js:719
[  660776ms] [LOG] [Fast Refresh] done in 407ms @ http://localhost:3000/_next/static/chunks/node_modules_next_dist_05y3oi5z9mc_3._.js:719
[  660854ms] [LOG] [Fast Refresh] done in 407ms @ http://localhost:3000/_next/static/chunks/node_modules_next_dist_05y3oi5z9mc_3._.js:719
[  660926ms] [LOG] [Fast Refresh] done in 407ms @ http://localhost:3000/_next/static/chunks/node_modules_next_dist_05y3oi5z9mc_3._.js:719
[  660999ms] [LOG] [Fast Refresh] done in 407ms @ http://localhost:3000/_next/static/chunks/node_modules_next_dist_05y3oi5z9mc_3._.js:719
[  661072ms] [LOG] [Fast Refresh] done in 407ms @ http://localhost:3000/_next/static/chunks/node_modules_next_dist_05y3oi5z9mc_3._.js:719
[  661149ms] [LOG] [Fast Refresh] done in 407ms @ http://localhost:3000/_next/static/chunks/node_modules_next_dist_05y3oi5z9mc_3._.js:719
[  661227ms] [LOG] [Fast Refresh] done in 407ms @ http://localhost:3000/_next/static/chunks/node_modules_next_dist_05y3oi5z9mc_3._.js:719
[  661301ms] [LOG] [Fast Refresh] done in 407ms @ http://localhost:3000/_next/static/chunks/node_modules_next_dist_05y3oi5z9mc_3._.js:719
[  661374ms] [LOG] [Fast Refresh] done in 407ms @ http://localhost:3000/_next/static/chunks/node_modules_next_dist_05y3oi5z9mc_3._.js:719
[  661447ms] [LOG] [Fast Refresh] done in 407ms @ http://localhost:3000/_next/static/chunks/node_modules_next_dist_05y3oi5z9mc_3._.js:719
[  661520ms] [LOG] [Fast Refresh] done in 407ms @ http://localhost:3000/_next/static/chunks/node_modules_next_dist_05y3oi5z9mc_3._.js:719
[  661596ms] [LOG] [Fast Refresh] done in 407ms @ http://localhost:3000/_next/static/chunks/node_modules_next_dist_05y3oi5z9mc_3._.js:719
[  661675ms] [LOG] [Fast Refresh] done in 407ms @ http://localhost:3000/_next/static/chunks/node_modules_next_dist_05y3oi5z9mc_3._.js:719
[  661752ms] [LOG] [Fast Refresh] done in 407ms @ http://localhost:3000/_next/static/chunks/node_modules_next_dist_05y3oi5z9mc_3._.js:719
[  661828ms] [LOG] [Fast Refresh] done in 407ms @ http://localhost:3000/_next/static/chunks/node_modules_next_dist_05y3oi5z9mc_3._.js:719
[  661902ms] [LOG] [Fast Refresh] done in 407ms @ http://localhost:3000/_next/static/chunks/node_modules_next_dist_05y3oi5z9mc_3._.js:719
[  661980ms] [LOG] [Fast Refresh] done in 407ms @ http://localhost:3000/_next/static/chunks/node_modules_next_dist_05y3oi5z9mc_3._.js:719
[  662054ms] [LOG] [Fast Refresh] done in 407ms @ http://localhost:3000/_next/static/chunks/node_modules_next_dist_05y3oi5z9mc_3._.js:719
[  662131ms] [LOG] [Fast Refresh] done in 407ms @ http://localhost:3000/_next/static/chunks/node_modules_next_dist_05y3oi5z9mc_3._.js:719
[  662209ms] [LOG] [Fast Refresh] done in 407ms @ http://localhost:3000/_next/static/chunks/node_modules_next_dist_05y3oi5z9mc_3._.js:719
[  662287ms] [LOG] [Fast Refresh] done in 407ms @ http://localhost:3000/_next/static/chunks/node_modules_next_dist_05y3oi5z9mc_3._.js:719
[  662355ms] [LOG] [Fast Refresh] done in 407ms @ http://localhost:3000/_next/static/chunks/node_modules_next_dist_05y3oi5z9mc_3._.js:719
[  662425ms] [LOG] [Fast Refresh] done in 407ms @ http://localhost:3000/_next/static/chunks/node_modules_next_dist_05y3oi5z9mc_3._.js:719
[  662497ms] [LOG] [Fast Refresh] done in 407ms @ http://localhost:3000/_next/static/chunks/node_modules_next_dist_05y3oi5z9mc_3._.js:719
[  662569ms] [LOG] [Fast Refresh] done in 407ms @ http://localhost:3000/_next/static/chunks/node_modules_next_dist_05y3oi5z9mc_3._.js:719
[  662643ms] [LOG] [Fast Refresh] done in 407ms @ http://localhost:3000/_next/static/chunks/node_modules_next_dist_05y3oi5z9mc_3._.js:719
[  662714ms] [LOG] [Fast Refresh] done in 407ms @ http://localhost:3000/_next/static/chunks/node_modules_next_dist_05y3oi5z9mc_3._.js:719
[  662790ms] [LOG] [Fast Refresh] done in 407ms @ http://localhost:3000/_next/static/chunks/node_modules_next_dist_05y3oi5z9mc_3._.js:719
[  662862ms] [LOG] [Fast Refresh] done in 407ms @ http://localhost:3000/_next/static/chunks/node_modules_next_dist_05y3oi5z9mc_3._.js:719
[  662937ms] [LOG] [Fast Refresh] done in 407ms @ http://localhost:3000/_next/static/chunks/node_modules_next_dist_05y3oi5z9mc_3._.js:719
[  663016ms] [LOG] [Fast Refresh] done in 407ms @ http://localhost:3000/_next/static/chunks/node_modules_next_dist_05y3oi5z9mc_3._.js:719
[  663086ms] [LOG] [Fast Refresh] done in 407ms @ http://localhost:3000/_next/static/chunks/node_modules_next_dist_05y3oi5z9mc_3._.js:719
[  663168ms] [LOG] [Fast Refresh] done in 407ms @ http://localhost:3000/_next/static/chunks/node_modules_next_dist_05y3oi5z9mc_3._.js:719
[  663252ms] [LOG] [Fast Refresh] done in 407ms @ http://localhost:3000/_next/static/chunks/node_modules_next_dist_05y3oi5z9mc_3._.js:719
[  663335ms] [LOG] [Fast Refresh] done in 407ms @ http://localhost:3000/_next/static/chunks/node_modules_next_dist_05y3oi5z9mc_3._.js:719
[  663418ms] [LOG] [Fast Refresh] done in 407ms @ http://localhost:3000/_next/static/chunks/node_modules_next_dist_05y3oi5z9mc_3._.js:719
[  663496ms] [LOG] [Fast Refresh] done in 407ms @ http://localhost:3000/_next/static/chunks/node_modules_next_dist_05y3oi5z9mc_3._.js:719
[  663575ms] [LOG] [Fast Refresh] done in 407ms @ http://localhost:3000/_next/static/chunks/node_modules_next_dist_05y3oi5z9mc_3._.js:719
[  663656ms] [LOG] [Fast Refresh] done in 407ms @ http://localhost:3000/_next/static/chunks/node_modules_next_dist_05y3oi5z9mc_3._.js:719
[  663729ms] [LOG] [Fast Refresh] done in 407ms @ http://localhost:3000/_next/static/chunks/node_modules_next_dist_05y3oi5z9mc_3._.js:719
[  663810ms] [LOG] [Fast Refresh] done in 407ms @ http://localhost:3000/_next/static/chunks/node_modules_next_dist_05y3oi5z9mc_3._.js:719
[  663891ms] [LOG] [Fast Refresh] done in 407ms @ http://localhost:3000/_next/static/chunks/node_modules_next_dist_05y3oi5z9mc_3._.js:719
[  663965ms] [LOG] [Fast Refresh] done in 407ms @ http://localhost:3000/_next/static/chunks/node_modules_next_dist_05y3oi5z9mc_3._.js:719
[  664042ms] [LOG] [Fast Refresh] done in 407ms @ http://localhost:3000/_next/static/chunks/node_modules_next_dist_05y3oi5z9mc_3._.js:719
[  664122ms] [LOG] [Fast Refresh] done in 407ms @ http://localhost:3000/_next/static/chunks/node_modules_next_dist_05y3oi5z9mc_3._.js:719
[  664203ms] [LOG] [Fast Refresh] done in 407ms @ http://localhost:3000/_next/static/chunks/node_modules_next_dist_05y3oi5z9mc_3._.js:719
[  664273ms] [LOG] [Fast Refresh] done in 407ms @ http://localhost:3000/_next/static/chunks/node_modules_next_dist_05y3oi5z9mc_3._.js:719
[  664348ms] [LOG] [Fast Refresh] done in 407ms @ http://localhost:3000/_next/static/chunks/node_modules_next_dist_05y3oi5z9mc_3._.js:719
[  664424ms] [LOG] [Fast Refresh] done in 407ms @ http://localhost:3000/_next/static/chunks/node_modules_next_dist_05y3oi5z9mc_3._.js:719
[  664502ms] [LOG] [Fast Refresh] done in 407ms @ http://localhost:3000/_next/static/chunks/node_modules_next_dist_05y3oi5z9mc_3._.js:719
[  664577ms] [LOG] [Fast Refresh] done in 407ms @ http://localhost:3000/_next/static/chunks/node_modules_next_dist_05y3oi5z9mc_3._.js:719
[  664651ms] [LOG] [Fast Refresh] done in 407ms @ http://localhost:3000/_next/static/chunks/node_modules_next_dist_05y3oi5z9mc_3._.js:719
[  664725ms] [LOG] [Fast Refresh] done in 407ms @ http://localhost:3000/_next/static/chunks/node_modules_next_dist_05y3oi5z9mc_3._.js:719
[  664800ms] [LOG] [Fast Refresh] done in 407ms @ http://localhost:3000/_next/static/chunks/node_modules_next_dist_05y3oi5z9mc_3._.js:719
[  664878ms] [LOG] [Fast Refresh] done in 407ms @ http://localhost:3000/_next/static/chunks/node_modules_next_dist_05y3oi5z9mc_3._.js:719
[  664958ms] [LOG] [Fast Refresh] done in 407ms @ http://localhost:3000/_next/static/chunks/node_modules_next_dist_05y3oi5z9mc_3._.js:719
[  665035ms] [LOG] [Fast Refresh] done in 407ms @ http://localhost:3000/_next/static/chunks/node_modules_next_dist_05y3oi5z9mc_3._.js:719
[  665110ms] [LOG] [Fast Refresh] done in 407ms @ http://localhost:3000/_next/static/chunks/node_modules_next_dist_05y3oi5z9mc_3._.js:719
[  665185ms] [LOG] [Fast Refresh] done in 407ms @ http://localhost:3000/_next/static/chunks/node_modules_next_dist_05y3oi5z9mc_3._.js:719
[  665259ms] [LOG] [Fast Refresh] done in 407ms @ http://localhost:3000/_next/static/chunks/node_modules_next_dist_05y3oi5z9mc_3._.js:719
[  665335ms] [LOG] [Fast Refresh] done in 407ms @ http://localhost:3000/_next/static/chunks/node_modules_next_dist_05y3oi5z9mc_3._.js:719
[  665413ms] [LOG] [Fast Refresh] done in 407ms @ http://localhost:3000/_next/static/chunks/node_modules_next_dist_05y3oi5z9mc_3._.js:719
[  665487ms] [LOG] [Fast Refresh] done in 407ms @ http://localhost:3000/_next/static/chunks/node_modules_next_dist_05y3oi5z9mc_3._.js:719
[  665562ms] [LOG] [Fast Refresh] done in 407ms @ http://localhost:3000/_next/static/chunks/node_modules_next_dist_05y3oi5z9mc_3._.js:719
[  665637ms] [LOG] [Fast Refresh] done in 407ms @ http://localhost:3000/_next/static/chunks/node_modules_next_dist_05y3oi5z9mc_3._.js:719
[  665713ms] [LOG] [Fast Refresh] done in 407ms @ http://localhost:3000/_next/static/chunks/node_modules_next_dist_05y3oi5z9mc_3._.js:719
[  665785ms] [LOG] [Fast Refresh] done in 407ms @ http://localhost:3000/_next/static/chunks/node_modules_next_dist_05y3oi5z9mc_3._.js:719
[  665861ms] [LOG] [Fast Refresh] done in 407ms @ http://localhost:3000/_next/static/chunks/node_modules_next_dist_05y3oi5z9mc_3._.js:719
[  665938ms] [LOG] [Fast Refresh] done in 407ms @ http://localhost:3000/_next/static/chunks/node_modules_next_dist_05y3oi5z9mc_3._.js:719
[  666016ms] [LOG] [Fast Refresh] done in 407ms @ http://localhost:3000/_next/static/chunks/node_modules_next_dist_05y3oi5z9mc_3._.js:719
[  666092ms] [LOG] [Fast Refresh] done in 407ms @ http://localhost:3000/_next/static/chunks/node_modules_next_dist_05y3oi5z9mc_3._.js:719
[  666169ms] [LOG] [Fast Refresh] done in 407ms @ http://localhost:3000/_next/static/chunks/node_modules_next_dist_05y3oi5z9mc_3._.js:719
[  666251ms] [LOG] [Fast Refresh] done in 407ms @ http://localhost:3000/_next/static/chunks/node_modules_next_dist_05y3oi5z9mc_3._.js:719
[  666334ms] [LOG] [Fast Refresh] done in 407ms @ http://localhost:3000/_next/static/chunks/node_modules_next_dist_05y3oi5z9mc_3._.js:719
[  666416ms] [LOG] [Fast Refresh] done in 407ms @ http://localhost:3000/_next/static/chunks/node_modules_next_dist_05y3oi5z9mc_3._.js:719
[  666489ms] [LOG] [Fast Refresh] done in 407ms @ http://localhost:3000/_next/static/chunks/node_modules_next_dist_05y3oi5z9mc_3._.js:719
[  666562ms] [LOG] [Fast Refresh] done in 407ms @ http://localhost:3000/_next/static/chunks/node_modules_next_dist_05y3oi5z9mc_3._.js:719
[  666635ms] [LOG] [Fast Refresh] done in 407ms @ http://localhost:3000/_next/static/chunks/node_modules_next_dist_05y3oi5z9mc_3._.js:719
[  666710ms] [LOG] [Fast Refresh] done in 407ms @ http://localhost:3000/_next/static/chunks/node_modules_next_dist_05y3oi5z9mc_3._.js:719
[  666788ms] [LOG] [Fast Refresh] done in 407ms @ http://localhost:3000/_next/static/chunks/node_modules_next_dist_05y3oi5z9mc_3._.js:719
[  666865ms] [LOG] [Fast Refresh] done in 407ms @ http://localhost:3000/_next/static/chunks/node_modules_next_dist_05y3oi5z9mc_3._.js:719
[  666941ms] [LOG] [Fast Refresh] done in 407ms @ http://localhost:3000/_next/static/chunks/node_modules_next_dist_05y3oi5z9mc_3._.js:719
[  667020ms] [LOG] [Fast Refresh] done in 407ms @ http://localhost:3000/_next/static/chunks/node_modules_next_dist_05y3oi5z9mc_3._.js:719
[  667100ms] [LOG] [Fast Refresh] done in 407ms @ http://localhost:3000/_next/static/chunks/node_modules_next_dist_05y3oi5z9mc_3._.js:719
[  667182ms] [LOG] [Fast Refresh] done in 407ms @ http://localhost:3000/_next/static/chunks/node_modules_next_dist_05y3oi5z9mc_3._.js:719
[  667261ms] [LOG] [Fast Refresh] done in 407ms @ http://localhost:3000/_next/static/chunks/node_modules_next_dist_05y3oi5z9mc_3._.js:719
[  667341ms] [LOG] [Fast Refresh] done in 407ms @ http://localhost:3000/_next/static/chunks/node_modules_next_dist_05y3oi5z9mc_3._.js:719
[  667420ms] [LOG] [Fast Refresh] done in 407ms @ http://localhost:3000/_next/static/chunks/node_modules_next_dist_05y3oi5z9mc_3._.js:719
[  667492ms] [LOG] [Fast Refresh] done in 407ms @ http://localhost:3000/_next/static/chunks/node_modules_next_dist_05y3oi5z9mc_3._.js:719
[  667566ms] [LOG] [Fast Refresh] done in 407ms @ http://localhost:3000/_next/static/chunks/node_modules_next_dist_05y3oi5z9mc_3._.js:719
[  667643ms] [LOG] [Fast Refresh] done in 407ms @ http://localhost:3000/_next/static/chunks/node_modules_next_dist_05y3oi5z9mc_3._.js:719
[  667722ms] [LOG] [Fast Refresh] done in 407ms @ http://localhost:3000/_next/static/chunks/node_modules_next_dist_05y3oi5z9mc_3._.js:719
[  667798ms] [LOG] [Fast Refresh] done in 407ms @ http://localhost:3000/_next/static/chunks/node_modules_next_dist_05y3oi5z9mc_3._.js:719
[  667880ms] [LOG] [Fast Refresh] done in 407ms @ http://localhost:3000/_next/static/chunks/node_modules_next_dist_05y3oi5z9mc_3._.js:719
[  667962ms] [LOG] [Fast Refresh] done in 407ms @ http://localhost:3000/_next/static/chunks/node_modules_next_dist_05y3oi5z9mc_3._.js:719
[  668043ms] [LOG] [Fast Refresh] done in 407ms @ http://localhost:3000/_next/static/chunks/node_modules_next_dist_05y3oi5z9mc_3._.js:719
[  668116ms] [LOG] [Fast Refresh] done in 407ms @ http://localhost:3000/_next/static/chunks/node_modules_next_dist_05y3oi5z9mc_3._.js:719
[  668190ms] [LOG] [Fast Refresh] done in 407ms @ http://localhost:3000/_next/static/chunks/node_modules_next_dist_05y3oi5z9mc_3._.js:719
[  668267ms] [LOG] [Fast Refresh] done in 407ms @ http://localhost:3000/_next/static/chunks/node_modules_next_dist_05y3oi5z9mc_3._.js:719
[  668347ms] [LOG] [Fast Refresh] done in 407ms @ http://localhost:3000/_next/static/chunks/node_modules_next_dist_05y3oi5z9mc_3._.js:719
[  668428ms] [LOG] [Fast Refresh] done in 407ms @ http://localhost:3000/_next/static/chunks/node_modules_next_dist_05y3oi5z9mc_3._.js:719
[  668505ms] [LOG] [Fast Refresh] done in 407ms @ http://localhost:3000/_next/static/chunks/node_modules_next_dist_05y3oi5z9mc_3._.js:719
[  668581ms] [LOG] [Fast Refresh] done in 407ms @ http://localhost:3000/_next/static/chunks/node_modules_next_dist_05y3oi5z9mc_3._.js:719
[  668655ms] [LOG] [Fast Refresh] done in 407ms @ http://localhost:3000/_next/static/chunks/node_modules_next_dist_05y3oi5z9mc_3._.js:719
[  668729ms] [LOG] [Fast Refresh] done in 407ms @ http://localhost:3000/_next/static/chunks/node_modules_next_dist_05y3oi5z9mc_3._.js:719
[  668804ms] [LOG] [Fast Refresh] done in 407ms @ http://localhost:3000/_next/static/chunks/node_modules_next_dist_05y3oi5z9mc_3._.js:719
[  668878ms] [LOG] [Fast Refresh] done in 407ms @ http://localhost:3000/_next/static/chunks/node_modules_next_dist_05y3oi5z9mc_3._.js:719
[  668955ms] [LOG] [Fast Refresh] done in 407ms @ http://localhost:3000/_next/static/chunks/node_modules_next_dist_05y3oi5z9mc_3._.js:719
[  669035ms] [LOG] [Fast Refresh] done in 407ms @ http://localhost:3000/_next/static/chunks/node_modules_next_dist_05y3oi5z9mc_3._.js:719
[  669106ms] [LOG] [Fast Refresh] done in 407ms @ http://localhost:3000/_next/static/chunks/node_modules_next_dist_05y3oi5z9mc_3._.js:719
[  669173ms] [LOG] [Fast Refresh] done in 407ms @ http://localhost:3000/_next/static/chunks/node_modules_next_dist_05y3oi5z9mc_3._.js:719
[  669242ms] [LOG] [Fast Refresh] done in 407ms @ http://localhost:3000/_next/static/chunks/node_modules_next_dist_05y3oi5z9mc_3._.js:719
[  669314ms] [LOG] [Fast Refresh] done in 407ms @ http://localhost:3000/_next/static/chunks/node_modules_next_dist_05y3oi5z9mc_3._.js:719
[  669387ms] [LOG] [Fast Refresh] done in 407ms @ http://localhost:3000/_next/static/chunks/node_modules_next_dist_05y3oi5z9mc_3._.js:719
[  669462ms] [LOG] [Fast Refresh] done in 407ms @ http://localhost:3000/_next/static/chunks/node_modules_next_dist_05y3oi5z9mc_3._.js:719
[  669536ms] [LOG] [Fast Refresh] done in 407ms @ http://localhost:3000/_next/static/chunks/node_modules_next_dist_05y3oi5z9mc_3._.js:719
[  669608ms] [LOG] [Fast Refresh] done in 407ms @ http://localhost:3000/_next/static/chunks/node_modules_next_dist_05y3oi5z9mc_3._.js:719
[  669684ms] [LOG] [Fast Refresh] done in 407ms @ http://localhost:3000/_next/static/chunks/node_modules_next_dist_05y3oi5z9mc_3._.js:719
[  669762ms] [LOG] [Fast Refresh] done in 407ms @ http://localhost:3000/_next/static/chunks/node_modules_next_dist_05y3oi5z9mc_3._.js:719
[  669834ms] [LOG] [Fast Refresh] done in 407ms @ http://localhost:3000/_next/static/chunks/node_modules_next_dist_05y3oi5z9mc_3._.js:719
[  669906ms] [LOG] [Fast Refresh] done in 407ms @ http://localhost:3000/_next/static/chunks/node_modules_next_dist_05y3oi5z9mc_3._.js:719
[  669982ms] [LOG] [Fast Refresh] done in 407ms @ http://localhost:3000/_next/static/chunks/node_modules_next_dist_05y3oi5z9mc_3._.js:719
[  670058ms] [LOG] [Fast Refresh] done in 407ms @ http://localhost:3000/_next/static/chunks/node_modules_next_dist_05y3oi5z9mc_3._.js:719
[  670135ms] [LOG] [Fast Refresh] done in 407ms @ http://localhost:3000/_next/static/chunks/node_modules_next_dist_05y3oi5z9mc_3._.js:719
[  670215ms] [LOG] [Fast Refresh] done in 407ms @ http://localhost:3000/_next/static/chunks/node_modules_next_dist_05y3oi5z9mc_3._.js:719
[  670294ms] [LOG] [Fast Refresh] done in 407ms @ http://localhost:3000/_next/static/chunks/node_modules_next_dist_05y3oi5z9mc_3._.js:719
[  670372ms] [LOG] [Fast Refresh] done in 407ms @ http://localhost:3000/_next/static/chunks/node_modules_next_dist_05y3oi5z9mc_3._.js:719
[  670451ms] [LOG] [Fast Refresh] done in 407ms @ http://localhost:3000/_next/static/chunks/node_modules_next_dist_05y3oi5z9mc_3._.js:719
[  670532ms] [LOG] [Fast Refresh] done in 407ms @ http://localhost:3000/_next/static/chunks/node_modules_next_dist_05y3oi5z9mc_3._.js:719
[  670614ms] [LOG] [Fast Refresh] done in 407ms @ http://localhost:3000/_next/static/chunks/node_modules_next_dist_05y3oi5z9mc_3._.js:719
[  670696ms] [LOG] [Fast Refresh] done in 407ms @ http://localhost:3000/_next/static/chunks/node_modules_next_dist_05y3oi5z9mc_3._.js:719
[  670772ms] [LOG] [Fast Refresh] done in 407ms @ http://localhost:3000/_next/static/chunks/node_modules_next_dist_05y3oi5z9mc_3._.js:719
[  670848ms] [LOG] [Fast Refresh] done in 407ms @ http://localhost:3000/_next/static/chunks/node_modules_next_dist_05y3oi5z9mc_3._.js:719
[  670932ms] [LOG] [Fast Refresh] done in 407ms @ http://localhost:3000/_next/static/chunks/node_modules_next_dist_05y3oi5z9mc_3._.js:719
[  671013ms] [LOG] [Fast Refresh] done in 407ms @ http://localhost:3000/_next/static/chunks/node_modules_next_dist_05y3oi5z9mc_3._.js:719
[  671094ms] [LOG] [Fast Refresh] done in 407ms @ http://localhost:3000/_next/static/chunks/node_modules_next_dist_05y3oi5z9mc_3._.js:719
[  671161ms] [LOG] [Fast Refresh] done in 407ms @ http://localhost:3000/_next/static/chunks/node_modules_next_dist_05y3oi5z9mc_3._.js:719
[  671230ms] [LOG] [Fast Refresh] done in 407ms @ http://localhost:3000/_next/static/chunks/node_modules_next_dist_05y3oi5z9mc_3._.js:719
[  671301ms] [LOG] [Fast Refresh] done in 407ms @ http://localhost:3000/_next/static/chunks/node_modules_next_dist_05y3oi5z9mc_3._.js:719
[  671372ms] [LOG] [Fast Refresh] done in 407ms @ http://localhost:3000/_next/static/chunks/node_modules_next_dist_05y3oi5z9mc_3._.js:719
[  671445ms] [LOG] [Fast Refresh] done in 407ms @ http://localhost:3000/_next/static/chunks/node_modules_next_dist_05y3oi5z9mc_3._.js:719
[  671518ms] [LOG] [Fast Refresh] done in 407ms @ http://localhost:3000/_next/static/chunks/node_modules_next_dist_05y3oi5z9mc_3._.js:719
[  671587ms] [LOG] [Fast Refresh] done in 407ms @ http://localhost:3000/_next/static/chunks/node_modules_next_dist_05y3oi5z9mc_3._.js:719
[  671667ms] [LOG] [Fast Refresh] done in 407ms @ http://localhost:3000/_next/static/chunks/node_modules_next_dist_05y3oi5z9mc_3._.js:719
[  671747ms] [LOG] [Fast Refresh] done in 407ms @ http://localhost:3000/_next/static/chunks/node_modules_next_dist_05y3oi5z9mc_3._.js:719
[  671827ms] [LOG] [Fast Refresh] done in 407ms @ http://localhost:3000/_next/static/chunks/node_modules_next_dist_05y3oi5z9mc_3._.js:719
[  671909ms] [LOG] [Fast Refresh] done in 407ms @ http://localhost:3000/_next/static/chunks/node_modules_next_dist_05y3oi5z9mc_3._.js:719
[  671986ms] [LOG] [Fast Refresh] done in 407ms @ http://localhost:3000/_next/static/chunks/node_modules_next_dist_05y3oi5z9mc_3._.js:719
[  672063ms] [LOG] [Fast Refresh] done in 407ms @ http://localhost:3000/_next/static/chunks/node_modules_next_dist_05y3oi5z9mc_3._.js:719
[  672140ms] [LOG] [Fast Refresh] done in 407ms @ http://localhost:3000/_next/static/chunks/node_modules_next_dist_05y3oi5z9mc_3._.js:719
[  672221ms] [LOG] [Fast Refresh] done in 407ms @ http://localhost:3000/_next/static/chunks/node_modules_next_dist_05y3oi5z9mc_3._.js:719
[  672298ms] [LOG] [Fast Refresh] done in 407ms @ http://localhost:3000/_next/static/chunks/node_modules_next_dist_05y3oi5z9mc_3._.js:719
[  672382ms] [LOG] [Fast Refresh] done in 407ms @ http://localhost:3000/_next/static/chunks/node_modules_next_dist_05y3oi5z9mc_3._.js:719
[  672464ms] [LOG] [Fast Refresh] done in 407ms @ http://localhost:3000/_next/static/chunks/node_modules_next_dist_05y3oi5z9mc_3._.js:719
[  672548ms] [LOG] [Fast Refresh] done in 407ms @ http://localhost:3000/_next/static/chunks/node_modules_next_dist_05y3oi5z9mc_3._.js:719
[  672631ms] [LOG] [Fast Refresh] done in 407ms @ http://localhost:3000/_next/static/chunks/node_modules_next_dist_05y3oi5z9mc_3._.js:719
[  672714ms] [LOG] [Fast Refresh] done in 407ms @ http://localhost:3000/_next/static/chunks/node_modules_next_dist_05y3oi5z9mc_3._.js:719
[  672795ms] [LOG] [Fast Refresh] done in 407ms @ http://localhost:3000/_next/static/chunks/node_modules_next_dist_05y3oi5z9mc_3._.js:719
[  672870ms] [LOG] [Fast Refresh] done in 407ms @ http://localhost:3000/_next/static/chunks/node_modules_next_dist_05y3oi5z9mc_3._.js:719
[  672948ms] [LOG] [Fast Refresh] done in 407ms @ http://localhost:3000/_next/static/chunks/node_modules_next_dist_05y3oi5z9mc_3._.js:719
[  673028ms] [LOG] [Fast Refresh] done in 407ms @ http://localhost:3000/_next/static/chunks/node_modules_next_dist_05y3oi5z9mc_3._.js:719
[  673109ms] [LOG] [Fast Refresh] done in 407ms @ http://localhost:3000/_next/static/chunks/node_modules_next_dist_05y3oi5z9mc_3._.js:719
[  673191ms] [LOG] [Fast Refresh] done in 407ms @ http://localhost:3000/_next/static/chunks/node_modules_next_dist_05y3oi5z9mc_3._.js:719
[  673272ms] [LOG] [Fast Refresh] done in 407ms @ http://localhost:3000/_next/static/chunks/node_modules_next_dist_05y3oi5z9mc_3._.js:719
[  673356ms] [LOG] [Fast Refresh] done in 407ms @ http://localhost:3000/_next/static/chunks/node_modules_next_dist_05y3oi5z9mc_3._.js:719
[  673439ms] [LOG] [Fast Refresh] done in 407ms @ http://localhost:3000/_next/static/chunks/node_modules_next_dist_05y3oi5z9mc_3._.js:719
[  673521ms] [LOG] [Fast Refresh] done in 407ms @ http://localhost:3000/_next/static/chunks/node_modules_next_dist_05y3oi5z9mc_3._.js:719
[  673605ms] [LOG] [Fast Refresh] done in 407ms @ http://localhost:3000/_next/static/chunks/node_modules_next_dist_05y3oi5z9mc_3._.js:719
[  673686ms] [LOG] [Fast Refresh] done in 407ms @ http://localhost:3000/_next/static/chunks/node_modules_next_dist_05y3oi5z9mc_3._.js:719
[  673767ms] [LOG] [Fast Refresh] done in 407ms @ http://localhost:3000/_next/static/chunks/node_modules_next_dist_05y3oi5z9mc_3._.js:719
[  673848ms] [LOG] [Fast Refresh] done in 407ms @ http://localhost:3000/_next/static/chunks/node_modules_next_dist_05y3oi5z9mc_3._.js:719
[  673925ms] [LOG] [Fast Refresh] done in 407ms @ http://localhost:3000/_next/static/chunks/node_modules_next_dist_05y3oi5z9mc_3._.js:719
[  674003ms] [LOG] [Fast Refresh] done in 407ms @ http://localhost:3000/_next/static/chunks/node_modules_next_dist_05y3oi5z9mc_3._.js:719
[  674076ms] [LOG] [Fast Refresh] done in 407ms @ http://localhost:3000/_next/static/chunks/node_modules_next_dist_05y3oi5z9mc_3._.js:719
[  674160ms] [LOG] [Fast Refresh] done in 407ms @ http://localhost:3000/_next/static/chunks/node_modules_next_dist_05y3oi5z9mc_3._.js:719
[  674232ms] [LOG] [Fast Refresh] done in 407ms @ http://localhost:3000/_next/static/chunks/node_modules_next_dist_05y3oi5z9mc_3._.js:719
[  674302ms] [LOG] [Fast Refresh] done in 407ms @ http://localhost:3000/_next/static/chunks/node_modules_next_dist_05y3oi5z9mc_3._.js:719
[  674373ms] [LOG] [Fast Refresh] done in 407ms @ http://localhost:3000/_next/static/chunks/node_modules_next_dist_05y3oi5z9mc_3._.js:719
[  674449ms] [LOG] [Fast Refresh] done in 407ms @ http://localhost:3000/_next/static/chunks/node_modules_next_dist_05y3oi5z9mc_3._.js:719
[  674518ms] [LOG] [Fast Refresh] done in 407ms @ http://localhost:3000/_next/static/chunks/node_modules_next_dist_05y3oi5z9mc_3._.js:719
[  674589ms] [LOG] [Fast Refresh] done in 407ms @ http://localhost:3000/_next/static/chunks/node_modules_next_dist_05y3oi5z9mc_3._.js:719
[  674666ms] [LOG] [Fast Refresh] done in 407ms @ http://localhost:3000/_next/static/chunks/node_modules_next_dist_05y3oi5z9mc_3._.js:719
[  674725ms] [LOG] [Fast Refresh] done in 407ms @ http://localhost:3000/_next/static/chunks/node_modules_next_dist_05y3oi5z9mc_3._.js:719
[  674799ms] [LOG] [Fast Refresh] done in 407ms @ http://localhost:3000/_next/static/chunks/node_modules_next_dist_05y3oi5z9mc_3._.js:719
[  674878ms] [LOG] [Fast Refresh] done in 407ms @ http://localhost:3000/_next/static/chunks/node_modules_next_dist_05y3oi5z9mc_3._.js:719
[  674948ms] [LOG] [Fast Refresh] done in 407ms @ http://localhost:3000/_next/static/chunks/node_modules_next_dist_05y3oi5z9mc_3._.js:719
[  675023ms] [LOG] [Fast Refresh] done in 407ms @ http://localhost:3000/_next/static/chunks/node_modules_next_dist_05y3oi5z9mc_3._.js:719
[  675092ms] [LOG] [Fast Refresh] done in 407ms @ http://localhost:3000/_next/static/chunks/node_modules_next_dist_05y3oi5z9mc_3._.js:719
[  675175ms] [LOG] [Fast Refresh] done in 407ms @ http://localhost:3000/_next/static/chunks/node_modules_next_dist_05y3oi5z9mc_3._.js:719
[  675257ms] [LOG] [Fast Refresh] done in 407ms @ http://localhost:3000/_next/static/chunks/node_modules_next_dist_05y3oi5z9mc_3._.js:719
[  675336ms] [LOG] [Fast Refresh] done in 407ms @ http://localhost:3000/_next/static/chunks/node_modules_next_dist_05y3oi5z9mc_3._.js:719
[  675416ms] [LOG] [Fast Refresh] done in 407ms @ http://localhost:3000/_next/static/chunks/node_modules_next_dist_05y3oi5z9mc_3._.js:719
[  675493ms] [LOG] [Fast Refresh] done in 407ms @ http://localhost:3000/_next/static/chunks/node_modules_next_dist_05y3oi5z9mc_3._.js:719
[  675570ms] [LOG] [Fast Refresh] done in 407ms @ http://localhost:3000/_next/static/chunks/node_modules_next_dist_05y3oi5z9mc_3._.js:719
[  675643ms] [LOG] [Fast Refresh] done in 407ms @ http://localhost:3000/_next/static/chunks/node_modules_next_dist_05y3oi5z9mc_3._.js:719
[  675722ms] [LOG] [Fast Refresh] done in 407ms @ http://localhost:3000/_next/static/chunks/node_modules_next_dist_05y3oi5z9mc_3._.js:719
[  675801ms] [LOG] [Fast Refresh] done in 407ms @ http://localhost:3000/_next/static/chunks/node_modules_next_dist_05y3oi5z9mc_3._.js:719
[  675876ms] [LOG] [Fast Refresh] done in 407ms @ http://localhost:3000/_next/static/chunks/node_modules_next_dist_05y3oi5z9mc_3._.js:719
[  675952ms] [LOG] [Fast Refresh] done in 407ms @ http://localhost:3000/_next/static/chunks/node_modules_next_dist_05y3oi5z9mc_3._.js:719
[  676037ms] [LOG] [Fast Refresh] done in 407ms @ http://localhost:3000/_next/static/chunks/node_modules_next_dist_05y3oi5z9mc_3._.js:719
[  676147ms] [LOG] [Fast Refresh] done in 407ms @ http://localhost:3000/_next/static/chunks/node_modules_next_dist_05y3oi5z9mc_3._.js:719
[  676225ms] [LOG] [Fast Refresh] done in 407ms @ http://localhost:3000/_next/static/chunks/node_modules_next_dist_05y3oi5z9mc_3._.js:719
[  676299ms] [LOG] [Fast Refresh] done in 407ms @ http://localhost:3000/_next/static/chunks/node_modules_next_dist_05y3oi5z9mc_3._.js:719
[  676382ms] [LOG] [Fast Refresh] done in 407ms @ http://localhost:3000/_next/static/chunks/node_modules_next_dist_05y3oi5z9mc_3._.js:719
[  676466ms] [LOG] [Fast Refresh] done in 407ms @ http://localhost:3000/_next/static/chunks/node_modules_next_dist_05y3oi5z9mc_3._.js:719
[  676534ms] [LOG] [Fast Refresh] done in 407ms @ http://localhost:3000/_next/static/chunks/node_modules_next_dist_05y3oi5z9mc_3._.js:719
[  676578ms] [LOG] [Fast Refresh] done in 407ms @ http://localhost:3000/_next/static/chunks/node_modules_next_dist_05y3oi5z9mc_3._.js:719
[  676699ms] [LOG] [Fast Refresh] rebuilding @ http://localhost:3000/_next/static/chunks/node_modules_next_dist_05y3oi5z9mc_3._.js:719
[  676790ms] [LOG] [Fast Refresh] done in 21ms @ http://localhost:3000/_next/static/chunks/node_modules_next_dist_05y3oi5z9mc_3._.js:719
[  676862ms] [LOG] [Fast Refresh] done in 21ms @ http://localhost:3000/_next/static/chunks/node_modules_next_dist_05y3oi5z9mc_3._.js:719
[  676933ms] [LOG] [Fast Refresh] done in 21ms @ http://localhost:3000/_next/static/chunks/node_modules_next_dist_05y3oi5z9mc_3._.js:719
[  677003ms] [LOG] [Fast Refresh] done in 21ms @ http://localhost:3000/_next/static/chunks/node_modules_next_dist_05y3oi5z9mc_3._.js:719
[  677074ms] [LOG] [Fast Refresh] done in 21ms @ http://localhost:3000/_next/static/chunks/node_modules_next_dist_05y3oi5z9mc_3._.js:719
[  677143ms] [LOG] [Fast Refresh] done in 21ms @ http://localhost:3000/_next/static/chunks/node_modules_next_dist_05y3oi5z9mc_3._.js:719
[  677214ms] [LOG] [Fast Refresh] done in 21ms @ http://localhost:3000/_next/static/chunks/node_modules_next_dist_05y3oi5z9mc_3._.js:719
[  677287ms] [LOG] [Fast Refresh] done in 21ms @ http://localhost:3000/_next/static/chunks/node_modules_next_dist_05y3oi5z9mc_3._.js:719
[  677357ms] [LOG] [Fast Refresh] done in 21ms @ http://localhost:3000/_next/static/chunks/node_modules_next_dist_05y3oi5z9mc_3._.js:719
[  677423ms] [LOG] [Fast Refresh] done in 21ms @ http://localhost:3000/_next/static/chunks/node_modules_next_dist_05y3oi5z9mc_3._.js:719
[  677492ms] [LOG] [Fast Refresh] done in 21ms @ http://localhost:3000/_next/static/chunks/node_modules_next_dist_05y3oi5z9mc_3._.js:719
[  677559ms] [LOG] [Fast Refresh] done in 21ms @ http://localhost:3000/_next/static/chunks/node_modules_next_dist_05y3oi5z9mc_3._.js:719
[  677635ms] [LOG] [Fast Refresh] done in 21ms @ http://localhost:3000/_next/static/chunks/node_modules_next_dist_05y3oi5z9mc_3._.js:719
[  677703ms] [LOG] [Fast Refresh] done in 21ms @ http://localhost:3000/_next/static/chunks/node_modules_next_dist_05y3oi5z9mc_3._.js:719
[  677772ms] [LOG] [Fast Refresh] done in 21ms @ http://localhost:3000/_next/static/chunks/node_modules_next_dist_05y3oi5z9mc_3._.js:719
[  677842ms] [LOG] [Fast Refresh] done in 21ms @ http://localhost:3000/_next/static/chunks/node_modules_next_dist_05y3oi5z9mc_3._.js:719
[  677910ms] [LOG] [Fast Refresh] done in 21ms @ http://localhost:3000/_next/static/chunks/node_modules_next_dist_05y3oi5z9mc_3._.js:719
[  677978ms] [LOG] [Fast Refresh] done in 21ms @ http://localhost:3000/_next/static/chunks/node_modules_next_dist_05y3oi5z9mc_3._.js:719
[  678050ms] [LOG] [Fast Refresh] done in 21ms @ http://localhost:3000/_next/static/chunks/node_modules_next_dist_05y3oi5z9mc_3._.js:719
[  678120ms] [LOG] [Fast Refresh] done in 21ms @ http://localhost:3000/_next/static/chunks/node_modules_next_dist_05y3oi5z9mc_3._.js:719
[  678191ms] [LOG] [Fast Refresh] done in 21ms @ http://localhost:3000/_next/static/chunks/node_modules_next_dist_05y3oi5z9mc_3._.js:719
[  678259ms] [LOG] [Fast Refresh] done in 21ms @ http://localhost:3000/_next/static/chunks/node_modules_next_dist_05y3oi5z9mc_3._.js:719
[  678327ms] [LOG] [Fast Refresh] done in 21ms @ http://localhost:3000/_next/static/chunks/node_modules_next_dist_05y3oi5z9mc_3._.js:719
[  678395ms] [LOG] [Fast Refresh] done in 21ms @ http://localhost:3000/_next/static/chunks/node_modules_next_dist_05y3oi5z9mc_3._.js:719
[  678464ms] [LOG] [Fast Refresh] done in 21ms @ http://localhost:3000/_next/static/chunks/node_modules_next_dist_05y3oi5z9mc_3._.js:719
[  678532ms] [LOG] [Fast Refresh] done in 21ms @ http://localhost:3000/_next/static/chunks/node_modules_next_dist_05y3oi5z9mc_3._.js:719
[  678600ms] [LOG] [Fast Refresh] done in 21ms @ http://localhost:3000/_next/static/chunks/node_modules_next_dist_05y3oi5z9mc_3._.js:719
[  678667ms] [LOG] [Fast Refresh] done in 21ms @ http://localhost:3000/_next/static/chunks/node_modules_next_dist_05y3oi5z9mc_3._.js:719
[  678733ms] [LOG] [Fast Refresh] done in 21ms @ http://localhost:3000/_next/static/chunks/node_modules_next_dist_05y3oi5z9mc_3._.js:719
[  678803ms] [LOG] [Fast Refresh] done in 21ms @ http://localhost:3000/_next/static/chunks/node_modules_next_dist_05y3oi5z9mc_3._.js:719
[  678872ms] [LOG] [Fast Refresh] done in 21ms @ http://localhost:3000/_next/static/chunks/node_modules_next_dist_05y3oi5z9mc_3._.js:719
[  678940ms] [LOG] [Fast Refresh] done in 21ms @ http://localhost:3000/_next/static/chunks/node_modules_next_dist_05y3oi5z9mc_3._.js:719
[  679009ms] [LOG] [Fast Refresh] done in 21ms @ http://localhost:3000/_next/static/chunks/node_modules_next_dist_05y3oi5z9mc_3._.js:719
[  679077ms] [LOG] [Fast Refresh] done in 21ms @ http://localhost:3000/_next/static/chunks/node_modules_next_dist_05y3oi5z9mc_3._.js:719
[  679147ms] [LOG] [Fast Refresh] done in 21ms @ http://localhost:3000/_next/static/chunks/node_modules_next_dist_05y3oi5z9mc_3._.js:719
[  679217ms] [LOG] [Fast Refresh] done in 21ms @ http://localhost:3000/_next/static/chunks/node_modules_next_dist_05y3oi5z9mc_3._.js:719
[  679292ms] [LOG] [Fast Refresh] done in 21ms @ http://localhost:3000/_next/static/chunks/node_modules_next_dist_05y3oi5z9mc_3._.js:719
[  679364ms] [LOG] [Fast Refresh] done in 21ms @ http://localhost:3000/_next/static/chunks/node_modules_next_dist_05y3oi5z9mc_3._.js:719
[  679436ms] [LOG] [Fast Refresh] done in 21ms @ http://localhost:3000/_next/static/chunks/node_modules_next_dist_05y3oi5z9mc_3._.js:719
[  679511ms] [LOG] [Fast Refresh] done in 21ms @ http://localhost:3000/_next/static/chunks/node_modules_next_dist_05y3oi5z9mc_3._.js:719
[  679589ms] [LOG] [Fast Refresh] done in 21ms @ http://localhost:3000/_next/static/chunks/node_modules_next_dist_05y3oi5z9mc_3._.js:719
[  679664ms] [LOG] [Fast Refresh] done in 21ms @ http://localhost:3000/_next/static/chunks/node_modules_next_dist_05y3oi5z9mc_3._.js:719
[  679735ms] [LOG] [Fast Refresh] done in 21ms @ http://localhost:3000/_next/static/chunks/node_modules_next_dist_05y3oi5z9mc_3._.js:719
[  679806ms] [LOG] [Fast Refresh] done in 21ms @ http://localhost:3000/_next/static/chunks/node_modules_next_dist_05y3oi5z9mc_3._.js:719
[  679877ms] [LOG] [Fast Refresh] done in 21ms @ http://localhost:3000/_next/static/chunks/node_modules_next_dist_05y3oi5z9mc_3._.js:719
[  679950ms] [LOG] [Fast Refresh] done in 21ms @ http://localhost:3000/_next/static/chunks/node_modules_next_dist_05y3oi5z9mc_3._.js:719
[  680027ms] [LOG] [Fast Refresh] done in 21ms @ http://localhost:3000/_next/static/chunks/node_modules_next_dist_05y3oi5z9mc_3._.js:719
[  680104ms] [LOG] [Fast Refresh] done in 21ms @ http://localhost:3000/_next/static/chunks/node_modules_next_dist_05y3oi5z9mc_3._.js:719
[  680175ms] [LOG] [Fast Refresh] done in 21ms @ http://localhost:3000/_next/static/chunks/node_modules_next_dist_05y3oi5z9mc_3._.js:719
[  680249ms] [LOG] [Fast Refresh] done in 21ms @ http://localhost:3000/_next/static/chunks/node_modules_next_dist_05y3oi5z9mc_3._.js:719
[  680324ms] [LOG] [Fast Refresh] done in 21ms @ http://localhost:3000/_next/static/chunks/node_modules_next_dist_05y3oi5z9mc_3._.js:719
[  680402ms] [LOG] [Fast Refresh] done in 21ms @ http://localhost:3000/_next/static/chunks/node_modules_next_dist_05y3oi5z9mc_3._.js:719
[  680481ms] [LOG] [Fast Refresh] done in 21ms @ http://localhost:3000/_next/static/chunks/node_modules_next_dist_05y3oi5z9mc_3._.js:719
[  680558ms] [LOG] [Fast Refresh] done in 21ms @ http://localhost:3000/_next/static/chunks/node_modules_next_dist_05y3oi5z9mc_3._.js:719
[  680629ms] [LOG] [Fast Refresh] done in 21ms @ http://localhost:3000/_next/static/chunks/node_modules_next_dist_05y3oi5z9mc_3._.js:719
[  680697ms] [LOG] [Fast Refresh] done in 21ms @ http://localhost:3000/_next/static/chunks/node_modules_next_dist_05y3oi5z9mc_3._.js:719
[  680766ms] [LOG] [Fast Refresh] done in 21ms @ http://localhost:3000/_next/static/chunks/node_modules_next_dist_05y3oi5z9mc_3._.js:719
[  680836ms] [LOG] [Fast Refresh] done in 21ms @ http://localhost:3000/_next/static/chunks/node_modules_next_dist_05y3oi5z9mc_3._.js:719
[  680909ms] [LOG] [Fast Refresh] done in 21ms @ http://localhost:3000/_next/static/chunks/node_modules_next_dist_05y3oi5z9mc_3._.js:719
[  680981ms] [LOG] [Fast Refresh] done in 21ms @ http://localhost:3000/_next/static/chunks/node_modules_next_dist_05y3oi5z9mc_3._.js:719
[  681047ms] [LOG] [Fast Refresh] done in 21ms @ http://localhost:3000/_next/static/chunks/node_modules_next_dist_05y3oi5z9mc_3._.js:719
[  681117ms] [LOG] [Fast Refresh] done in 21ms @ http://localhost:3000/_next/static/chunks/node_modules_next_dist_05y3oi5z9mc_3._.js:719
[  681194ms] [LOG] [Fast Refresh] done in 21ms @ http://localhost:3000/_next/static/chunks/node_modules_next_dist_05y3oi5z9mc_3._.js:719
[  681270ms] [LOG] [Fast Refresh] done in 21ms @ http://localhost:3000/_next/static/chunks/node_modules_next_dist_05y3oi5z9mc_3._.js:719
[  681349ms] [LOG] [Fast Refresh] done in 21ms @ http://localhost:3000/_next/static/chunks/node_modules_next_dist_05y3oi5z9mc_3._.js:719
[  681430ms] [LOG] [Fast Refresh] done in 21ms @ http://localhost:3000/_next/static/chunks/node_modules_next_dist_05y3oi5z9mc_3._.js:719
[  681513ms] [LOG] [Fast Refresh] done in 21ms @ http://localhost:3000/_next/static/chunks/node_modules_next_dist_05y3oi5z9mc_3._.js:719
[  681597ms] [LOG] [Fast Refresh] done in 21ms @ http://localhost:3000/_next/static/chunks/node_modules_next_dist_05y3oi5z9mc_3._.js:719
[  681678ms] [LOG] [Fast Refresh] done in 21ms @ http://localhost:3000/_next/static/chunks/node_modules_next_dist_05y3oi5z9mc_3._.js:719
[  681746ms] [LOG] [Fast Refresh] done in 21ms @ http://localhost:3000/_next/static/chunks/node_modules_next_dist_05y3oi5z9mc_3._.js:719
[  681813ms] [LOG] [Fast Refresh] done in 21ms @ http://localhost:3000/_next/static/chunks/node_modules_next_dist_05y3oi5z9mc_3._.js:719
[  681881ms] [LOG] [Fast Refresh] done in 21ms @ http://localhost:3000/_next/static/chunks/node_modules_next_dist_05y3oi5z9mc_3._.js:719
[  681951ms] [LOG] [Fast Refresh] done in 21ms @ http://localhost:3000/_next/static/chunks/node_modules_next_dist_05y3oi5z9mc_3._.js:719
[  682019ms] [LOG] [Fast Refresh] done in 21ms @ http://localhost:3000/_next/static/chunks/node_modules_next_dist_05y3oi5z9mc_3._.js:719
[  682089ms] [LOG] [Fast Refresh] done in 21ms @ http://localhost:3000/_next/static/chunks/node_modules_next_dist_05y3oi5z9mc_3._.js:719
[  682160ms] [LOG] [Fast Refresh] done in 21ms @ http://localhost:3000/_next/static/chunks/node_modules_next_dist_05y3oi5z9mc_3._.js:719
[  682235ms] [LOG] [Fast Refresh] done in 21ms @ http://localhost:3000/_next/static/chunks/node_modules_next_dist_05y3oi5z9mc_3._.js:719
[  682309ms] [LOG] [Fast Refresh] done in 21ms @ http://localhost:3000/_next/static/chunks/node_modules_next_dist_05y3oi5z9mc_3._.js:719
[  682385ms] [LOG] [Fast Refresh] done in 21ms @ http://localhost:3000/_next/static/chunks/node_modules_next_dist_05y3oi5z9mc_3._.js:719
[  682464ms] [LOG] [Fast Refresh] done in 21ms @ http://localhost:3000/_next/static/chunks/node_modules_next_dist_05y3oi5z9mc_3._.js:719
[  682539ms] [LOG] [Fast Refresh] done in 21ms @ http://localhost:3000/_next/static/chunks/node_modules_next_dist_05y3oi5z9mc_3._.js:719
[  682615ms] [LOG] [Fast Refresh] done in 21ms @ http://localhost:3000/_next/static/chunks/node_modules_next_dist_05y3oi5z9mc_3._.js:719
[  682691ms] [LOG] [Fast Refresh] done in 21ms @ http://localhost:3000/_next/static/chunks/node_modules_next_dist_05y3oi5z9mc_3._.js:719
[  682772ms] [LOG] [Fast Refresh] done in 21ms @ http://localhost:3000/_next/static/chunks/node_modules_next_dist_05y3oi5z9mc_3._.js:719
[  682851ms] [LOG] [Fast Refresh] done in 21ms @ http://localhost:3000/_next/static/chunks/node_modules_next_dist_05y3oi5z9mc_3._.js:719
[  682931ms] [LOG] [Fast Refresh] done in 21ms @ http://localhost:3000/_next/static/chunks/node_modules_next_dist_05y3oi5z9mc_3._.js:719
[  683014ms] [LOG] [Fast Refresh] done in 21ms @ http://localhost:3000/_next/static/chunks/node_modules_next_dist_05y3oi5z9mc_3._.js:719
[  683092ms] [LOG] [Fast Refresh] done in 21ms @ http://localhost:3000/_next/static/chunks/node_modules_next_dist_05y3oi5z9mc_3._.js:719
[  683169ms] [LOG] [Fast Refresh] done in 21ms @ http://localhost:3000/_next/static/chunks/node_modules_next_dist_05y3oi5z9mc_3._.js:719
[  683249ms] [LOG] [Fast Refresh] done in 21ms @ http://localhost:3000/_next/static/chunks/node_modules_next_dist_05y3oi5z9mc_3._.js:719
[  683327ms] [LOG] [Fast Refresh] done in 21ms @ http://localhost:3000/_next/static/chunks/node_modules_next_dist_05y3oi5z9mc_3._.js:719
[  683408ms] [LOG] [Fast Refresh] done in 21ms @ http://localhost:3000/_next/static/chunks/node_modules_next_dist_05y3oi5z9mc_3._.js:719
[  683487ms] [LOG] [Fast Refresh] done in 21ms @ http://localhost:3000/_next/static/chunks/node_modules_next_dist_05y3oi5z9mc_3._.js:719
[  683555ms] [LOG] [Fast Refresh] done in 21ms @ http://localhost:3000/_next/static/chunks/node_modules_next_dist_05y3oi5z9mc_3._.js:719
[  683628ms] [LOG] [Fast Refresh] done in 21ms @ http://localhost:3000/_next/static/chunks/node_modules_next_dist_05y3oi5z9mc_3._.js:719
[  683698ms] [LOG] [Fast Refresh] done in 21ms @ http://localhost:3000/_next/static/chunks/node_modules_next_dist_05y3oi5z9mc_3._.js:719
[  683767ms] [LOG] [Fast Refresh] done in 21ms @ http://localhost:3000/_next/static/chunks/node_modules_next_dist_05y3oi5z9mc_3._.js:719
[  683840ms] [LOG] [Fast Refresh] done in 21ms @ http://localhost:3000/_next/static/chunks/node_modules_next_dist_05y3oi5z9mc_3._.js:719
[  683914ms] [LOG] [Fast Refresh] done in 21ms @ http://localhost:3000/_next/static/chunks/node_modules_next_dist_05y3oi5z9mc_3._.js:719
[  683988ms] [LOG] [Fast Refresh] done in 21ms @ http://localhost:3000/_next/static/chunks/node_modules_next_dist_05y3oi5z9mc_3._.js:719
[  684068ms] [LOG] [Fast Refresh] done in 21ms @ http://localhost:3000/_next/static/chunks/node_modules_next_dist_05y3oi5z9mc_3._.js:719
[  684151ms] [LOG] [Fast Refresh] done in 21ms @ http://localhost:3000/_next/static/chunks/node_modules_next_dist_05y3oi5z9mc_3._.js:719
[  684233ms] [LOG] [Fast Refresh] done in 21ms @ http://localhost:3000/_next/static/chunks/node_modules_next_dist_05y3oi5z9mc_3._.js:719
[  684315ms] [LOG] [Fast Refresh] done in 21ms @ http://localhost:3000/_next/static/chunks/node_modules_next_dist_05y3oi5z9mc_3._.js:719
[  684396ms] [LOG] [Fast Refresh] done in 21ms @ http://localhost:3000/_next/static/chunks/node_modules_next_dist_05y3oi5z9mc_3._.js:719
[  684478ms] [LOG] [Fast Refresh] done in 21ms @ http://localhost:3000/_next/static/chunks/node_modules_next_dist_05y3oi5z9mc_3._.js:719
[  684561ms] [LOG] [Fast Refresh] done in 21ms @ http://localhost:3000/_next/static/chunks/node_modules_next_dist_05y3oi5z9mc_3._.js:719
[  684644ms] [LOG] [Fast Refresh] done in 21ms @ http://localhost:3000/_next/static/chunks/node_modules_next_dist_05y3oi5z9mc_3._.js:719
[  684727ms] [LOG] [Fast Refresh] done in 21ms @ http://localhost:3000/_next/static/chunks/node_modules_next_dist_05y3oi5z9mc_3._.js:719
[  684805ms] [LOG] [Fast Refresh] done in 21ms @ http://localhost:3000/_next/static/chunks/node_modules_next_dist_05y3oi5z9mc_3._.js:719
[  684885ms] [LOG] [Fast Refresh] done in 21ms @ http://localhost:3000/_next/static/chunks/node_modules_next_dist_05y3oi5z9mc_3._.js:719
[  684967ms] [LOG] [Fast Refresh] done in 21ms @ http://localhost:3000/_next/static/chunks/node_modules_next_dist_05y3oi5z9mc_3._.js:719
[  685048ms] [LOG] [Fast Refresh] done in 21ms @ http://localhost:3000/_next/static/chunks/node_modules_next_dist_05y3oi5z9mc_3._.js:719
[  685131ms] [LOG] [Fast Refresh] done in 21ms @ http://localhost:3000/_next/static/chunks/node_modules_next_dist_05y3oi5z9mc_3._.js:719
[  685215ms] [LOG] [Fast Refresh] done in 21ms @ http://localhost:3000/_next/static/chunks/node_modules_next_dist_05y3oi5z9mc_3._.js:719
[  685297ms] [LOG] [Fast Refresh] done in 21ms @ http://localhost:3000/_next/static/chunks/node_modules_next_dist_05y3oi5z9mc_3._.js:719
[  685378ms] [LOG] [Fast Refresh] done in 21ms @ http://localhost:3000/_next/static/chunks/node_modules_next_dist_05y3oi5z9mc_3._.js:719
[  685458ms] [LOG] [Fast Refresh] done in 21ms @ http://localhost:3000/_next/static/chunks/node_modules_next_dist_05y3oi5z9mc_3._.js:719
[  685533ms] [LOG] [Fast Refresh] done in 21ms @ http://localhost:3000/_next/static/chunks/node_modules_next_dist_05y3oi5z9mc_3._.js:719
[  685607ms] [LOG] [Fast Refresh] done in 21ms @ http://localhost:3000/_next/static/chunks/node_modules_next_dist_05y3oi5z9mc_3._.js:719
[  685682ms] [LOG] [Fast Refresh] done in 21ms @ http://localhost:3000/_next/static/chunks/node_modules_next_dist_05y3oi5z9mc_3._.js:719
[  685760ms] [LOG] [Fast Refresh] done in 21ms @ http://localhost:3000/_next/static/chunks/node_modules_next_dist_05y3oi5z9mc_3._.js:719
[  685834ms] [LOG] [Fast Refresh] done in 21ms @ http://localhost:3000/_next/static/chunks/node_modules_next_dist_05y3oi5z9mc_3._.js:719
[  685906ms] [LOG] [Fast Refresh] done in 21ms @ http://localhost:3000/_next/static/chunks/node_modules_next_dist_05y3oi5z9mc_3._.js:719
[  685979ms] [LOG] [Fast Refresh] done in 21ms @ http://localhost:3000/_next/static/chunks/node_modules_next_dist_05y3oi5z9mc_3._.js:719
[  686056ms] [LOG] [Fast Refresh] done in 21ms @ http://localhost:3000/_next/static/chunks/node_modules_next_dist_05y3oi5z9mc_3._.js:719
[  686136ms] [LOG] [Fast Refresh] done in 21ms @ http://localhost:3000/_next/static/chunks/node_modules_next_dist_05y3oi5z9mc_3._.js:719
[  686218ms] [LOG] [Fast Refresh] done in 21ms @ http://localhost:3000/_next/static/chunks/node_modules_next_dist_05y3oi5z9mc_3._.js:719
[  686300ms] [LOG] [Fast Refresh] done in 21ms @ http://localhost:3000/_next/static/chunks/node_modules_next_dist_05y3oi5z9mc_3._.js:719
[  686382ms] [LOG] [Fast Refresh] done in 21ms @ http://localhost:3000/_next/static/chunks/node_modules_next_dist_05y3oi5z9mc_3._.js:719
[  686462ms] [LOG] [Fast Refresh] done in 21ms @ http://localhost:3000/_next/static/chunks/node_modules_next_dist_05y3oi5z9mc_3._.js:719
[  686542ms] [LOG] [Fast Refresh] done in 21ms @ http://localhost:3000/_next/static/chunks/node_modules_next_dist_05y3oi5z9mc_3._.js:719
[  686625ms] [LOG] [Fast Refresh] done in 21ms @ http://localhost:3000/_next/static/chunks/node_modules_next_dist_05y3oi5z9mc_3._.js:719
[  686707ms] [LOG] [Fast Refresh] done in 21ms @ http://localhost:3000/_next/static/chunks/node_modules_next_dist_05y3oi5z9mc_3._.js:719
[  686789ms] [LOG] [Fast Refresh] done in 21ms @ http://localhost:3000/_next/static/chunks/node_modules_next_dist_05y3oi5z9mc_3._.js:719
[  686864ms] [LOG] [Fast Refresh] done in 21ms @ http://localhost:3000/_next/static/chunks/node_modules_next_dist_05y3oi5z9mc_3._.js:719
[  686941ms] [LOG] [Fast Refresh] done in 21ms @ http://localhost:3000/_next/static/chunks/node_modules_next_dist_05y3oi5z9mc_3._.js:719
[  687021ms] [LOG] [Fast Refresh] done in 21ms @ http://localhost:3000/_next/static/chunks/node_modules_next_dist_05y3oi5z9mc_3._.js:719
[  687104ms] [LOG] [Fast Refresh] done in 21ms @ http://localhost:3000/_next/static/chunks/node_modules_next_dist_05y3oi5z9mc_3._.js:719
[  687186ms] [LOG] [Fast Refresh] done in 21ms @ http://localhost:3000/_next/static/chunks/node_modules_next_dist_05y3oi5z9mc_3._.js:719
[  687272ms] [LOG] [Fast Refresh] done in 21ms @ http://localhost:3000/_next/static/chunks/node_modules_next_dist_05y3oi5z9mc_3._.js:719
[  687354ms] [LOG] [Fast Refresh] done in 21ms @ http://localhost:3000/_next/static/chunks/node_modules_next_dist_05y3oi5z9mc_3._.js:719
[  687434ms] [LOG] [Fast Refresh] done in 21ms @ http://localhost:3000/_next/static/chunks/node_modules_next_dist_05y3oi5z9mc_3._.js:719
[  687513ms] [LOG] [Fast Refresh] done in 21ms @ http://localhost:3000/_next/static/chunks/node_modules_next_dist_05y3oi5z9mc_3._.js:719
[  687596ms] [LOG] [Fast Refresh] done in 21ms @ http://localhost:3000/_next/static/chunks/node_modules_next_dist_05y3oi5z9mc_3._.js:719
[  687679ms] [LOG] [Fast Refresh] done in 21ms @ http://localhost:3000/_next/static/chunks/node_modules_next_dist_05y3oi5z9mc_3._.js:719
[  687761ms] [LOG] [Fast Refresh] done in 21ms @ http://localhost:3000/_next/static/chunks/node_modules_next_dist_05y3oi5z9mc_3._.js:719
[  687841ms] [LOG] [Fast Refresh] done in 21ms @ http://localhost:3000/_next/static/chunks/node_modules_next_dist_05y3oi5z9mc_3._.js:719
[  687922ms] [LOG] [Fast Refresh] done in 21ms @ http://localhost:3000/_next/static/chunks/node_modules_next_dist_05y3oi5z9mc_3._.js:719
[  688004ms] [LOG] [Fast Refresh] done in 21ms @ http://localhost:3000/_next/static/chunks/node_modules_next_dist_05y3oi5z9mc_3._.js:719
[  688085ms] [LOG] [Fast Refresh] done in 21ms @ http://localhost:3000/_next/static/chunks/node_modules_next_dist_05y3oi5z9mc_3._.js:719
[  688167ms] [LOG] [Fast Refresh] done in 21ms @ http://localhost:3000/_next/static/chunks/node_modules_next_dist_05y3oi5z9mc_3._.js:719
[  688248ms] [LOG] [Fast Refresh] done in 21ms @ http://localhost:3000/_next/static/chunks/node_modules_next_dist_05y3oi5z9mc_3._.js:719
[  688332ms] [LOG] [Fast Refresh] done in 21ms @ http://localhost:3000/_next/static/chunks/node_modules_next_dist_05y3oi5z9mc_3._.js:719
[  688416ms] [LOG] [Fast Refresh] done in 21ms @ http://localhost:3000/_next/static/chunks/node_modules_next_dist_05y3oi5z9mc_3._.js:719
[  688497ms] [LOG] [Fast Refresh] done in 21ms @ http://localhost:3000/_next/static/chunks/node_modules_next_dist_05y3oi5z9mc_3._.js:719
[  688579ms] [LOG] [Fast Refresh] done in 21ms @ http://localhost:3000/_next/static/chunks/node_modules_next_dist_05y3oi5z9mc_3._.js:719
[  688659ms] [LOG] [Fast Refresh] done in 21ms @ http://localhost:3000/_next/static/chunks/node_modules_next_dist_05y3oi5z9mc_3._.js:719
[  688742ms] [LOG] [Fast Refresh] done in 21ms @ http://localhost:3000/_next/static/chunks/node_modules_next_dist_05y3oi5z9mc_3._.js:719
[  688824ms] [LOG] [Fast Refresh] done in 21ms @ http://localhost:3000/_next/static/chunks/node_modules_next_dist_05y3oi5z9mc_3._.js:719
[  688905ms] [LOG] [Fast Refresh] done in 21ms @ http://localhost:3000/_next/static/chunks/node_modules_next_dist_05y3oi5z9mc_3._.js:719
[  688987ms] [LOG] [Fast Refresh] done in 21ms @ http://localhost:3000/_next/static/chunks/node_modules_next_dist_05y3oi5z9mc_3._.js:719
[  689071ms] [LOG] [Fast Refresh] done in 21ms @ http://localhost:3000/_next/static/chunks/node_modules_next_dist_05y3oi5z9mc_3._.js:719
[  689153ms] [LOG] [Fast Refresh] done in 21ms @ http://localhost:3000/_next/static/chunks/node_modules_next_dist_05y3oi5z9mc_3._.js:719
[  689234ms] [LOG] [Fast Refresh] done in 21ms @ http://localhost:3000/_next/static/chunks/node_modules_next_dist_05y3oi5z9mc_3._.js:719
[  689317ms] [LOG] [Fast Refresh] done in 21ms @ http://localhost:3000/_next/static/chunks/node_modules_next_dist_05y3oi5z9mc_3._.js:719
[  689398ms] [LOG] [Fast Refresh] done in 21ms @ http://localhost:3000/_next/static/chunks/node_modules_next_dist_05y3oi5z9mc_3._.js:719
[  689477ms] [LOG] [Fast Refresh] done in 21ms @ http://localhost:3000/_next/static/chunks/node_modules_next_dist_05y3oi5z9mc_3._.js:719
[  689557ms] [LOG] [Fast Refresh] done in 21ms @ http://localhost:3000/_next/static/chunks/node_modules_next_dist_05y3oi5z9mc_3._.js:719
[  689639ms] [LOG] [Fast Refresh] done in 21ms @ http://localhost:3000/_next/static/chunks/node_modules_next_dist_05y3oi5z9mc_3._.js:719
[  689722ms] [LOG] [Fast Refresh] done in 21ms @ http://localhost:3000/_next/static/chunks/node_modules_next_dist_05y3oi5z9mc_3._.js:719
[  689804ms] [LOG] [Fast Refresh] done in 21ms @ http://localhost:3000/_next/static/chunks/node_modules_next_dist_05y3oi5z9mc_3._.js:719
[  689884ms] [LOG] [Fast Refresh] done in 21ms @ http://localhost:3000/_next/static/chunks/node_modules_next_dist_05y3oi5z9mc_3._.js:719
[  689964ms] [LOG] [Fast Refresh] done in 21ms @ http://localhost:3000/_next/static/chunks/node_modules_next_dist_05y3oi5z9mc_3._.js:719
[  690045ms] [LOG] [Fast Refresh] done in 21ms @ http://localhost:3000/_next/static/chunks/node_modules_next_dist_05y3oi5z9mc_3._.js:719
[  690126ms] [LOG] [Fast Refresh] done in 21ms @ http://localhost:3000/_next/static/chunks/node_modules_next_dist_05y3oi5z9mc_3._.js:719
[  690206ms] [LOG] [Fast Refresh] done in 21ms @ http://localhost:3000/_next/static/chunks/node_modules_next_dist_05y3oi5z9mc_3._.js:719
[  690288ms] [LOG] [Fast Refresh] done in 21ms @ http://localhost:3000/_next/static/chunks/node_modules_next_dist_05y3oi5z9mc_3._.js:719
[  690371ms] [LOG] [Fast Refresh] done in 21ms @ http://localhost:3000/_next/static/chunks/node_modules_next_dist_05y3oi5z9mc_3._.js:719
[  690454ms] [LOG] [Fast Refresh] done in 21ms @ http://localhost:3000/_next/static/chunks/node_modules_next_dist_05y3oi5z9mc_3._.js:719
[  690537ms] [LOG] [Fast Refresh] done in 21ms @ http://localhost:3000/_next/static/chunks/node_modules_next_dist_05y3oi5z9mc_3._.js:719
[  690612ms] [LOG] [Fast Refresh] done in 21ms @ http://localhost:3000/_next/static/chunks/node_modules_next_dist_05y3oi5z9mc_3._.js:719
[  690681ms] [LOG] [Fast Refresh] done in 21ms @ http://localhost:3000/_next/static/chunks/node_modules_next_dist_05y3oi5z9mc_3._.js:719
[  690751ms] [LOG] [Fast Refresh] done in 21ms @ http://localhost:3000/_next/static/chunks/node_modules_next_dist_05y3oi5z9mc_3._.js:719
[  690818ms] [LOG] [Fast Refresh] done in 21ms @ http://localhost:3000/_next/static/chunks/node_modules_next_dist_05y3oi5z9mc_3._.js:719
[  690887ms] [LOG] [Fast Refresh] done in 21ms @ http://localhost:3000/_next/static/chunks/node_modules_next_dist_05y3oi5z9mc_3._.js:719
[  690957ms] [LOG] [Fast Refresh] done in 21ms @ http://localhost:3000/_next/static/chunks/node_modules_next_dist_05y3oi5z9mc_3._.js:719
[  691026ms] [LOG] [Fast Refresh] done in 21ms @ http://localhost:3000/_next/static/chunks/node_modules_next_dist_05y3oi5z9mc_3._.js:719
[  691094ms] [LOG] [Fast Refresh] done in 21ms @ http://localhost:3000/_next/static/chunks/node_modules_next_dist_05y3oi5z9mc_3._.js:719
[  691165ms] [LOG] [Fast Refresh] done in 21ms @ http://localhost:3000/_next/static/chunks/node_modules_next_dist_05y3oi5z9mc_3._.js:719
[  691236ms] [LOG] [Fast Refresh] done in 21ms @ http://localhost:3000/_next/static/chunks/node_modules_next_dist_05y3oi5z9mc_3._.js:719
[  691304ms] [LOG] [Fast Refresh] done in 21ms @ http://localhost:3000/_next/static/chunks/node_modules_next_dist_05y3oi5z9mc_3._.js:719
[  691375ms] [LOG] [Fast Refresh] done in 21ms @ http://localhost:3000/_next/static/chunks/node_modules_next_dist_05y3oi5z9mc_3._.js:719
[  691448ms] [LOG] [Fast Refresh] done in 21ms @ http://localhost:3000/_next/static/chunks/node_modules_next_dist_05y3oi5z9mc_3._.js:719
[  691522ms] [LOG] [Fast Refresh] done in 21ms @ http://localhost:3000/_next/static/chunks/node_modules_next_dist_05y3oi5z9mc_3._.js:719
[  691598ms] [LOG] [Fast Refresh] done in 21ms @ http://localhost:3000/_next/static/chunks/node_modules_next_dist_05y3oi5z9mc_3._.js:719
[  691670ms] [LOG] [Fast Refresh] done in 21ms @ http://localhost:3000/_next/static/chunks/node_modules_next_dist_05y3oi5z9mc_3._.js:719
[  691744ms] [LOG] [Fast Refresh] done in 21ms @ http://localhost:3000/_next/static/chunks/node_modules_next_dist_05y3oi5z9mc_3._.js:719
[  691828ms] [LOG] [Fast Refresh] done in 21ms @ http://localhost:3000/_next/static/chunks/node_modules_next_dist_05y3oi5z9mc_3._.js:719
[  691910ms] [LOG] [Fast Refresh] done in 21ms @ http://localhost:3000/_next/static/chunks/node_modules_next_dist_05y3oi5z9mc_3._.js:719
[  691992ms] [LOG] [Fast Refresh] done in 21ms @ http://localhost:3000/_next/static/chunks/node_modules_next_dist_05y3oi5z9mc_3._.js:719
[  692074ms] [LOG] [Fast Refresh] done in 21ms @ http://localhost:3000/_next/static/chunks/node_modules_next_dist_05y3oi5z9mc_3._.js:719
[  692155ms] [LOG] [Fast Refresh] done in 21ms @ http://localhost:3000/_next/static/chunks/node_modules_next_dist_05y3oi5z9mc_3._.js:719
[  692236ms] [LOG] [Fast Refresh] done in 21ms @ http://localhost:3000/_next/static/chunks/node_modules_next_dist_05y3oi5z9mc_3._.js:719
[  692320ms] [LOG] [Fast Refresh] done in 21ms @ http://localhost:3000/_next/static/chunks/node_modules_next_dist_05y3oi5z9mc_3._.js:719
[  692401ms] [LOG] [Fast Refresh] done in 21ms @ http://localhost:3000/_next/static/chunks/node_modules_next_dist_05y3oi5z9mc_3._.js:719
[  692474ms] [LOG] [Fast Refresh] done in 21ms @ http://localhost:3000/_next/static/chunks/node_modules_next_dist_05y3oi5z9mc_3._.js:719
[  692545ms] [LOG] [Fast Refresh] done in 21ms @ http://localhost:3000/_next/static/chunks/node_modules_next_dist_05y3oi5z9mc_3._.js:719
[  692619ms] [LOG] [Fast Refresh] done in 21ms @ http://localhost:3000/_next/static/chunks/node_modules_next_dist_05y3oi5z9mc_3._.js:719
[  692696ms] [LOG] [Fast Refresh] done in 21ms @ http://localhost:3000/_next/static/chunks/node_modules_next_dist_05y3oi5z9mc_3._.js:719
[  692776ms] [LOG] [Fast Refresh] done in 21ms @ http://localhost:3000/_next/static/chunks/node_modules_next_dist_05y3oi5z9mc_3._.js:719
[  692855ms] [LOG] [Fast Refresh] done in 21ms @ http://localhost:3000/_next/static/chunks/node_modules_next_dist_05y3oi5z9mc_3._.js:719
[  692932ms] [LOG] [Fast Refresh] done in 21ms @ http://localhost:3000/_next/static/chunks/node_modules_next_dist_05y3oi5z9mc_3._.js:719
[  693011ms] [LOG] [Fast Refresh] done in 21ms @ http://localhost:3000/_next/static/chunks/node_modules_next_dist_05y3oi5z9mc_3._.js:719
[  693091ms] [LOG] [Fast Refresh] done in 21ms @ http://localhost:3000/_next/static/chunks/node_modules_next_dist_05y3oi5z9mc_3._.js:719
[  693173ms] [LOG] [Fast Refresh] done in 21ms @ http://localhost:3000/_next/static/chunks/node_modules_next_dist_05y3oi5z9mc_3._.js:719
[  693256ms] [LOG] [Fast Refresh] done in 21ms @ http://localhost:3000/_next/static/chunks/node_modules_next_dist_05y3oi5z9mc_3._.js:719
[  693338ms] [LOG] [Fast Refresh] done in 21ms @ http://localhost:3000/_next/static/chunks/node_modules_next_dist_05y3oi5z9mc_3._.js:719
[  693422ms] [LOG] [Fast Refresh] done in 21ms @ http://localhost:3000/_next/static/chunks/node_modules_next_dist_05y3oi5z9mc_3._.js:719
[  693503ms] [LOG] [Fast Refresh] done in 21ms @ http://localhost:3000/_next/static/chunks/node_modules_next_dist_05y3oi5z9mc_3._.js:719
[  693586ms] [LOG] [Fast Refresh] done in 21ms @ http://localhost:3000/_next/static/chunks/node_modules_next_dist_05y3oi5z9mc_3._.js:719
[  693669ms] [LOG] [Fast Refresh] done in 21ms @ http://localhost:3000/_next/static/chunks/node_modules_next_dist_05y3oi5z9mc_3._.js:719
[  693751ms] [LOG] [Fast Refresh] done in 21ms @ http://localhost:3000/_next/static/chunks/node_modules_next_dist_05y3oi5z9mc_3._.js:719
[  693832ms] [LOG] [Fast Refresh] done in 21ms @ http://localhost:3000/_next/static/chunks/node_modules_next_dist_05y3oi5z9mc_3._.js:719
[  693911ms] [LOG] [Fast Refresh] done in 21ms @ http://localhost:3000/_next/static/chunks/node_modules_next_dist_05y3oi5z9mc_3._.js:719
[  693992ms] [LOG] [Fast Refresh] done in 21ms @ http://localhost:3000/_next/static/chunks/node_modules_next_dist_05y3oi5z9mc_3._.js:719
[  694072ms] [LOG] [Fast Refresh] done in 21ms @ http://localhost:3000/_next/static/chunks/node_modules_next_dist_05y3oi5z9mc_3._.js:719
[  694153ms] [LOG] [Fast Refresh] done in 21ms @ http://localhost:3000/_next/static/chunks/node_modules_next_dist_05y3oi5z9mc_3._.js:719
[  694237ms] [LOG] [Fast Refresh] done in 21ms @ http://localhost:3000/_next/static/chunks/node_modules_next_dist_05y3oi5z9mc_3._.js:719
[  694310ms] [LOG] [Fast Refresh] done in 21ms @ http://localhost:3000/_next/static/chunks/node_modules_next_dist_05y3oi5z9mc_3._.js:719
[  694381ms] [LOG] [Fast Refresh] done in 21ms @ http://localhost:3000/_next/static/chunks/node_modules_next_dist_05y3oi5z9mc_3._.js:719
[  694454ms] [LOG] [Fast Refresh] done in 21ms @ http://localhost:3000/_next/static/chunks/node_modules_next_dist_05y3oi5z9mc_3._.js:719
[  694530ms] [LOG] [Fast Refresh] done in 21ms @ http://localhost:3000/_next/static/chunks/node_modules_next_dist_05y3oi5z9mc_3._.js:719
[  694607ms] [LOG] [Fast Refresh] done in 21ms @ http://localhost:3000/_next/static/chunks/node_modules_next_dist_05y3oi5z9mc_3._.js:719
[  694688ms] [LOG] [Fast Refresh] done in 21ms @ http://localhost:3000/_next/static/chunks/node_modules_next_dist_05y3oi5z9mc_3._.js:719
[  694773ms] [LOG] [Fast Refresh] done in 21ms @ http://localhost:3000/_next/static/chunks/node_modules_next_dist_05y3oi5z9mc_3._.js:719
[  694853ms] [LOG] [Fast Refresh] done in 21ms @ http://localhost:3000/_next/static/chunks/node_modules_next_dist_05y3oi5z9mc_3._.js:719
[  694933ms] [LOG] [Fast Refresh] done in 21ms @ http://localhost:3000/_next/static/chunks/node_modules_next_dist_05y3oi5z9mc_3._.js:719
[  695016ms] [LOG] [Fast Refresh] done in 21ms @ http://localhost:3000/_next/static/chunks/node_modules_next_dist_05y3oi5z9mc_3._.js:719
[  695096ms] [LOG] [Fast Refresh] done in 21ms @ http://localhost:3000/_next/static/chunks/node_modules_next_dist_05y3oi5z9mc_3._.js:719
[  695179ms] [LOG] [Fast Refresh] done in 21ms @ http://localhost:3000/_next/static/chunks/node_modules_next_dist_05y3oi5z9mc_3._.js:719
[  695261ms] [LOG] [Fast Refresh] done in 21ms @ http://localhost:3000/_next/static/chunks/node_modules_next_dist_05y3oi5z9mc_3._.js:719
[  695344ms] [LOG] [Fast Refresh] done in 21ms @ http://localhost:3000/_next/static/chunks/node_modules_next_dist_05y3oi5z9mc_3._.js:719
[  695426ms] [LOG] [Fast Refresh] done in 21ms @ http://localhost:3000/_next/static/chunks/node_modules_next_dist_05y3oi5z9mc_3._.js:719
[  695501ms] [LOG] [Fast Refresh] done in 21ms @ http://localhost:3000/_next/static/chunks/node_modules_next_dist_05y3oi5z9mc_3._.js:719
[  695580ms] [LOG] [Fast Refresh] done in 21ms @ http://localhost:3000/_next/static/chunks/node_modules_next_dist_05y3oi5z9mc_3._.js:719
[  695661ms] [LOG] [Fast Refresh] done in 21ms @ http://localhost:3000/_next/static/chunks/node_modules_next_dist_05y3oi5z9mc_3._.js:719
[  695741ms] [LOG] [Fast Refresh] done in 21ms @ http://localhost:3000/_next/static/chunks/node_modules_next_dist_05y3oi5z9mc_3._.js:719
[  695820ms] [LOG] [Fast Refresh] done in 21ms @ http://localhost:3000/_next/static/chunks/node_modules_next_dist_05y3oi5z9mc_3._.js:719
[  695898ms] [LOG] [Fast Refresh] done in 21ms @ http://localhost:3000/_next/static/chunks/node_modules_next_dist_05y3oi5z9mc_3._.js:719
[  695977ms] [LOG] [Fast Refresh] done in 21ms @ http://localhost:3000/_next/static/chunks/node_modules_next_dist_05y3oi5z9mc_3._.js:719
[  696055ms] [LOG] [Fast Refresh] done in 21ms @ http://localhost:3000/_next/static/chunks/node_modules_next_dist_05y3oi5z9mc_3._.js:719
[  696131ms] [LOG] [Fast Refresh] done in 21ms @ http://localhost:3000/_next/static/chunks/node_modules_next_dist_05y3oi5z9mc_3._.js:719
[  696209ms] [LOG] [Fast Refresh] done in 21ms @ http://localhost:3000/_next/static/chunks/node_modules_next_dist_05y3oi5z9mc_3._.js:719
[  696287ms] [LOG] [Fast Refresh] done in 21ms @ http://localhost:3000/_next/static/chunks/node_modules_next_dist_05y3oi5z9mc_3._.js:719
[  696366ms] [LOG] [Fast Refresh] done in 21ms @ http://localhost:3000/_next/static/chunks/node_modules_next_dist_05y3oi5z9mc_3._.js:719
[  696448ms] [LOG] [Fast Refresh] done in 21ms @ http://localhost:3000/_next/static/chunks/node_modules_next_dist_05y3oi5z9mc_3._.js:719
[  696525ms] [LOG] [Fast Refresh] done in 21ms @ http://localhost:3000/_next/static/chunks/node_modules_next_dist_05y3oi5z9mc_3._.js:719
[  696605ms] [LOG] [Fast Refresh] done in 21ms @ http://localhost:3000/_next/static/chunks/node_modules_next_dist_05y3oi5z9mc_3._.js:719
[  696686ms] [LOG] [Fast Refresh] done in 21ms @ http://localhost:3000/_next/static/chunks/node_modules_next_dist_05y3oi5z9mc_3._.js:719
[  696770ms] [LOG] [Fast Refresh] done in 21ms @ http://localhost:3000/_next/static/chunks/node_modules_next_dist_05y3oi5z9mc_3._.js:719
[  696849ms] [LOG] [Fast Refresh] done in 21ms @ http://localhost:3000/_next/static/chunks/node_modules_next_dist_05y3oi5z9mc_3._.js:719
[  696928ms] [LOG] [Fast Refresh] done in 21ms @ http://localhost:3000/_next/static/chunks/node_modules_next_dist_05y3oi5z9mc_3._.js:719
[  697009ms] [LOG] [Fast Refresh] done in 21ms @ http://localhost:3000/_next/static/chunks/node_modules_next_dist_05y3oi5z9mc_3._.js:719
[  697091ms] [LOG] [Fast Refresh] done in 21ms @ http://localhost:3000/_next/static/chunks/node_modules_next_dist_05y3oi5z9mc_3._.js:719
[  697173ms] [LOG] [Fast Refresh] done in 21ms @ http://localhost:3000/_next/static/chunks/node_modules_next_dist_05y3oi5z9mc_3._.js:719
[  697255ms] [LOG] [Fast Refresh] done in 21ms @ http://localhost:3000/_next/static/chunks/node_modules_next_dist_05y3oi5z9mc_3._.js:719
[  697336ms] [LOG] [Fast Refresh] done in 21ms @ http://localhost:3000/_next/static/chunks/node_modules_next_dist_05y3oi5z9mc_3._.js:719
[  697419ms] [LOG] [Fast Refresh] done in 21ms @ http://localhost:3000/_next/static/chunks/node_modules_next_dist_05y3oi5z9mc_3._.js:719
[  697500ms] [LOG] [Fast Refresh] done in 21ms @ http://localhost:3000/_next/static/chunks/node_modules_next_dist_05y3oi5z9mc_3._.js:719
[  697580ms] [LOG] [Fast Refresh] done in 21ms @ http://localhost:3000/_next/static/chunks/node_modules_next_dist_05y3oi5z9mc_3._.js:719
[  697662ms] [LOG] [Fast Refresh] done in 21ms @ http://localhost:3000/_next/static/chunks/node_modules_next_dist_05y3oi5z9mc_3._.js:719
[  697744ms] [LOG] [Fast Refresh] done in 21ms @ http://localhost:3000/_next/static/chunks/node_modules_next_dist_05y3oi5z9mc_3._.js:719
[  697826ms] [LOG] [Fast Refresh] done in 21ms @ http://localhost:3000/_next/static/chunks/node_modules_next_dist_05y3oi5z9mc_3._.js:719
[  697908ms] [LOG] [Fast Refresh] done in 21ms @ http://localhost:3000/_next/static/chunks/node_modules_next_dist_05y3oi5z9mc_3._.js:719
[  697992ms] [LOG] [Fast Refresh] done in 21ms @ http://localhost:3000/_next/static/chunks/node_modules_next_dist_05y3oi5z9mc_3._.js:719
[  698072ms] [LOG] [Fast Refresh] done in 21ms @ http://localhost:3000/_next/static/chunks/node_modules_next_dist_05y3oi5z9mc_3._.js:719
[  698155ms] [LOG] [Fast Refresh] done in 21ms @ http://localhost:3000/_next/static/chunks/node_modules_next_dist_05y3oi5z9mc_3._.js:719
[  698232ms] [LOG] [Fast Refresh] done in 21ms @ http://localhost:3000/_next/static/chunks/node_modules_next_dist_05y3oi5z9mc_3._.js:719
[  698314ms] [LOG] [Fast Refresh] done in 21ms @ http://localhost:3000/_next/static/chunks/node_modules_next_dist_05y3oi5z9mc_3._.js:719
[  698389ms] [LOG] [Fast Refresh] done in 21ms @ http://localhost:3000/_next/static/chunks/node_modules_next_dist_05y3oi5z9mc_3._.js:719
[  698468ms] [LOG] [Fast Refresh] done in 21ms @ http://localhost:3000/_next/static/chunks/node_modules_next_dist_05y3oi5z9mc_3._.js:719
[  698551ms] [LOG] [Fast Refresh] done in 21ms @ http://localhost:3000/_next/static/chunks/node_modules_next_dist_05y3oi5z9mc_3._.js:719
[  698633ms] [LOG] [Fast Refresh] done in 21ms @ http://localhost:3000/_next/static/chunks/node_modules_next_dist_05y3oi5z9mc_3._.js:719
[  698716ms] [LOG] [Fast Refresh] done in 21ms @ http://localhost:3000/_next/static/chunks/node_modules_next_dist_05y3oi5z9mc_3._.js:719
[  698797ms] [LOG] [Fast Refresh] done in 21ms @ http://localhost:3000/_next/static/chunks/node_modules_next_dist_05y3oi5z9mc_3._.js:719
[  698875ms] [LOG] [Fast Refresh] done in 21ms @ http://localhost:3000/_next/static/chunks/node_modules_next_dist_05y3oi5z9mc_3._.js:719
[  698952ms] [LOG] [Fast Refresh] done in 21ms @ http://localhost:3000/_next/static/chunks/node_modules_next_dist_05y3oi5z9mc_3._.js:719
[  699026ms] [LOG] [Fast Refresh] done in 21ms @ http://localhost:3000/_next/static/chunks/node_modules_next_dist_05y3oi5z9mc_3._.js:719
[  699102ms] [LOG] [Fast Refresh] done in 21ms @ http://localhost:3000/_next/static/chunks/node_modules_next_dist_05y3oi5z9mc_3._.js:719
[  699181ms] [LOG] [Fast Refresh] done in 21ms @ http://localhost:3000/_next/static/chunks/node_modules_next_dist_05y3oi5z9mc_3._.js:719
[  699262ms] [LOG] [Fast Refresh] done in 21ms @ http://localhost:3000/_next/static/chunks/node_modules_next_dist_05y3oi5z9mc_3._.js:719
[  699342ms] [LOG] [Fast Refresh] done in 21ms @ http://localhost:3000/_next/static/chunks/node_modules_next_dist_05y3oi5z9mc_3._.js:719
[  699421ms] [LOG] [Fast Refresh] done in 21ms @ http://localhost:3000/_next/static/chunks/node_modules_next_dist_05y3oi5z9mc_3._.js:719
[  699502ms] [LOG] [Fast Refresh] done in 21ms @ http://localhost:3000/_next/static/chunks/node_modules_next_dist_05y3oi5z9mc_3._.js:719
[  699580ms] [LOG] [Fast Refresh] done in 21ms @ http://localhost:3000/_next/static/chunks/node_modules_next_dist_05y3oi5z9mc_3._.js:719
[  699660ms] [LOG] [Fast Refresh] done in 21ms @ http://localhost:3000/_next/static/chunks/node_modules_next_dist_05y3oi5z9mc_3._.js:719
[  699742ms] [LOG] [Fast Refresh] done in 21ms @ http://localhost:3000/_next/static/chunks/node_modules_next_dist_05y3oi5z9mc_3._.js:719
[  699822ms] [LOG] [Fast Refresh] done in 21ms @ http://localhost:3000/_next/static/chunks/node_modules_next_dist_05y3oi5z9mc_3._.js:719
[  699902ms] [LOG] [Fast Refresh] done in 21ms @ http://localhost:3000/_next/static/chunks/node_modules_next_dist_05y3oi5z9mc_3._.js:719
[  699985ms] [LOG] [Fast Refresh] done in 21ms @ http://localhost:3000/_next/static/chunks/node_modules_next_dist_05y3oi5z9mc_3._.js:719
[  700066ms] [LOG] [Fast Refresh] done in 21ms @ http://localhost:3000/_next/static/chunks/node_modules_next_dist_05y3oi5z9mc_3._.js:719
[  700147ms] [LOG] [Fast Refresh] done in 21ms @ http://localhost:3000/_next/static/chunks/node_modules_next_dist_05y3oi5z9mc_3._.js:719
[  700228ms] [LOG] [Fast Refresh] done in 21ms @ http://localhost:3000/_next/static/chunks/node_modules_next_dist_05y3oi5z9mc_3._.js:719
[  700310ms] [LOG] [Fast Refresh] done in 21ms @ http://localhost:3000/_next/static/chunks/node_modules_next_dist_05y3oi5z9mc_3._.js:719
[  700392ms] [LOG] [Fast Refresh] done in 21ms @ http://localhost:3000/_next/static/chunks/node_modules_next_dist_05y3oi5z9mc_3._.js:719
[  700474ms] [LOG] [Fast Refresh] done in 21ms @ http://localhost:3000/_next/static/chunks/node_modules_next_dist_05y3oi5z9mc_3._.js:719
[  700558ms] [LOG] [Fast Refresh] done in 21ms @ http://localhost:3000/_next/static/chunks/node_modules_next_dist_05y3oi5z9mc_3._.js:719
[  700639ms] [LOG] [Fast Refresh] done in 21ms @ http://localhost:3000/_next/static/chunks/node_modules_next_dist_05y3oi5z9mc_3._.js:719
[  700720ms] [LOG] [Fast Refresh] done in 21ms @ http://localhost:3000/_next/static/chunks/node_modules_next_dist_05y3oi5z9mc_3._.js:719
[  700799ms] [LOG] [Fast Refresh] done in 21ms @ http://localhost:3000/_next/static/chunks/node_modules_next_dist_05y3oi5z9mc_3._.js:719
[  700875ms] [LOG] [Fast Refresh] done in 21ms @ http://localhost:3000/_next/static/chunks/node_modules_next_dist_05y3oi5z9mc_3._.js:719
[  700955ms] [LOG] [Fast Refresh] done in 21ms @ http://localhost:3000/_next/static/chunks/node_modules_next_dist_05y3oi5z9mc_3._.js:719
[  701037ms] [LOG] [Fast Refresh] done in 21ms @ http://localhost:3000/_next/static/chunks/node_modules_next_dist_05y3oi5z9mc_3._.js:719
[  701122ms] [LOG] [Fast Refresh] done in 21ms @ http://localhost:3000/_next/static/chunks/node_modules_next_dist_05y3oi5z9mc_3._.js:719
[  701201ms] [LOG] [Fast Refresh] done in 21ms @ http://localhost:3000/_next/static/chunks/node_modules_next_dist_05y3oi5z9mc_3._.js:719
[  701280ms] [LOG] [Fast Refresh] done in 21ms @ http://localhost:3000/_next/static/chunks/node_modules_next_dist_05y3oi5z9mc_3._.js:719
[  701359ms] [LOG] [Fast Refresh] done in 21ms @ http://localhost:3000/_next/static/chunks/node_modules_next_dist_05y3oi5z9mc_3._.js:719
[  701436ms] [LOG] [Fast Refresh] done in 21ms @ http://localhost:3000/_next/static/chunks/node_modules_next_dist_05y3oi5z9mc_3._.js:719
[  701503ms] [LOG] [Fast Refresh] done in 21ms @ http://localhost:3000/_next/static/chunks/node_modules_next_dist_05y3oi5z9mc_3._.js:719
[  701571ms] [LOG] [Fast Refresh] done in 21ms @ http://localhost:3000/_next/static/chunks/node_modules_next_dist_05y3oi5z9mc_3._.js:719
[  701646ms] [LOG] [Fast Refresh] done in 21ms @ http://localhost:3000/_next/static/chunks/node_modules_next_dist_05y3oi5z9mc_3._.js:719
[  701727ms] [LOG] [Fast Refresh] done in 21ms @ http://localhost:3000/_next/static/chunks/node_modules_next_dist_05y3oi5z9mc_3._.js:719
[  701804ms] [LOG] [Fast Refresh] done in 21ms @ http://localhost:3000/_next/static/chunks/node_modules_next_dist_05y3oi5z9mc_3._.js:719
[  701886ms] [LOG] [Fast Refresh] done in 21ms @ http://localhost:3000/_next/static/chunks/node_modules_next_dist_05y3oi5z9mc_3._.js:719
[  701961ms] [LOG] [Fast Refresh] done in 21ms @ http://localhost:3000/_next/static/chunks/node_modules_next_dist_05y3oi5z9mc_3._.js:719
[  702038ms] [LOG] [Fast Refresh] done in 21ms @ http://localhost:3000/_next/static/chunks/node_modules_next_dist_05y3oi5z9mc_3._.js:719
[  702118ms] [LOG] [Fast Refresh] done in 21ms @ http://localhost:3000/_next/static/chunks/node_modules_next_dist_05y3oi5z9mc_3._.js:719
[  702201ms] [LOG] [Fast Refresh] done in 21ms @ http://localhost:3000/_next/static/chunks/node_modules_next_dist_05y3oi5z9mc_3._.js:719
[  702277ms] [LOG] [Fast Refresh] done in 21ms @ http://localhost:3000/_next/static/chunks/node_modules_next_dist_05y3oi5z9mc_3._.js:719
[  702357ms] [LOG] [Fast Refresh] done in 21ms @ http://localhost:3000/_next/static/chunks/node_modules_next_dist_05y3oi5z9mc_3._.js:719
[  702491ms] [LOG] [Fast Refresh] done in 21ms @ http://localhost:3000/_next/static/chunks/node_modules_next_dist_05y3oi5z9mc_3._.js:719
[  702561ms] [LOG] [Fast Refresh] done in 21ms @ http://localhost:3000/_next/static/chunks/node_modules_next_dist_05y3oi5z9mc_3._.js:719
[  702629ms] [LOG] [Fast Refresh] done in 21ms @ http://localhost:3000/_next/static/chunks/node_modules_next_dist_05y3oi5z9mc_3._.js:719
[  702703ms] [LOG] [Fast Refresh] done in 21ms @ http://localhost:3000/_next/static/chunks/node_modules_next_dist_05y3oi5z9mc_3._.js:719
[  702779ms] [LOG] [Fast Refresh] done in 21ms @ http://localhost:3000/_next/static/chunks/node_modules_next_dist_05y3oi5z9mc_3._.js:719
[  702857ms] [LOG] [Fast Refresh] done in 21ms @ http://localhost:3000/_next/static/chunks/node_modules_next_dist_05y3oi5z9mc_3._.js:719
[  702936ms] [LOG] [Fast Refresh] done in 21ms @ http://localhost:3000/_next/static/chunks/node_modules_next_dist_05y3oi5z9mc_3._.js:719
[  703015ms] [LOG] [Fast Refresh] done in 21ms @ http://localhost:3000/_next/static/chunks/node_modules_next_dist_05y3oi5z9mc_3._.js:719
[  703096ms] [LOG] [Fast Refresh] done in 21ms @ http://localhost:3000/_next/static/chunks/node_modules_next_dist_05y3oi5z9mc_3._.js:719
[  703178ms] [LOG] [Fast Refresh] done in 21ms @ http://localhost:3000/_next/static/chunks/node_modules_next_dist_05y3oi5z9mc_3._.js:719
[  703261ms] [LOG] [Fast Refresh] done in 21ms @ http://localhost:3000/_next/static/chunks/node_modules_next_dist_05y3oi5z9mc_3._.js:719
[  703344ms] [LOG] [Fast Refresh] done in 21ms @ http://localhost:3000/_next/static/chunks/node_modules_next_dist_05y3oi5z9mc_3._.js:719
[  703426ms] [LOG] [Fast Refresh] done in 21ms @ http://localhost:3000/_next/static/chunks/node_modules_next_dist_05y3oi5z9mc_3._.js:719
[  703507ms] [LOG] [Fast Refresh] done in 21ms @ http://localhost:3000/_next/static/chunks/node_modules_next_dist_05y3oi5z9mc_3._.js:719
[  703586ms] [LOG] [Fast Refresh] done in 21ms @ http://localhost:3000/_next/static/chunks/node_modules_next_dist_05y3oi5z9mc_3._.js:719
[  703655ms] [LOG] [Fast Refresh] done in 21ms @ http://localhost:3000/_next/static/chunks/node_modules_next_dist_05y3oi5z9mc_3._.js:719
[  703742ms] [LOG] [Fast Refresh] done in 21ms @ http://localhost:3000/_next/static/chunks/node_modules_next_dist_05y3oi5z9mc_3._.js:719
[  703825ms] [LOG] [Fast Refresh] done in 21ms @ http://localhost:3000/_next/static/chunks/node_modules_next_dist_05y3oi5z9mc_3._.js:719
[  703893ms] [LOG] [Fast Refresh] done in 21ms @ http://localhost:3000/_next/static/chunks/node_modules_next_dist_05y3oi5z9mc_3._.js:719
[  704021ms] [LOG] [Fast Refresh] done in 21ms @ http://localhost:3000/_next/static/chunks/node_modules_next_dist_05y3oi5z9mc_3._.js:719
[  704097ms] [LOG] [Fast Refresh] done in 21ms @ http://localhost:3000/_next/static/chunks/node_modules_next_dist_05y3oi5z9mc_3._.js:719
[  704183ms] [LOG] [Fast Refresh] done in 21ms @ http://localhost:3000/_next/static/chunks/node_modules_next_dist_05y3oi5z9mc_3._.js:719
[  704259ms] [LOG] [Fast Refresh] done in 21ms @ http://localhost:3000/_next/static/chunks/node_modules_next_dist_05y3oi5z9mc_3._.js:719
[  704326ms] [LOG] [Fast Refresh] done in 21ms @ http://localhost:3000/_next/static/chunks/node_modules_next_dist_05y3oi5z9mc_3._.js:719
